   This run of MOLCAS is using the pymolcas driver

                             OPE
                             OPE          NMOL  CASOP  ENMOLC A   SO
                 OPE        NMOLC        AS  OP EN  MO LC     AS  OP
                OPENM       OL CA        SO  PE NM  OL CA     SOP EN
                OP EN      MO   LC       AS  OP ENMOL  CASO   PENMOL
                OP  EN     MO   LC       AS  OP EN     MO     LC ASO
               OP   E  NMOL  C  AS       OP  EN MO     LC     AS  OP
               OP  E   NMO   LC AS        OPEN  MO     LCASOP EN   M
               O  PEN   MO  LCA  SO
            OPE   NMO   L   CAS    OP
        OPENMOL  CASOP     ENMOL   CASOPE
     OPENMOLCA   SOPENMOLCASOPEN   MOLCASOPE
    OPENMOLCAS   OP           EN   MOL    CAS
    OPENMOLCAS       OP  ENM        O     LCA
    OPENMOLCAS    OPEN  MOLCASO     P  E  NMO
    OPENMOLCAS     OP               E  N  MOL
    OPENMOLCA   SO           PENM   O  L  CAS    OPEN    MO    LCAS
    OPENMOLCA   SOP           ENM   O  L  CAS   OP  EN  MOLC  AS   O
    OPENMOLCA   SOPE           NM      O  LCA   S      OP  EN MO
    OPENMOLC                AS         O  PEN   M      OL  CA  SOPE
    OPENMO        LCASOPE  NMOL        C  ASO   P      ENMOLC     AS
    OPE     NMO      LCA  SO     P     E   NM   OL  CA SO  PE N   MO
          OPENMOLCA            SOPE   NMO        LCAS  O    P  ENMO
     OPENMOLCASOPENMOLCASOPENMOLCASOPENMOLCA
        OPENMOLCASOPENMOLCASOPENMOLCASOPE
            OPENMOLCASOPENMOLCASOPENM
               OPENMOLCASOPENMOLCA        version: 25.06
                   OPENMOLCASO
                       OPE                tag: 15-g7413e49

 OpenMolcas is free software; you can redistribute it and/or modify it
 under the terms of the GNU Lesser General Public License version 2.1.
 OpenMolcas is distributed in the hope that it will be useful, but it
 is provided "as is" and without any express or implied warranties.
 For more details see the full text of the license in the file
 LICENSE or in <http://www.gnu.org/licenses/>.

                 Copyright (C) The OpenMolcas Authors
           For the author list and the recommended citation,
                   consult the file CONTRIBUTORS.md

           *************************************************
           * pymolcas version py2.29                       *
           *   build c0481229b6f3f65ed2c83878be511d3d      *
           *   (after the EMIL interpreter by V. Veryazov) *
           *************************************************

configuration info
------------------
Host name: sr017099 (Linux)
C Compiler ID: GNU
C flags: -std=gnu99 -fopenmp
Fortran Compiler ID: GNU
Fortran flags: -cpp -fdefault-integer-8 -fopenmp
Definitions: _MOLCAS_;_I8_;_LINUX_
Parallel: OFF (GA=OFF)


   --------------------------------------------------------------
  |
  |           Project: d8_oh
  |    Submitted from: /tmp/job_289510
  |      Scratch area: /tmp/job_289510
  |   Save outputs to: WORKDIR
  |            Molcas: /cluster_cti/bin/openmolcas_25.06
  |
  | Scratch area is NOT empty
  |
  |    MOLCAS_DRIVER = /cluster_cti/bin/openmolcas_25.06/pymolcas
  |    MOLCAS_MOLDEN = ON
  |    MOLCAS_NPROCS = 1
  |     MOLCAS_PRINT = 3
  |    MOLCAS_SOURCE = /cluster_cti/bin/openmolcas_25.06
  | MOLCAS_STRUCTURE = 0
  |
   --------------------------------------------------------------

++ ---------   Input file   ---------

&SEWARD
BSSHOW
RELATIVITY=R02O02
Angmom=0.0 0.0 0.0
AMFI

Basis set
Ni.ANO-RCC-VTZP
Ni    0.000000000000      0.000000000000      0.000000000000 angstroms
end of basis

XField
6 angstrom
 4.000000000000      0.000000000000      0.000000000000 -2.0
-4.000000000000      0.000000000000      0.000000000000 -2.0
 0.000000000000      4.000000000000      0.000000000000 -2.0
 0.000000000000     -4.000000000000      0.000000000000 -2.0
 0.000000000000      0.000000000000      4.000000000000 -2.0
 0.000000000000      0.000000000000     -4.000000000000 -2.0

End of input

&SCF
Charge=10
Spin=1
PRORbitals=1 2
End of input

&RASSCF
Spin=3
Symmetry=1
nActEl=8 0 0
Inactive=9
RAS2 =    5
CIRoots=7 7 1
Iter=200 100
LUMORB
ORBListing=all
ORBAppear=compact
PRWF=0
End of input

&LOCALISATION
NFrozen=9
NORbitals=5
CHOLesky
end of input

&RASSCF
cionly
Spin=3
Symmetry=1
nActEl=8 0 0
Inactive=9
RAS2 =    5
CIRoots=7 7 1
Iter=200 100
LUMORB
ORBListing=all
ORBAppear=compact
PRWF=0
End of input

>>> EXPORT MOLCAS_PRINT = 5

&RASSI
NROF=1 all
SPINORBIT
THRS=0
SOCOupling=0
end of input

-- ----------------------------------

--- Start Module: seward at Wed Sep  2 15:02:43 2026 ---

()()()()()()()()()()()()()()()()()()()()()()()()()()()()()()()()()()()()()()()()()()()()()()()()()()

                                              &SEWARD

                                   only a single process is used
                       available to each process: 176 GB of memory, 1 thread
                                             pid: 41438
()()()()()()()()()()()()()()()()()()()()()()()()()()()()()()()()()()()()()()()()()()()()()()()()()()



 Basis Set     1 Label: NI.ANO-RCC-VTZP
 Basis set is read from library:basis_library 
 Basis Set Reference(s):
     B.O. Roos, R. Lindh, P.-A. Malmqvist, V. Veryazov, P.-O. Widmark. J. Phys. Chem. A 109 (2005) 6575-6579. doi:10.1021/jp0581126
     NICKEL (21s,15p,10d,6f,4g,2h) -> [10s,9p,8d,6f,4g,2h]



  Weights used for alignment and distance                     
  mat. size =     1x    1
       57.9353424099999970

               SEWARD will generate:
                  Multipole Moment integrals up to order  2
                  Kinetic Energy integrals
                  Nuclear Attraction integrals (point charge)
                  One-Electron Hamiltonian integrals
                  Velocity integrals
                  Relativistic Douglas-Kroll-Hess integrals:
                    - Parametrization         : OPT
                    - DKH order of Hamiltonian: 2
                    - DKH order of Properties : 2
                         - multipole moment operators
                         - electric potential operators
                         - contact operators
                  External field from     6 point(s) added to the one-electron Hamiltonian
                  Orbital angular momentum around (  0.0000   0.0000   0.0000 )
                  Velocity quadrupole around (  0.0000   0.0000   0.0000 )
                  Atomic mean-field integrals
                  Two-Electron Repulsion integrals

                   Integrals are discarded if absolute value <: 1.00E-14
                   Integral cutoff threshold is set to       <: 1.00E-16

++    Symmetry information:
      ---------------------

                    Character Table for C1 

                             E  
                    a        1  x, y, xy, Rz, z, xz, Ry, yz, Rx, I
--


++    Basis set information:
      ----------------------


      Basis set label: NI.ANO-RCC...6S5P3D2F1G.

      Electronic valence basis set:
      ------------------
      Associated Effective Charge  28.000000 au
      Associated Actual Charge     28.000000 au
      Nuclear Model: Point charge

      Shell  nPrim  nBasis  Cartesian Spherical Contaminant
         s      21       6        X                  
         p      15       5        X                  
         d      10       3                 X         
         f       6       2                 X         
         g       4       1                 X         

       Label   Cartesian Coordinates / bohr

 NI                 0.0000000000        0.0000000000        0.0000000000
--


++    Molecular structure info:
      -------------------------

                    ************************************************ 
                    **** Cartesian Coordinates / bohr, angstrom **** 
                    ************************************************ 

     Center  Label                x              y              z                     x              y              z
        1      NI               0.000000       0.000000       0.000000              0.000000       0.000000       0.000000
--


++    Isotope specification:
      ----------------------

 Center
 Type   Z    A    mass (Da)
 --------------------------
    1  28   58    57.935342
--


++    Rigid rotor info:
      -----------------


                    Total mass (a) :  57.93534

                    Center of mass 
                          X          Y   
                       0.00000    0.00000    0.00000

                    Reference system based on center of mass
                    Coordinates and Masses of Atoms, in au and A
                          X          Y          Z        Mass
                       0.00000    0.00000    0.00000   57.93534

--


++    Primitive basis info:
      ---------------------


                    *****************************************************
                    ******** Primitive Basis Functions (Valence) ********
                    *****************************************************


 Basis set:NI.ANO-RCC...6S5P3D2F1G.                                                        

                  Type         
                   s
           No.      Exponent    Contraction Coefficients
            1  5.048010000E+06   0.000165  -0.000051   0.000019  -0.000004   0.000005  -0.000016
            2  7.559181000E+05   0.000475  -0.000148   0.000056  -0.000011   0.000014  -0.000047
            3  1.720262000E+05   0.001296  -0.000405   0.000152  -0.000031   0.000038  -0.000128
            4  4.872457000E+04   0.003316  -0.001041   0.000390  -0.000080   0.000098  -0.000330
            5  1.589489000E+04   0.008485  -0.002679   0.001004  -0.000205   0.000250  -0.000845
            6  5.737468000E+03   0.021814  -0.006970   0.002620  -0.000535   0.000662  -0.002229
            7  2.237051000E+03   0.055141  -0.018061   0.006796  -0.001390   0.001688  -0.005707
            8  9.270302000E+02   0.128486  -0.044357   0.016843  -0.003444   0.004287  -0.014447
            9  4.033461000E+02   0.251354  -0.097025   0.037235  -0.007633   0.009213  -0.031334
           10  1.824282000E+02   0.353993  -0.171588   0.068187  -0.014016   0.017743  -0.060180
           11  8.458917000E+01   0.270872  -0.186071   0.077249  -0.016012   0.018638  -0.064928
           12  3.842293000E+01   0.065403   0.060521  -0.027666   0.005836  -0.004722   0.024989
           13  1.846879000E+01  -0.001122   0.526219  -0.323419   0.070361  -0.094823   0.327292
           14  8.868190000E+00   0.001814   0.489163  -0.449158   0.103023  -0.129130   0.588309
           15  3.918870000E+00  -0.000837   0.084519   0.169810  -0.048771   0.088427  -1.003899
           16  1.839853000E+00   0.000360  -0.001921   0.724251  -0.215274   0.355891  -0.955300
           17  8.046630000E-01  -0.000139   0.001966   0.372973  -0.220489   0.043644   1.442502
           18  1.698460000E-01   0.000055  -0.000399   0.018398   0.311192  -0.773829   0.481492
           19  7.937000000E-02  -0.000051   0.000408  -0.007050   0.480661  -0.485403  -0.594284
           20  3.470000000E-02   0.000025  -0.000183   0.004986   0.349971   0.688619  -1.004802
           21  1.388000000E-02  -0.000007   0.000054  -0.000879   0.015652   0.633150   1.178164

                  Type         
                   p
           No.      Exponent    Contraction Coefficients
           22  9.148796000E+03   0.000377  -0.000139   0.000047  -0.000148   0.000121
           23  2.167171000E+03   0.002014  -0.000745   0.000255  -0.000811   0.000668
           24  7.033857000E+02   0.009669  -0.003605   0.001223  -0.003813   0.003113
           25  2.681342000E+02   0.037218  -0.014037   0.004827  -0.015467   0.012876
           26  1.130078000E+02   0.113272  -0.044121   0.015053  -0.047269   0.039271
           27  5.091339000E+01   0.253930  -0.102915   0.035987  -0.118277   0.101860
           28  2.387740000E+01   0.381777  -0.165336   0.056590  -0.171466   0.133424
           29  1.148924000E+01   0.305451  -0.110564   0.041161  -0.156021   0.127294
           30  5.436884000E+00   0.085594   0.193756  -0.107860   0.601096  -0.806142
           31  2.533837000E+00   0.003751   0.480740  -0.207630   0.603177   0.022660
           32  1.135309000E+00   0.001479   0.397705  -0.081922  -0.736920   1.056085
           33  4.678910000E-01  -0.000244   0.097211   0.157493  -0.566398  -0.454721
           34  1.871560000E-01   0.000210  -0.001192   0.523661   0.183552  -0.836502
           35  7.486200000E-02  -0.000090   0.002244   0.386765   0.354624   0.450242
           36  2.994500000E-02   0.000028  -0.000710   0.089855   0.159979   0.575275

                  Type         
                   d
           No.      Exponent    Contraction Coefficients
           37  2.588667000E+02   0.001022  -0.001201   0.001512
           38  7.749604000E+01   0.008373  -0.009649   0.012750
           39  2.958972000E+01   0.037666  -0.044762   0.058427
           40  1.251527000E+01   0.113854  -0.131918   0.169586
           41  5.624468000E+00   0.232767  -0.311204   0.440938
           42  2.551303000E+00   0.319662  -0.301075  -0.043762
           43  1.128060000E+00   0.314554   0.090420  -0.643374
           44  4.753730000E-01   0.240441   0.448738  -0.126571
           45  1.821280000E-01   0.115303   0.373705   0.457417
           46  7.285100000E-02   0.019661   0.110577   0.385219

                  Type         
                   f
           No.      Exponent    Contraction Coefficients
           47  1.421560000E+01   0.034499  -0.051786
           48  5.634500000E+00   0.243539  -0.510702
           49  2.233300000E+00   0.500598  -0.312504
           50  8.852000000E-01   0.359398   0.506453
           51  3.509000000E-01   0.149989   0.390820
           52  1.391000000E-01   0.028802   0.122315

                  Type         
                   g
           No.      Exponent    Contraction Coefficients
           53  8.039900000E+00   0.165218
           54  3.160100000E+00   0.596693
           55  1.242100000E+00   0.386066
           56  4.882000000E-01   0.119064

  Number of primitives                                  194
  Number of basis functions                              59

--


++    Operator info:
      --------------


  External field specification in au
  ==================================
      x           y           z           Z         my(x)       my(y)       my(z)                                                                        
  7.558905    0.000000    0.000000   -2.000000    0.000000    0.000000    0.000000
 -7.558905    0.000000    0.000000   -2.000000    0.000000    0.000000    0.000000
  0.000000    7.558905    0.000000   -2.000000    0.000000    0.000000    0.000000
  0.000000   -7.558905    0.000000   -2.000000    0.000000    0.000000    0.000000
  0.000000    0.000000    7.558905   -2.000000    0.000000    0.000000    0.000000
  0.000000    0.000000   -7.558905   -2.000000    0.000000    0.000000    0.000000

  Net charge from external field:   -12.000000000000000     
--


++    SO/AO info:
      -----------

                    **************************************************
                    ********** Petite list Basis Functions ***********
                    **************************************************


           Basis functions generated by E  

 Basis Label        Type   Center
    1  NI            1s       1
    2  NI            2s       1
    3  NI            3s       1
    4  NI            4s       1
    5  NI            5s       1
    6  NI            6s       1
    7  NI            2px      1
    8  NI            3px      1
    9  NI            4px      1
   10  NI            5px      1
   11  NI            6px      1
   12  NI            2py      1
   13  NI            3py      1
   14  NI            4py      1
   15  NI            5py      1
   16  NI            6py      1
   17  NI            2pz      1
   18  NI            3pz      1
   19  NI            4pz      1
   20  NI            5pz      1
   21  NI            6pz      1
   22  NI            3d2-     1
   23  NI            4d2-     1
   24  NI            5d2-     1
   25  NI            3d1-     1
   26  NI            4d1-     1
   27  NI            5d1-     1
   28  NI            3d0      1
   29  NI            4d0      1
   30  NI            5d0      1
   31  NI            3d1+     1
   32  NI            4d1+     1
   33  NI            5d1+     1
   34  NI            3d2+     1
   35  NI            4d2+     1
   36  NI            5d2+     1
   37  NI            4f3-     1
   38  NI            5f3-     1
   39  NI            4f2-     1
   40  NI            5f2-     1
   41  NI            4f1-     1
   42  NI            5f1-     1
   43  NI            4f0      1
   44  NI            5f0      1
   45  NI            4f1+     1
   46  NI            5f1+     1
   47  NI            4f2+     1
   48  NI            5f2+     1
   49  NI            4f3+     1
   50  NI            5f3+     1
   51  NI            5g4-     1
   52  NI            5g3-     1
   53  NI            5g2-     1
   54  NI            5g1-     1
   55  NI            5g0      1
   56  NI            5g1+     1
   57  NI            5g2+     1
   58  NI            5g3+     1
   59  NI            5g4+     1

      Basis set specifications :
      Symmetry species        a  
      Basis functions          59
--


            Nuclear Potential Energy              0.00000000 au

                    Nuclear-External Field Potential Energy     -44.45088569 au
                    External Field Potential Energy               5.28398334 au 


            Total Nuclear Potential Energy            -44.45088569 au


      Basis set specifications :
      Symmetry species         a  
      Basis functions           59

  SO-integrals were calculated for Ni: [Ar]4s^2 3d^8             

  SEWARD will use a sorting area of        8192 Words(Real) in the first phase (=   1 bins).
  SEWARD will use a sorting area of     3132900 Words(Real) in the second phase.


 Integrals are written in MOLCAS2 format
 Packing accuracy = 0.1000E-13
 Highest disk address written     12356
 Diagonal and subdiagonal, symmetry allowed 2-el integral blocks are stored on Disk

      Input file to MOLDEN was generated!

++ I/O STATISTICS
 
  I. General I/O information
  - - - - - - - - - - - - - - - - - - - - - - - - - - - - - - - - - - - - - - - - - - -
  Unit  Name          Flsize      Write/Read            MBytes           Write/Read
                      (MBytes)       Calls              In/Out           Time, sec.
  - - - - - - - - - - - - - - - - - - - - - - - - - - - - - - - - - - - - - - - - - - -
   1  RUNFILE           0.21 .    2367/   10132 .     16.6/     74.1 .       0/       0
   2  NQGRID            0.00 .       4/       0 .      0.0/      0.0 .       0/       0
   3  ONEREL            4.96 .      52/     509 .     40.1/     75.1 .       0/       0
   4  ONEINT            1.80 .      90/     118 .     62.8/    105.7 .       0/       0
   5  ORDINT            6.03 .     519/      53 .     17.0/     13.2 .       0/       0
   6  TEMP01            1.88 .     477/      15 .      3.7/      1.9 .       0/       0
  - - - - - - - - - - - - - - - - - - - - - - - - - - - - - - - - - - - - - - - - - - -
   *  TOTAL            14.89 .    3509/   10827 .    140.1/    270.1 .       0/       0
  - - - - - - - - - - - - - - - - - - - - - - - - - - - - - - - - - - - - - - - - - - -
 
  II. I/O Access Patterns
  - - - - - - - - - - - - - - - - - - - -
  Unit  Name               % of random
                         Write/Read calls
  - - - - - - - - - - - - - - - - - - - -
   1  RUNFILE             28.5/   9.6
   2  NQGRID              25.0/   0.0
   3  ONEREL              96.2/  12.8
   4  ONEINT              97.8/  52.5
   5  ORDINT               9.4/  45.3
   6  TEMP01               3.1/ 100.0
  - - - - - - - - - - - - - - - - - - - -
--
 ###############################################################################
 ###############################################################################
 ###                                                                         ###
 ###                                                                         ###
 ###    WARNING: RunFile label nBas                                          ###
 ###    was used       51 times                                              ###
 ###                                                                         ###
 ###                                                                         ###
 ###############################################################################
 ###############################################################################
--- Stop Module: seward at Wed Sep  2 15:03:01 2026 /rc=_RC_ALL_IS_WELL_ ---
--- Module seward spent 17 seconds ---

*** symbolic link created: INPORB -> d8_oh.GssOrb
--- Start Module: scf at Wed Sep  2 15:03:01 2026 ---

()()()()()()()()()()()()()()()()()()()()()()()()()()()()()()()()()()()()()()()()()()()()()()()()()()

                                                &SCF

                                   only a single process is used
                       available to each process: 176 GB of memory, 1 thread
                                             pid: 41448
()()()()()()()()()()()()()()()()()()()()()()()()()()()()()()()()()()()()()()()()()()()()()()()()()()

++    Input section:
      --------------

      Header of the integral files:
      
       Integrals generated by Gateway/Seward, Wed Sep  2 15:02:44 2026


      Cartesian coordinates in angstrom:
      -----------------------------------------------------
      No.  Label        X            Y            Z        
      -----------------------------------------------------
       1   NI         0.00000000   0.00000000   0.00000000
      -----------------------------------------------------
      Nuclear repulsion energy =  -44.45088569
--

++    Orbital specifications:
      -----------------------

      Symmetry species               1
                                     a
      Frozen orbitals                0
      Aufbau                         9
      Start temperature = 0.500
      End temperature   = 0.010
      Temperature Factor= 0.460
      Deleted orbitals               0
      Total number of orbitals      59
      Number of basis functions     59
--

      Molecular charge                          10.000

++    Optimization specifications:
      ----------------------------

      SCF Algorithm: Conventional
      Minimized density differences are used
      Number of density matrices in core                 5
      Maximum number of NDDO SCF iterations            400
      Maximum number of HF SCF iterations              400
      Threshold for SCF energy change             1.00E-09
      Threshold for density matrix                1.00E-04
      Threshold for Fock matrix                   1.50E-04
      Threshold for linear dependence             1.00E-09
      Threshold at which DIIS is turned on        1.50E-01
      Maximum depth in the DIIS procedure                5
      Maximum depth in the BFGS Hessian update          30
      Threshold at which QNR/C2DIIS is turned on  7.50E-02
      Threshold for Norm(delta) (QNR/C2DIIS)      1.00E-03
      All orbitals punched on: SCFORB
--

      Input vectors read from INPORB
      Orbital file label: *Guess orbitals


++ Convergence information
                                   SCF        iterations: Energy and convergence statistics

Iter     Tot. SCF        One-elec.       Two-elec.     Energy      Max Dij or  Max Fij      DNorm      TNorm      AccCon     Time
         Energy          Energy          Energy        Change      Delta Norm                                                in Sec.

 The total and one-electron energies are shifted by a value of      1000. a.u.

   1  -493.568396951  -817.462083181   368.344571916   0.00E+00    3.38E-01*   1.61E+00*    5.83E+00   1.82E+02   None         0.
   2  -498.139137890  -845.668838160   391.980585956  -4.57E+00*   1.97E-02*   2.31E-01*    1.51E+00   1.87E+02   EDIIS        0.
   3  -498.172676004  -844.077370831   390.355580513  -3.35E-02*   1.43E-03*   1.55E-02*    7.67E-02   1.87E+02   EDIIS        0.
   4  -498.172732206  -844.184686937   390.462840417  -5.62E-05*   7.90E-05    1.01E-03*    1.76E-03   1.87E+02   EDIIS        0.
   5  -498.172732418  -844.178470691   390.456623959  -2.12E-07*   5.96E-06    6.09E-05     3.76E-05   1.87E+02   EDIIS        0.
   6  -498.172732419  -844.178880489   390.457033756  -8.16E-10    2.85E-07    3.96E-06     3.69E-06   1.87E+02   EDIIS        0.

       Convergence after   6 Iterations
--

 *****************************************************************************************************************************
 *                                                                                                                           *
 *                                             SCF/KS-DFT Program, Final results                                             *
 *                                                                                                                           *
 *                                                                                                                           *
 *                                                                                                                           *
 *                                                       Final Results                                                       *
 *                                                                                                                           *
 *****************************************************************************************************************************

 ###############################################################################
 ###############################################################################
 ###                                                                         ###
 ###                                                                         ###
 ###    WARNING: Warning:                                                    ###
 ###     The program may have converged to a solution                        ###
 ###    with partial occupation numbers!                                     ###
 ###                                                                         ###
 ###                                                                         ###
 ###############################################################################
 ###############################################################################
::    Total SCF energy                              -1498.1727324190
      One-electron energy                           -1844.1788804894
      Two-electron energy                             390.4570337561
      Nuclear repulsion energy                        -44.4508856857
      Kinetic energy (interpolated)                  1556.6117091100
      Virial theorem                                    0.9624575761
      Total spin, S(S+1)                                0.0000000000
      Total spin, S                                     0.0000000000
      Max non-diagonal density matrix element           0.0000002852
      Max non-diagonal Fock matrix element              0.0000039559


      All orbitals with orbital energies smaller than  E(LUMO)+0.5 are printed

++    Molecular orbitals:
      -------------------

      Title: SCF orbitals

      Molecular orbitals for symmetry species 1: a  


      Basis set list:
        1 NI     1s                 13 NI     3py                25 NI     3d1-               37 NI     4f3-               49 NI     4f3+   
        2 NI     2s                 14 NI     4py                26 NI     4d1-               38 NI     5f3-               50 NI     5f3+   
        3 NI     3s                 15 NI     5py                27 NI     5d1-               39 NI     4f2-               51 NI     5g4-   
        4 NI     4s                 16 NI     6py                28 NI     3d0                40 NI     5f2-               52 NI     5g3-   
        5 NI     5s                 17 NI     2pz                29 NI     4d0                41 NI     4f1-               53 NI     5g2-   
        6 NI     6s                 18 NI     3pz                30 NI     5d0                42 NI     5f1-               54 NI     5g1-   
        7 NI     2px                19 NI     4pz                31 NI     3d1+               43 NI     4f0                55 NI     5g0    
        8 NI     3px                20 NI     5pz                32 NI     4d1+               44 NI     5f0                56 NI     5g1+   
        9 NI     4px                21 NI     6pz                33 NI     5d1+               45 NI     4f1+               57 NI     5g2+   
       10 NI     5px                22 NI     3d2-               34 NI     3d2+               46 NI     5f1+               58 NI     5g3+   
       11 NI     6px                23 NI     4d2-               35 NI     4d2+               47 NI     4f2+               59 NI     5g4+   
       12 NI     2py                24 NI     5d2-               36 NI     5d2+               48 NI     5f2+   


  Index Energy  Occupation Coefficients ...

    1 -317.0592    2.0000          1 NI     1s     ( 1.000),                                                                                                                        

    2  -47.1417    2.0000          2 NI     2s     ( 1.000),                                                                                                                        

    3  -41.5914    2.0000         17 NI     2pz    ( 0.991),                                                                                                                        

    4  -41.5914    2.0000         12 NI     2py    ( 0.953),                                                                                                                        

    5  -41.5914    2.0000          7 NI     2px    ( 0.945),                                                                                                                        

    6  -12.0358    2.0000          3 NI     3s     ( 0.991),                                                                                                                        

    7  -10.2072    2.0000          8 NI     3px    ( 0.685),    13 NI     3py    ( 0.362),    18 NI     3pz    ( 0.602),                                                            

    8  -10.2072    2.0000          8 NI     3px    (-0.453),    13 NI     3py    (-0.415),    18 NI     3pz    ( 0.765),                                                            

    9  -10.2072    2.0000          8 NI     3px    (-0.536),    13 NI     3py    ( 0.812),                                                                                          

   10   -6.5775    0.0000         22 NI     3d2-   (-0.573),    25 NI     3d1-   ( 0.708),                                                                                          

   11   -6.5775    0.0000         22 NI     3d2-   ( 0.709),    25 NI     3d1-   ( 0.573),                                                                                          

   12   -6.5775    0.0000         31 NI     3d1+   ( 0.911),                                                                                                                        

   13   -6.5774    0.0000         28 NI     3d0    ( 0.723),    34 NI     3d2+   (-0.556),                                                                                          

   14   -6.5774    0.0000         28 NI     3d0    ( 0.556),    34 NI     3d2+   ( 0.723),                                                                                          

--


++    Molecular charges:
      ------------------

      Mulliken charges per centre and basis function type
      ---------------------------------------------------

                NI    
      1s       2.0000
      2s       2.0000
      2px      2.0000
      2pz      2.0000
      2py      2.0000
      3s       1.9636
      3px      1.9256
      3pz      1.9256
      3py      1.9256
      4s       0.0086
      3d2+     0.0000
      3d1+     0.0000
      3d0      0.0000
      3d1-     0.0000
      3d2-     0.0000
      4px      0.0245
      4pz      0.0245
      4py      0.0245
      5s       0.0069
      4d2+     0.0000
      4d1+     0.0000
      4d0      0.0000
      4d1-     0.0000
      4d2-     0.0000
      5px      0.0492
      5pz      0.0492
      5py      0.0492
      6s       0.0208
      4f3+     0.0000
      4f2+     0.0000
      4f1+     0.0000
      4f0      0.0000
      4f1-     0.0000
      4f2-     0.0000
      4f3-     0.0000
      5d2+     0.0000
      5d1+     0.0000
      5d0      0.0000
      5d1-     0.0000
      5d2-     0.0000
      6px      0.0008
      6pz      0.0008
      6py      0.0008
      5f3+     0.0000
      5f2+     0.0000
      5f1+     0.0000
      5f0      0.0000
      5f1-     0.0000
      5f2-     0.0000
      5f3-     0.0000
      5g4+     0.0000
      5g3+     0.0000
      5g2+     0.0000
      5g1+     0.0000
      5g0      0.0000
      5g1-     0.0000
      5g2-     0.0000
      5g3-     0.0000
      5g4-     0.0000
      Total   18.0000

      N-E     10.0000

      Total electronic charge=   18.000000

      Total            charge=   10.000000
--


      Input file to MOLDEN was generated!


++    Static properties:
      ------------------


      LoProp Charges per center


                   NI    
      Nuclear     28.0000
      Electronic -18.0000

      Total       10.0000
--


      Expectation values of various operators

++    Molecular properties:
      ---------------------



       0-th cartesian moments: origin at (  0.00000000,  0.00000000,  0.00000000)
      ----------------------------------------------------------------------------
 Total electronic           -18.00000000
 Total nuclear               28.00000000
 Total                       10.00000000


       1-st cartesian moments: origin at (  0.00000000,  0.00000000,  0.00000000)
      ----------------------------------------------------------------------------
 Component                             X               Y               Z
 Total electronic             0.00000000     -0.00000000      0.00000000
 Total nuclear                0.00000000      0.00000000      0.00000000
 Total                        0.00000000     -0.00000000      0.00000000
      ----------------------------------------------------------------------------
      Total                   0.00000000     -0.00000000      0.00000000   debye


       2-nd cartesian moments: origin at (  0.00000000,  0.00000000,  0.00000000)
      ----------------------------------------------------------------------------
 Component                            XX              XY              XZ              YY              YZ              ZZ
 Total electronic            -1.66159686      0.00000000      0.00000000     -1.66159686     -0.00000000     -1.66159686
 Total nuclear                0.00000000      0.00000000      0.00000000      0.00000000      0.00000000      0.00000000
 Total                       -1.66159686      0.00000000      0.00000000     -1.66159686     -0.00000000     -1.66159686



      Cartesian  2-pole moment: origin at (  0.00000000,  0.00000000,  0.00000000)
      ----------------------------------------------------------------------------
 Component                            XX              XY              XZ              YY              YZ              ZZ
 Total electronic             0.00000000      0.00000000      0.00000000      0.00000000     -0.00000000     -0.00000000
 Total nuclear                0.00000000      0.00000000      0.00000000      0.00000000      0.00000000      0.00000000
 Total                        0.00000000      0.00000000      0.00000000      0.00000000     -0.00000000     -0.00000000

--


++ Statistics and timing
   ---------------------

  - - - - - - - - - - - - - - - - - - - - - - - - - - - - - - - - - -
     Part of the program                              CPU    fraction
  - - - - - - - - - - - - - - - - - - - - - - - - - - - - - - - - - -
  1) Input processing                         :      0.02      0.05
  2) Wave function optimization               :      0.17      0.40
    b ) contraction with integrals            :      0.12      0.28
    c ) acceleration of convergence           :      0.00      0.00
          recursive BFGS         (QNR steps)  :      0.00      0.00
    d ) solution to Roothaan-Hall equations   :      0.00      0.00
    e ) rotate MOs C with U       (QNR steps) :      0.00      0.00
          U=exp(kap)                          :      0.00      0.00
    f ) transformation to new reference       :      0.00      0.00
    g ) s-GEK/RVO microiterations             :      0.00      0.00
    h ) transf. Fck Mat. with C  (QNR steps)  :      0.00      0.00
    i ) other calculations                    :      0.00      0.00
  3) Final processing (generation of outputs) :      0.17      0.40

     T O T A L                                :      0.43
  - - - - - - - - - - - - - - - - - - - - - - - - - - - - - - - - - -
--


      Input file to MOLDEN was generated!

++ I/O STATISTICS
 
  I. General I/O information
  - - - - - - - - - - - - - - - - - - - - - - - - - - - - - - - - - - - - - - - - - - -
  Unit  Name          Flsize      Write/Read            MBytes           Write/Read
                      (MBytes)       Calls              In/Out           Time, sec.
  - - - - - - - - - - - - - - - - - - - - - - - - - - - - - - - - - - - - - - - - - - -
   1  RUNFILE           0.32 .     742/    9764 .      5.5/     70.0 .       0/       0
   2  ORDINT            6.03 .       1/     145 .      0.0/     36.0 .       0/       0
   3  DNSMAT            0.01 .       1/       7 .      0.0/      0.1 .       0/       0
   4  DVXCDR            0.01 .       1/       1 .      0.0/      0.0 .       0/       0
   5  TWOHAM            0.01 .       1/       2 .      0.0/      0.0 .       0/       0
   6  GRADIENT          0.00 .       0/       0 .      0.0/      0.0 .       0/       0
   7  SODGRAD           0.00 .       0/       0 .      0.0/      0.0 .       0/       0
   8  SOXVEC            0.00 .       0/       0 .      0.0/      0.0 .       0/       0
   9  SODELTA           0.00 .       0/       0 .      0.0/      0.0 .       0/       0
  10  SOYVEC            0.00 .       0/       0 .      0.0/      0.0 .       0/       0
  11  ONEINT            1.82 .       2/     193 .      1.4/    190.9 .       0/       0
  - - - - - - - - - - - - - - - - - - - - - - - - - - - - - - - - - - - - - - - - - - -
   *  TOTAL             8.21 .     748/   10112 .      7.0/    297.1 .       0/       0
  - - - - - - - - - - - - - - - - - - - - - - - - - - - - - - - - - - - - - - - - - - -
 
  II. I/O Access Patterns
  - - - - - - - - - - - - - - - - - - - -
  Unit  Name               % of random
                         Write/Read calls
  - - - - - - - - - - - - - - - - - - - -
   1  RUNFILE             28.6/  12.0
   2  ORDINT             100.0/   4.1
   3  DNSMAT               0.0/ 100.0
   4  DVXCDR               0.0/ 100.0
   5  TWOHAM               0.0/ 100.0
   6  GRADIENT             0.0/   0.0
   7  SODGRAD              0.0/   0.0
   8  SOXVEC               0.0/   0.0
   9  SODELTA              0.0/   0.0
  10  SOYVEC               0.0/   0.0
  11  ONEINT             100.0/  47.2
  - - - - - - - - - - - - - - - - - - - -
--
 ###############################################################################
 ###############################################################################
 ###                                                                         ###
 ###                                                                         ###
 ###    WARNING: RunFile label nBas                                          ###
 ###    was used       78 times                                              ###
 ###                                                                         ###
 ###                                                                         ###
 ###############################################################################
 ###############################################################################
--- Stop Module: scf at Wed Sep  2 15:03:01 2026 /rc=_RC_ALL_IS_WELL_ ---

*** symbolic link created: INPORB -> d8_oh.ScfOrb
--- Start Module: rasscf at Wed Sep  2 15:03:01 2026 ---

()()()()()()()()()()()()()()()()()()()()()()()()()()()()()()()()()()()()()()()()()()()()()()()()()()

                                              &RASSCF

                                   only a single process is used
                       available to each process: 176 GB of memory, 1 thread
                                             pid: 41451
()()()()()()()()()()()()()()()()()()()()()()()()()()()()()()()()()()()()()()()()()()()()()()()()()()

  Orbital specification was read from input.

      Header of the ONEINT file:
      --------------------------
      
      Integrals generated by Gateway/Seward, Wed Sep  2 15:02:44 2026


      OrdInt status: non-squared


      Cartesian coordinates in angstrom:
      -----------------------------------------------------
      No.  Label        X            Y            Z        
      -----------------------------------------------------
       1   NI         0.00000000   0.00000000   0.00000000
      -----------------------------------------------------
      Nuclear repulsion energy =  -44.45088569

++    Wave function specifications:
      -----------------------------

      Number of closed shell electrons          18
      Number of electrons in active shells       8
      Max number of holes in RAS1 space          0
      Max nr of electrons in RAS3 space          0
      Number of inactive orbitals                9
      Number of active orbitals                  5
      Number of secondary orbitals              45
      Spin quantum number                      1.0
      State symmetry                             1
--

++    Orbital specifications:
      -----------------------

      Symmetry species                           1
                                                 a
      Frozen orbitals                            0
      Inactive orbitals                          9
      Active orbitals                            5
      RAS1 orbitals                              0
      RAS2 orbitals                              5
      RAS3 orbitals                              0
      Secondary orbitals                        45
      Deleted orbitals                           0
      Number of basis functions                 59
--

++    CI expansion specifications:
      ----------------------------

      Number of CSFs                            10
      Number of determinants                    10
      Number of root(s) required                 7
      Root chosen for geometry opt.              7
      CI roots used                              1     2     3     4     5     6     7
      weights                                0.143 0.143 0.143 0.143 0.143 0.143 0.143
      highest root included in the CI            7
      max. size of the explicit Hamiltonian     10
--

++    Optimization specifications:
      ----------------------------

      RASSCF algorithm: Conventional
      Maximum number of macro iterations       200
      Maximum number of SX iterations          100
      Threshold for RASSCF energy            1.000E-08
      Threshold for max MO rotation          1.000E-01
      Threshold for max BLB element          1.000E-04
      Level shift parameter                  5.000E-01
      Make Quasi-Newton update
--

      The MO-coefficients are taken from the file:
      INPORB
      Title: SCF orbitals                                                                  

      Total molecular charge    2.00

      ************************************************************************************************************************
      *                                                                                                                      *
      *                                            Wave function control section                                             *
      *                                                                                                                      *
      ************************************************************************************************************************


                                         RASSCF iterations: Energy and convergence statistics
                                         ----------------------------------------------------

      Iter CI   SX   CI       RASSCF       Energy    max ROT     max BLB   max BLB  Level Ln srch  Step   QN   Walltime
          iter iter root      energy       change     param      element    value   shift minimum  type update hh:mm:ss
 Nr of preliminary CI iterations:   1
      Total energies have been shifted. Add                -1000.00 au
        1   1   10    0  -513.99752277    0.00E+00  -1.71E-01*  12  21 1 -2.31E+00*  1.94   0.00    SX    NO    0:00:00
        2   1   12    0  -520.40426909   -6.41E+00*  1.81E-01*  12  21 1 -9.33E-01*  0.22   0.00    SX    NO    0:00:00
        3   1   11    0  -521.25405631   -8.50E-01*  4.05E-02    6  15 1  3.73E-01*  0.00   0.00    SX    NO    0:00:00
        4   1   12    0  -521.34603911   -9.20E-02*  6.08E-02   12  21 1 -2.25E-01*  0.00   0.00    SX    NO    0:00:00
        5   1   11    0  -521.35164600   -5.61E-03*  2.55E-02   12  21 1  2.07E-01*  0.00   0.52    LS   YES    0:00:00
        6   1   10    0  -521.38705569   -3.54E-02*  2.98E-03    6  15 1  3.59E-02*  0.00   1.14    QN   YES    0:00:00
        7   1    9    0  -521.38769309   -6.37E-04* -5.06E-04   12  21 1 -2.13E-03*  0.00   0.97    QN   YES    0:00:00
        8   1    7    0  -521.38770021   -7.12E-06* -5.17E-05    6  15 1  4.13E-04*  0.00   1.11    QN   YES    0:00:00
        9   1    5    0  -521.38770032   -1.17E-07* -2.09E-06    6  15 1  1.30E-05   0.00   1.02    QN   YES    0:00:00
       10   1    4    0  -521.38770032   -2.31E-10  -3.31E-07   13  22 1 -1.13E-06   0.00   1.06    QN   YES    0:00:00
      Convergence after 10 iterations
       11   1    4    0  -521.38770032   -2.50E-12  -3.31E-07   14  23 1  2.23E-07   0.00   1.06    QN   YES    0:00:00

      ************************************************************************************************************************
                                                      Wave function printout:
                       occupation of active orbitals, and spin coupling of open shells (u,d: Spin up or down)
      ************************************************************************************************************************

      Note: transformation to natural orbitals
      has been made, which may change the order of the CSFs.

      printout of CI-coefficients larger than  0.00 for root  1
      energy=   -1521.388383
      conf/sym  11111     Coeff  Weight
             1  222uu   1.00000 1.00000
             2  22u2u   0.00000 0.00000
             3  22uu2   0.00000 0.00000
             4  2u22u  -0.00000 0.00000
             5  2u2u2   0.00000 0.00000
             6  2uu22  -0.00000 0.00000
             7  u222u   0.00000 0.00000
             8  u22u2  -0.00000 0.00000
             9  u2u22   0.00000 0.00000
            10  uu222   0.00000 0.00000

      printout of CI-coefficients larger than  0.00 for root  2
      energy=   -1521.387814
      conf/sym  11111     Coeff  Weight
             1  222uu   0.00000 0.00000
             2  22u2u  -0.44154 0.19496
             3  22uu2   0.03878 0.00150
             4  2u22u  -0.16317 0.02663
             5  2u2u2   0.74056 0.54843
             6  2uu22   0.00000 0.00000
             7  u222u  -0.24012 0.05766
             8  u22u2   0.41330 0.17082
             9  u2u22   0.00000 0.00000
            10  uu222   0.00000 0.00000

      printout of CI-coefficients larger than  0.00 for root  3
      energy=   -1521.387814
      conf/sym  11111     Coeff  Weight
             1  222uu  -0.00000 0.00000
             2  22u2u   0.35747 0.12778
             3  22uu2  -0.04504 0.00203
             4  2u22u   0.37971 0.14418
             5  2u2u2   0.41869 0.17530
             6  2uu22  -0.00000 0.00000
             7  u222u  -0.52832 0.27913
             8  u22u2  -0.52114 0.27158
             9  u2u22  -0.00000 0.00000
            10  uu222  -0.00000 0.00000

      printout of CI-coefficients larger than  0.00 for root  4
      energy=   -1521.387814
      conf/sym  11111     Coeff  Weight
             1  222uu   0.00000 0.00000
             2  22u2u  -0.76870 0.59090
             3  22uu2   0.28780 0.08283
             4  2u22u   0.18259 0.03334
             5  2u2u2  -0.26855 0.07212
             6  2uu22  -0.00000 0.00000
             7  u222u  -0.21316 0.04544
             8  u22u2  -0.41878 0.17538
             9  u2u22  -0.00000 0.00000
            10  uu222  -0.00000 0.00000

      printout of CI-coefficients larger than  0.00 for root  5
      energy=   -1521.387359
      conf/sym  11111     Coeff  Weight
             1  222uu   0.00000 0.00000
             2  22u2u  -0.01630 0.00027
             3  22uu2  -0.03528 0.00124
             4  2u22u   0.36108 0.13038
             5  2u2u2  -0.08315 0.00691
             6  2uu22  -0.88515 0.78349
             7  u222u  -0.05598 0.00313
             8  u22u2   0.24491 0.05998
             9  u2u22   0.07033 0.00495
            10  uu222   0.09822 0.00965

      printout of CI-coefficients larger than  0.00 for root  6
      energy=   -1521.387359
      conf/sym  11111     Coeff  Weight
             1  222uu   0.00000 0.00000
             2  22u2u   0.05915 0.00350
             3  22uu2   0.01305 0.00017
             4  2u22u  -0.17282 0.02987
             5  2u2u2  -0.18269 0.03337
             6  2uu22  -0.07144 0.00510
             7  u222u  -0.34759 0.12082
             8  u22u2   0.11913 0.01419
             9  u2u22  -0.89047 0.79294
            10  uu222  -0.00615 0.00004

      printout of CI-coefficients larger than  0.00 for root  7
      energy=   -1521.387359
      conf/sym  11111     Coeff  Weight
             1  222uu  -0.00000 0.00000
             2  22u2u   0.11694 0.01367
             3  22uu2   0.42786 0.18307
             4  2u22u   0.02131 0.00045
             5  2u2u2   0.03054 0.00093
             6  2uu22   0.09742 0.00949
             7  u222u   0.02810 0.00079
             8  u22u2   0.05480 0.00300
             9  u2u22  -0.01395 0.00019
            10  uu222   0.88792 0.78839

      Natural orbitals and occupation numbers for root  1
      sym 1:   2.000000   2.000000   2.000000   1.000000   1.000000

      Natural orbitals and occupation numbers for root  2
      sym 1:   2.000000   1.175959   1.824041   1.175959   1.824041

      Natural orbitals and occupation numbers for root  3
      sym 1:   1.078684   2.000000   1.921316   1.921316   1.078684

      Natural orbitals and occupation numbers for root  4
      sym 1:   1.748093   2.000000   1.251907   1.748093   1.251907

      Natural orbitals and occupation numbers for root  5
      sym 1:   1.943023   1.056977   1.056977   1.943023   2.000000

      Natural orbitals and occupation numbers for root  6
      sym 1:   1.056561   1.943439   1.056561   1.943439   2.000000

      Natural orbitals and occupation numbers for root  7
      sym 1:   1.200376   1.200376   1.799624   1.799624   2.000000

      ************************************************************************************************************************
      *                                                                                                                      *
      *                                                    Final results                                                     *
      *                                                                                                                      *
      ************************************************************************************************************************


++    Final optimization conditions:
      ------------------------------

      Average CI energy                           -1521.38770032
      RASSCF energy for state  7                  -1521.38735885
      Super-CI energy                                -0.00000000
      RASSCF energy change                           -0.00000000
      Max change in MO coefficients              -3.167E-07
      Max non-diagonal density matrix element    -3.315E-07
      Maximum BLB matrix element                  2.235E-07
      (orbital pair  14,  23 in symmetry   1)
      Norm of electronic gradient            1.566E-01
--


      Final state energy(ies):
      ------------------------

::    RASSCF root number  1 Total energy:  -1521.38838323
::    RASSCF root number  2 Total energy:  -1521.38781416
::    RASSCF root number  3 Total energy:  -1521.38781416
::    RASSCF root number  4 Total energy:  -1521.38781416
::    RASSCF root number  5 Total energy:  -1521.38735885
::    RASSCF root number  6 Total energy:  -1521.38735885
::    RASSCF root number  7 Total energy:  -1521.38735885

++    Molecular orbitals:
      -------------------

      Pseudonatural active orbitals and approximate occupation numbers


      MOLECULAR ORBITALS FOR SYMMETRY SPECIES 1: a  

      INDEX  ENERGY  OCCUPATION COEFFICIENTS ...
          1 -307.9140    2.0000                                                                                                           
                 1 NI     1s     ( 1.0000)
          2  -37.7493    2.0000                                                                                                           
                 2 NI     2s     ( 1.0000)
          3  -32.2157    2.0000                                                                                                           
                 7 NI     2px    ( 0.1678)  12 NI     2py    ( 0.1455)  17 NI     2pz    ( 0.9750)
          4  -32.2157    2.0000                                                                                                           
                 7 NI     2px    ( 0.2227)  12 NI     2py    ( 0.9579)  17 NI     2pz    (-0.1813)
          5  -32.2157    2.0000                                                                                                           
                 7 NI     2px    ( 0.9603)  12 NI     2py    (-0.2476)  17 NI     2pz    (-0.1283)
          6   -4.1237    2.0000                                                                                                           
                 3 NI     3s     ( 1.0000)
          7   -2.4317    2.0000                                                                                                           
                 8 NI     3px    ( 0.5291)  13 NI     3py    ( 0.2291)  18 NI     3pz    ( 0.8170)
          8   -2.4317    2.0000                                                                                                           
                 8 NI     3px    (-0.7270)  13 NI     3py    (-0.3740)  18 NI     3pz    ( 0.5758)
          9   -2.4317    2.0000                                                                                                           
                 8 NI     3px    (-0.4375)  13 NI     3py    ( 0.8987)
         10    0.3846    1.6003                                                                                                           
                22 NI     3d2-   (-0.5461)  25 NI     3d1-   ( 0.8242)  31 NI     3d1+   ( 0.1256)
         11    0.3846    1.6003                                                                                                           
                22 NI     3d2-   ( 0.8254)  25 NI     3d1-   ( 0.5556)
         12    0.3846    1.6003                                                                                                           
                22 NI     3d2-   ( 0.1173)  31 NI     3d1+   ( 0.9870)
         13    0.3851    1.5996                                                                                                           
                28 NI     3d0    ( 0.9651)  34 NI     3d2+   (-0.2481)
         14    0.3851    1.5996                                                                                                           
                28 NI     3d0    ( 0.2481)  34 NI     3d2+   ( 0.9651)
         15    1.0060    0.0000                                                                                                           
                 4 NI     4s     ( 0.9737)   5 NI     5s     (-0.2272)
         16    1.1901    0.0000                                                                                                           
                 9 NI     4px    ( 0.1237)  19 NI     4pz    ( 0.9665)  20 NI     5pz    ( 0.2019)
         17    1.1901    0.0000                                                                                                           
                 9 NI     4px    ( 0.1743)  14 NI     4py    ( 0.9588)  15 NI     5py    ( 0.2002)
         18    1.1901    0.0000                                                                                                           
                 9 NI     4px    (-0.9508)  10 NI     5px    (-0.1986)  14 NI     4py    ( 0.1740)  19 NI     4pz    ( 0.1241)
      
         19    1.2555    0.0000                                                                                                           
                 4 NI     4s     ( 0.2271)   5 NI     5s     ( 0.9616)   6 NI     6s     ( 0.1538)
         20    1.6932    0.0000                                                                                                           
                23 NI     4d2-   ( 0.8674)  24 NI     5d2-   ( 0.4602)  26 NI     4d1-   (-0.1146)
         21    1.6932    0.0000                                                                                                           
                26 NI     4d1-   ( 0.8581)  27 NI     5d1-   ( 0.4552)  32 NI     4d1+   (-0.1734)
         22    1.6932    0.0000                                                                                                           
                23 NI     4d2-   ( 0.1183)  26 NI     4d1-   ( 0.1604)  32 NI     4d1+   ( 0.8575)  33 NI     5d1+   ( 0.4550)
      
         23    1.7141    0.0000                                                                                                           
                29 NI     4d0    (-0.4761)  30 NI     5d0    (-0.2499)  35 NI     4d2+   ( 0.7429)  36 NI     5d2+   ( 0.3899)
      
         24    1.7141    0.0000                                                                                                           
                29 NI     4d0    ( 0.7429)  30 NI     5d0    ( 0.3899)  35 NI     4d2+   ( 0.4761)  36 NI     5d2+   ( 0.2499)
      
         25    1.7218    0.0000                                                                                                           
                10 NI     5px    ( 0.1425)  11 NI     6px    ( 0.1362)  15 NI     5py    ( 0.1560)  16 NI     6py    ( 0.1491)
                19 NI     4pz    (-0.2030)  20 NI     5pz    ( 0.6741)  21 NI     6pz    ( 0.6442)
         26    1.7218    0.0000                                                                                                           
                14 NI     4py    (-0.2053)  15 NI     5py    ( 0.6816)  16 NI     6py    ( 0.6513)  20 NI     5pz    (-0.1723)
                21 NI     6pz    (-0.1647)
         27    1.7218    0.0000                                                                                                           
                 9 NI     4px    ( 0.2073)  10 NI     5px    (-0.6884)  11 NI     6px    (-0.6579)  15 NI     5py    ( 0.1008)
                20 NI     5pz    ( 0.1223)  21 NI     6pz    ( 0.1168)
         28    2.8787    0.0000                                                                                                           
                 5 NI     5s     (-0.1537)   6 NI     6s     ( 0.9880)
         29    3.2720    0.0000                                                                                                           
                39 NI     4f2-   ( 0.8109)  40 NI     5f2-   ( 0.5852)
         30    3.2737    0.0000                                                                                                           
                37 NI     4f3-   ( 0.1110)  41 NI     4f1-   (-0.1433)  42 NI     5f1-   (-0.1034)  45 NI     4f1+   ( 0.5971)
                46 NI     5f1+   ( 0.4308)  47 NI     4f2+   ( 0.2330)  48 NI     5f2+   ( 0.1681)  49 NI     4f3+   ( 0.4625)
                50 NI     5f3+   ( 0.3337)
         31    3.2737    0.0000                                                                                                           
                37 NI     4f3-   ( 0.3285)  38 NI     5f3-   ( 0.2370)  41 NI     4f1-   (-0.4240)  42 NI     5f1-   (-0.3059)
                45 NI     4f1+   (-0.2317)  46 NI     5f1+   (-0.1672)  47 NI     4f2+   ( 0.5330)  48 NI     5f2+   ( 0.3845)
                49 NI     4f3+   (-0.1795)  50 NI     5f3+   (-0.1295)
         32    3.2737    0.0000                                                                                                           
                37 NI     4f3-   (-0.3556)  38 NI     5f3-   (-0.2565)  41 NI     4f1-   ( 0.4590)  42 NI     5f1-   ( 0.3312)
                47 NI     4f2+   ( 0.5651)  48 NI     5f2+   ( 0.4077)
         33    3.2753    0.0000                                                                                                           
                37 NI     4f3-   (-0.1436)  38 NI     5f3-   (-0.1036)  41 NI     4f1-   (-0.1112)  43 NI     4f0    (-0.1811)
                44 NI     5f0    (-0.1307)  45 NI     4f1+   (-0.4712)  46 NI     5f1+   (-0.3398)  49 NI     4f3+   ( 0.6083)
                50 NI     5f3+   ( 0.4387)
         34    3.2753    0.0000                                                                                                           
                37 NI     4f3-   ( 0.5972)  38 NI     5f3-   ( 0.4308)  41 NI     4f1-   ( 0.4626)  42 NI     5f1-   ( 0.3337)
                43 NI     4f0    ( 0.1925)  44 NI     5f0    ( 0.1389)  45 NI     4f1+   (-0.1370)  49 NI     4f3+   ( 0.1768)
                50 NI     5f3+   ( 0.1275)
         35    3.2753    0.0000                                                                                                           
                37 NI     4f3-   (-0.1839)  38 NI     5f3-   (-0.1326)  41 NI     4f1-   (-0.1424)  42 NI     5f1-   (-0.1027)
                43 NI     4f0    ( 0.7668)  44 NI     5f0    ( 0.5530)
         36    4.8911    0.0000                                                                                                           
                23 NI     4d2-   (-0.4495)  24 NI     5d2-   ( 0.8474)  26 NI     4d1-   ( 0.1296)  27 NI     5d1-   (-0.2443)
      
         37    4.8911    0.0000                                                                                                           
                24 NI     5d2-   ( 0.1454)  26 NI     4d1-   (-0.1777)  27 NI     5d1-   ( 0.3351)  32 NI     4d1+   ( 0.4266)
                33 NI     5d1+   (-0.8044)
         38    4.8911    0.0000                                                                                                           
                23 NI     4d2-   (-0.1077)  24 NI     5d2-   ( 0.2030)  26 NI     4d1-   (-0.4137)  27 NI     5d1-   ( 0.7800)
                32 NI     4d1+   (-0.1918)  33 NI     5d1+   ( 0.3617)
         39    4.9025    0.0000                                                                                                           
                29 NI     4d0    (-0.3816)  30 NI     5d0    ( 0.7272)  35 NI     4d2+   ( 0.2652)  36 NI     5d2+   (-0.5053)
      
         40    4.9025    0.0000                                                                                                           
                29 NI     4d0    (-0.2652)  30 NI     5d0    ( 0.5053)  35 NI     4d2+   (-0.3816)  36 NI     5d2+   ( 0.7272)
      
         41    6.0150    0.0000                                                                                                           
                10 NI     5px    (-0.3929)  11 NI     6px    ( 0.4241)  15 NI     5py    (-0.1439)  16 NI     6py    ( 0.1554)
                20 NI     5pz    (-0.5334)  21 NI     6pz    ( 0.5757)
         42    6.0150    0.0000                                                                                                           
                10 NI     5px    (-0.4139)  11 NI     6px    ( 0.4467)  15 NI     5py    (-0.3569)  16 NI     6py    ( 0.3852)
                20 NI     5pz    ( 0.4011)  21 NI     6pz    (-0.4330)
         43    6.0150    0.0000                                                                                                           
                10 NI     5px    ( 0.3660)  11 NI     6px    (-0.3950)  15 NI     5py    (-0.5581)  16 NI     6py    ( 0.6024)
                20 NI     5pz    (-0.1190)  21 NI     6pz    ( 0.1284)
         44   10.1671    0.0000                                                                                                           
                39 NI     4f2-   (-0.5852)  40 NI     5f2-   ( 0.8109)
         45   10.1677    0.0000                                                                                                           
                37 NI     4f3-   (-0.2787)  38 NI     5f3-   ( 0.3863)  41 NI     4f1-   ( 0.3598)  42 NI     5f1-   (-0.4987)
                45 NI     4f1+   ( 0.1693)  46 NI     5f1+   (-0.2346)  47 NI     4f2+   (-0.2989)  48 NI     5f2+   ( 0.4143)
                49 NI     4f3+   ( 0.1311)  50 NI     5f3+   (-0.1818)
         46   10.1677    0.0000                                                                                                           
                37 NI     4f3-   (-0.2241)  38 NI     5f3-   ( 0.3106)  41 NI     4f1-   ( 0.2893)  42 NI     5f1-   (-0.4010)
                45 NI     4f1+   (-0.1721)  46 NI     5f1+   ( 0.2386)  47 NI     4f2+   ( 0.4012)  48 NI     5f2+   (-0.5561)
                49 NI     4f3+   (-0.1333)  50 NI     5f3+   ( 0.1848)
         47   10.1677    0.0000                                                                                                           
                45 NI     4f1+   (-0.3945)  46 NI     5f1+   ( 0.5469)  47 NI     4f2+   (-0.3033)  48 NI     5f2+   ( 0.4204)
                49 NI     4f3+   (-0.3056)  50 NI     5f3+   ( 0.4236)
         48   10.1683    0.0000                                                                                                           
                43 NI     4f0    (-0.2240)  44 NI     5f0    ( 0.3106)  45 NI     4f1+   ( 0.3305)  46 NI     5f1+   (-0.4582)
                49 NI     4f3+   (-0.4267)  50 NI     5f3+   ( 0.5916)
         49   10.1683    0.0000                                                                                                           
                37 NI     4f3-   (-0.4614)  38 NI     5f3-   ( 0.6397)  41 NI     4f1-   (-0.3574)  42 NI     5f1-   ( 0.4955)
      
         50   10.1683    0.0000                                                                                                           
                43 NI     4f0    (-0.5391)  44 NI     5f0    ( 0.7475)  45 NI     4f1+   (-0.1379)  46 NI     5f1+   ( 0.1912)
                49 NI     4f3+   ( 0.1780)  50 NI     5f3+   (-0.2469)
         51   11.1999    0.0000                                                                                                           
                52 NI     5g3-   ( 0.9310)  54 NI     5g1-   (-0.3519)
         52   11.1999    0.0000                                                                                                           
                53 NI     5g2-   (-0.8983)  56 NI     5g1+   ( 0.1526)  58 NI     5g3+   ( 0.4038)
         53   11.1999    0.0000                                                                                                           
                53 NI     5g2-   ( 0.4363)  56 NI     5g1+   ( 0.3176)  58 NI     5g3+   ( 0.8403)
         54   11.2001    0.0000                                                                                                           
                55 NI     5g0    (-0.6336)  57 NI     5g2+   ( 0.1912)  59 NI     5g4+   ( 0.7497)
         55   11.2001    0.0000                                                                                                           
                55 NI     5g0    ( 0.1234)  57 NI     5g2+   ( 0.9816)  59 NI     5g4+   (-0.1460)
         56   11.2002    0.0000                                                                                                           
                51 NI     5g4-   (-0.1226)  56 NI     5g1+   ( 0.9283)  58 NI     5g3+   (-0.3509)
         57   11.2002    0.0000                                                                                                           
                51 NI     5g4-   (-0.1458)  52 NI     5g3-   ( 0.3497)  54 NI     5g1-   ( 0.9252)
         58   11.2002    0.0000                                                                                                           
                51 NI     5g4-   ( 0.9817)  54 NI     5g1-   ( 0.1379)  56 NI     5g1+   ( 0.1129)
         59   11.2003    0.0000                                                                                                           
                55 NI     5g0    ( 0.7638)  59 NI     5g4+   ( 0.6455)
--

      Von Neumann Entropy (Root   1) =  1.00000


      Mulliken population analysis for root number:  1
      -----------------------------------------------


++    Molecular charges:
      ------------------

      Mulliken charges per centre and basis function type
      ---------------------------------------------------

                NI    
      1s       2.0000
      2s       2.0000
      2px      2.0000
      2pz      2.0000
      2py      2.0000
      3s       1.9999
      3px      1.9999
      3pz      1.9999
      3py      1.9999
      4s       0.0001
      3d2+     0.9930
      3d1+     1.9866
      3d0      0.9930
      3d1-     1.9866
      3d2-     1.9866
      4px      0.0001
      4pz      0.0001
      4py      0.0001
      5s       0.0000
      4d2+     0.0056
      4d1+     0.0107
      4d0      0.0056
      4d1-     0.0107
      4d2-     0.0107
      5px      0.0000
      5pz      0.0000
      5py      0.0000
      6s       0.0000
      4f3+     0.0000
      4f2+     0.0000
      4f1+     0.0000
      4f0      0.0000
      4f1-     0.0000
      4f2-     0.0000
      4f3-     0.0000
      5d2+     0.0014
      5d1+     0.0028
      5d0      0.0014
      5d1-     0.0028
      5d2-     0.0028
      6px      0.0000
      6pz      0.0000
      6py      0.0000
      5f3+     0.0000
      5f2+     0.0000
      5f1+     0.0000
      5f0      0.0000
      5f1-     0.0000
      5f2-     0.0000
      5f3-     0.0000
      5g4+     0.0000
      5g3+     0.0000
      5g2+     0.0000
      5g1+     0.0000
      5g0      0.0000
      5g1-     0.0000
      5g2-     0.0000
      5g3-     0.0000
      5g4-     0.0000
      Total   26.0000

      N-E      2.0000

      Total electronic charge=   26.000000

      Total            charge=    2.000000
--



      Expectation values of various properties for root number:  1
      -----------------------------------------------------------


++    Molecular properties:
      ---------------------



       0-th cartesian moments: origin at (  0.00000000,  0.00000000,  0.00000000)
      ----------------------------------------------------------------------------
 Total electronic           -26.00000000
 Total nuclear               28.00000000
 Total                        2.00000000


       1-st cartesian moments: origin at (  0.00000000,  0.00000000,  0.00000000)
      ----------------------------------------------------------------------------
 Component                             X               Y               Z
 Total electronic             0.00000000     -0.00000000      0.00000000
 Total nuclear                0.00000000      0.00000000      0.00000000
 Total                        0.00000000     -0.00000000      0.00000000
      ----------------------------------------------------------------------------
      Total                   0.00000000     -0.00000000      0.00000000   debye


       2-nd cartesian moments: origin at (  0.00000000,  0.00000000,  0.00000000)
      ----------------------------------------------------------------------------
 Component                            XX              XY              XZ              YY              YZ              ZZ
 Total electronic            -5.14694409     -0.00000000      0.00000000     -5.14694409     -0.00000000     -5.14694409
 Total nuclear                0.00000000      0.00000000      0.00000000      0.00000000      0.00000000      0.00000000
 Total                       -5.14694409     -0.00000000      0.00000000     -5.14694409     -0.00000000     -5.14694409



      Cartesian  2-pole moment: origin at (  0.00000000,  0.00000000,  0.00000000)
      ----------------------------------------------------------------------------
 Component                            XX              XY              XZ              YY              YZ              ZZ
 Total electronic             0.00000000     -0.00000000      0.00000000     -0.00000000     -0.00000000     -0.00000000
 Total nuclear                0.00000000      0.00000000      0.00000000      0.00000000      0.00000000      0.00000000
 Total                        0.00000000     -0.00000000      0.00000000     -0.00000000     -0.00000000     -0.00000000

--


      Spin density matrix for root number:  1
      --------------------------------------


      symmetry species 1


        0.0000000000000000
        0.0000000000000000      0.0000000000000000
       -0.0000000000000000     -0.0000000000000000      0.0000000000000000
       -0.0000000002846660     -0.0000000001035869     -0.0000000001880145      1.0000000000000000
        0.0000000002250297      0.0000000002035450     -0.0000000002379373      0.0000000000000000      1.0000000000000000

      Mulliken spin population analysis for root number:  1
      ---------------------------------------------------


++    Molecular charges:
      ------------------

      Mulliken spin population per centre and basis function type
      ---------------------------------------------------

                NI    
      1s       0.0000
      2s       0.0000
      2px      0.0000
      2pz      0.0000
      2py      0.0000
      3s       0.0000
      3px      0.0000
      3pz      0.0000
      3py      0.0000
      4s       0.0000
      3d2+     0.9930
      3d1+     0.0000
      3d0      0.9930
      3d1-     0.0000
      3d2-     0.0000
      4px      0.0000
      4pz      0.0000
      4py      0.0000
      5s       0.0000
      4d2+     0.0056
      4d1+     0.0000
      4d0      0.0056
      4d1-     0.0000
      4d2-     0.0000
      5px      0.0000
      5pz      0.0000
      5py      0.0000
      6s       0.0000
      4f3+     0.0000
      4f2+     0.0000
      4f1+     0.0000
      4f0      0.0000
      4f1-     0.0000
      4f2-     0.0000
      4f3-     0.0000
      5d2+     0.0014
      5d1+     0.0000
      5d0      0.0014
      5d1-     0.0000
      5d2-     0.0000
      6px      0.0000
      6pz      0.0000
      6py      0.0000
      5f3+     0.0000
      5f2+     0.0000
      5f1+     0.0000
      5f0      0.0000
      5f1-     0.0000
      5f2-     0.0000
      5f3-     0.0000
      5g4+     0.0000
      5g3+     0.0000
      5g2+     0.0000
      5g1+     0.0000
      5g0      0.0000
      5g1-     0.0000
      5g2-     0.0000
      5g3-     0.0000
      5g4-     0.0000
      Total    2.0000

      Total electronic spin=    2.000000
--



      LoProp population analysis for root number:  1
      -----------------------------------------------


++    LoProp analysis:
      ----------------



      Input file to MOLDEN was generated!


++    Static properties:
      ------------------


      LoProp Charges per center


                   NI    
      Nuclear     28.0000
      Electronic -26.0000

      Total        2.0000
--


      Natural Bond Order analysis for root number:  1
--

      Von Neumann Entropy (Root   2) =  1.14332


      Mulliken population analysis for root number:  2
      -----------------------------------------------


++    Molecular charges:
      ------------------

      Mulliken charges per centre and basis function type
      ---------------------------------------------------

                NI    
      1s       2.0000
      2s       2.0000
      2px      2.0000
      2pz      2.0000
      2py      2.0000
      3s       1.9999
      3px      1.9999
      3pz      1.9999
      3py      1.9999
      4s       0.0001
      3d2+     1.7951
      3d1+     1.7431
      3d0      1.1839
      3d1-     1.9755
      3d2-     1.2478
      4px      0.0001
      4pz      0.0001
      4py      0.0001
      5s       0.0000
      4d2+     0.0100
      4d1+     0.0094
      4d0      0.0066
      4d1-     0.0106
      4d2-     0.0067
      5px      0.0000
      5pz      0.0000
      5py      0.0000
      6s       0.0000
      4f3+     0.0000
      4f2+     0.0000
      4f1+     0.0000
      4f0      0.0000
      4f1-     0.0000
      4f2-     0.0000
      4f3-     0.0000
      5d2+     0.0026
      5d1+     0.0024
      5d0      0.0017
      5d1-     0.0028
      5d2-     0.0017
      6px      0.0000
      6pz      0.0000
      6py      0.0000
      5f3+     0.0000
      5f2+     0.0000
      5f1+     0.0000
      5f0      0.0000
      5f1-     0.0000
      5f2-     0.0000
      5f3-     0.0000
      5g4+     0.0000
      5g3+     0.0000
      5g2+     0.0000
      5g1+     0.0000
      5g0      0.0000
      5g1-     0.0000
      5g2-     0.0000
      5g3-     0.0000
      5g4-     0.0000
      Total   26.0000

      N-E      2.0000

      Total electronic charge=   26.000000

      Total            charge=    2.000000
--



      Expectation values of various properties for root number:  2
      -----------------------------------------------------------


++    Molecular properties:
      ---------------------



       0-th cartesian moments: origin at (  0.00000000,  0.00000000,  0.00000000)
      ----------------------------------------------------------------------------
 Total electronic           -26.00000000
 Total nuclear               28.00000000
 Total                        2.00000000


       1-st cartesian moments: origin at (  0.00000000,  0.00000000,  0.00000000)
      ----------------------------------------------------------------------------
 Component                             X               Y               Z
 Total electronic             0.00000000     -0.00000000     -0.00000000
 Total nuclear                0.00000000      0.00000000      0.00000000
 Total                        0.00000000     -0.00000000     -0.00000000
      ----------------------------------------------------------------------------
      Total                   0.00000000     -0.00000000     -0.00000000   debye


       2-nd cartesian moments: origin at (  0.00000000,  0.00000000,  0.00000000)
      ----------------------------------------------------------------------------
 Component                            XX              XY              XZ              YY              YZ              ZZ
 Total electronic            -5.14495517      0.00876227      0.01526269     -5.14526745     -0.07156493     -5.14593293
 Total nuclear                0.00000000      0.00000000      0.00000000      0.00000000      0.00000000      0.00000000
 Total                       -5.14495517      0.00876227      0.01526269     -5.14526745     -0.07156493     -5.14593293



      Cartesian  2-pole moment: origin at (  0.00000000,  0.00000000,  0.00000000)
      ----------------------------------------------------------------------------
 Component                            XX              XY              XZ              YY              YZ              ZZ
 Total electronic             0.00064502      0.01314340      0.02289404      0.00017660     -0.10734740     -0.00082162
 Total nuclear                0.00000000      0.00000000      0.00000000      0.00000000      0.00000000      0.00000000
 Total                        0.00064502      0.01314340      0.02289404      0.00017660     -0.10734740     -0.00082162

--


      Spin density matrix for root number:  2
      --------------------------------------


      symmetry species 1


        0.2284783467468183
       -0.3452598815404226      0.5750606827409326
        0.1220518859333850     -0.1007696472326939      0.1964609705122501
        0.0000000001411583      0.0000000000513177     -0.0000000001114946      0.7207595538802473
        0.0000000000494756      0.0000000000331794     -0.0000000000509110      0.2372083855723050      0.2792404461197537

      Mulliken spin population analysis for root number:  2
      ---------------------------------------------------


++    Molecular charges:
      ------------------

      Mulliken spin population per centre and basis function type
      ---------------------------------------------------

                NI    
      1s       0.0000
      2s       0.0000
      2px      0.0000
      2pz      0.0000
      2py      0.0000
      3s       0.0000
      3px      0.0000
      3pz      0.0000
      3py      0.0000
      4s       0.0000
      3d2+     0.1909
      3d1+     0.2435
      3d0      0.8021
      3d1-     0.0111
      3d2-     0.7387
      4px      0.0000
      4pz      0.0000
      4py      0.0000
      5s       0.0000
      4d2+     0.0011
      4d1+     0.0013
      4d0      0.0045
      4d1-     0.0001
      4d2-     0.0040
      5px      0.0000
      5pz      0.0000
      5py      0.0000
      6s       0.0000
      4f3+     0.0000
      4f2+     0.0000
      4f1+     0.0000
      4f0      0.0000
      4f1-     0.0000
      4f2-     0.0000
      4f3-     0.0000
      5d2+     0.0003
      5d1+     0.0003
      5d0      0.0012
      5d1-     0.0000
      5d2-     0.0010
      6px      0.0000
      6pz      0.0000
      6py      0.0000
      5f3+     0.0000
      5f2+     0.0000
      5f1+     0.0000
      5f0      0.0000
      5f1-     0.0000
      5f2-     0.0000
      5f3-     0.0000
      5g4+     0.0000
      5g3+     0.0000
      5g2+     0.0000
      5g1+     0.0000
      5g0      0.0000
      5g1-     0.0000
      5g2-     0.0000
      5g3-     0.0000
      5g4-     0.0000
      Total    2.0000

      Total electronic spin=    2.000000
--



      LoProp population analysis for root number:  2
      -----------------------------------------------


++    LoProp analysis:
      ----------------



      Input file to MOLDEN was generated!


++    Static properties:
      ------------------


      LoProp Charges per center


                   NI    
      Nuclear     28.0000
      Electronic -26.0000

      Total        2.0000
--


      Natural Bond Order analysis for root number:  2
--

      Von Neumann Entropy (Root   3) =  1.07207


      Mulliken population analysis for root number:  3
      -----------------------------------------------


++    Molecular charges:
      ------------------

      Mulliken charges per centre and basis function type
      ---------------------------------------------------

                NI    
      1s       2.0000
      2s       2.0000
      2px      2.0000
      2pz      2.0000
      2py      2.0000
      3s       1.9999
      3px      1.9999
      3pz      1.9999
      3py      1.9999
      4s       0.0001
      3d2+     1.2448
      3d1+     1.8842
      3d0      1.7342
      3d1-     1.1003
      3d2-     1.9819
      4px      0.0001
      4pz      0.0001
      4py      0.0001
      5s       0.0000
      4d2+     0.0070
      4d1+     0.0101
      4d0      0.0097
      4d1-     0.0059
      4d2-     0.0106
      5px      0.0000
      5pz      0.0000
      5py      0.0000
      6s       0.0000
      4f3+     0.0000
      4f2+     0.0000
      4f1+     0.0000
      4f0      0.0000
      4f1-     0.0000
      4f2-     0.0000
      4f3-     0.0000
      5d2+     0.0018
      5d1+     0.0026
      5d0      0.0025
      5d1-     0.0015
      5d2-     0.0028
      6px      0.0000
      6pz      0.0000
      6py      0.0000
      5f3+     0.0000
      5f2+     0.0000
      5f1+     0.0000
      5f0      0.0000
      5f1-     0.0000
      5f2-     0.0000
      5f3-     0.0000
      5g4+     0.0000
      5g3+     0.0000
      5g2+     0.0000
      5g1+     0.0000
      5g0      0.0000
      5g1-     0.0000
      5g2-     0.0000
      5g3-     0.0000
      5g4-     0.0000
      Total   26.0000

      N-E      2.0000

      Total electronic charge=   26.000000

      Total            charge=    2.000000
--



      Expectation values of various properties for root number:  3
      -----------------------------------------------------------


++    Molecular properties:
      ---------------------



       0-th cartesian moments: origin at (  0.00000000,  0.00000000,  0.00000000)
      ----------------------------------------------------------------------------
 Total electronic           -26.00000000
 Total nuclear               28.00000000
 Total                        2.00000000


       1-st cartesian moments: origin at (  0.00000000,  0.00000000,  0.00000000)
      ----------------------------------------------------------------------------
 Component                             X               Y               Z
 Total electronic             0.00000000     -0.00000000     -0.00000000
 Total nuclear                0.00000000      0.00000000      0.00000000
 Total                        0.00000000     -0.00000000     -0.00000000
      ----------------------------------------------------------------------------
      Total                   0.00000000     -0.00000000     -0.00000000   debye


       2-nd cartesian moments: origin at (  0.00000000,  0.00000000,  0.00000000)
      ----------------------------------------------------------------------------
 Component                            XX              XY              XZ              YY              YZ              ZZ
 Total electronic            -5.14613111     -0.05082891      0.01087088     -5.14507786      0.00369494     -5.14494658
 Total nuclear                0.00000000      0.00000000      0.00000000      0.00000000      0.00000000      0.00000000
 Total                       -5.14613111     -0.05082891      0.01087088     -5.14507786      0.00369494     -5.14494658



      Cartesian  2-pole moment: origin at (  0.00000000,  0.00000000,  0.00000000)
      ----------------------------------------------------------------------------
 Component                            XX              XY              XZ              YY              YZ              ZZ
 Total electronic            -0.00111889     -0.07624336      0.01630632      0.00046098      0.00554241      0.00065790
 Total nuclear                0.00000000      0.00000000      0.00000000      0.00000000      0.00000000      0.00000000
 Total                       -0.00111889     -0.07624336      0.01630632      0.00046098      0.00554241      0.00065790

--


      Spin density matrix for root number:  3
      --------------------------------------


      symmetry species 1


        0.5507082521308972
        0.4188041064744807      0.3194811548101957
       -0.1653836617411549     -0.1168735497477791      0.1298105930589069
       -0.0000000001515971      0.0000000001512186     -0.0000000002947107      0.4489143431652139
        0.0000000003563130     -0.0000000002643007      0.0000000003268977     -0.4182076112701928      0.5510856568347859

      Mulliken spin population analysis for root number:  3
      ---------------------------------------------------


++    Molecular charges:
      ------------------

      Mulliken spin population per centre and basis function type
      ---------------------------------------------------

                NI    
      1s       0.0000
      2s       0.0000
      2px      0.0000
      2pz      0.0000
      2py      0.0000
      3s       0.0000
      3px      0.0000
      3pz      0.0000
      3py      0.0000
      4s       0.0000
      3d2+     0.7412
      3d1+     0.1024
      3d0      0.2518
      3d1-     0.8862
      3d2-     0.0047
      4px      0.0000
      4pz      0.0000
      4py      0.0000
      5s       0.0000
      4d2+     0.0041
      4d1+     0.0005
      4d0      0.0014
      4d1-     0.0048
      4d2-     0.0000
      5px      0.0000
      5pz      0.0000
      5py      0.0000
      6s       0.0000
      4f3+     0.0000
      4f2+     0.0000
      4f1+     0.0000
      4f0      0.0000
      4f1-     0.0000
      4f2-     0.0000
      4f3-     0.0000
      5d2+     0.0011
      5d1+     0.0001
      5d0      0.0004
      5d1-     0.0012
      5d2-     0.0000
      6px      0.0000
      6pz      0.0000
      6py      0.0000
      5f3+     0.0000
      5f2+     0.0000
      5f1+     0.0000
      5f0      0.0000
      5f1-     0.0000
      5f2-     0.0000
      5f3-     0.0000
      5g4+     0.0000
      5g3+     0.0000
      5g2+     0.0000
      5g1+     0.0000
      5g0      0.0000
      5g1-     0.0000
      5g2-     0.0000
      5g3-     0.0000
      5g4-     0.0000
      Total    2.0000

      Total electronic spin=    2.000000
--



      LoProp population analysis for root number:  3
      -----------------------------------------------


++    LoProp analysis:
      ----------------



      Input file to MOLDEN was generated!


++    Static properties:
      ------------------


      LoProp Charges per center


                   NI    
      Nuclear     28.0000
      Electronic -26.0000

      Total        2.0000
--


      Natural Bond Order analysis for root number:  3
--

      Von Neumann Entropy (Root   4) =  1.18564


      Mulliken population analysis for root number:  4
      -----------------------------------------------


++    Molecular charges:
      ------------------

      Mulliken charges per centre and basis function type
      ---------------------------------------------------

                NI    
      1s       2.0000
      2s       2.0000
      2px      2.0000
      2pz      2.0000
      2py      2.0000
      3s       1.9999
      3px      1.9999
      3pz      1.9999
      3py      1.9999
      4s       0.0001
      3d2+     1.4286
      3d1+     1.3391
      3d0      1.5504
      3d1-     1.8906
      3d2-     1.7367
      4px      0.0001
      4pz      0.0001
      4py      0.0001
      5s       0.0000
      4d2+     0.0080
      4d1+     0.0072
      4d0      0.0087
      4d1-     0.0102
      4d2-     0.0093
      5px      0.0000
      5pz      0.0000
      5py      0.0000
      6s       0.0000
      4f3+     0.0000
      4f2+     0.0000
      4f1+     0.0000
      4f0      0.0000
      4f1-     0.0000
      4f2-     0.0000
      4f3-     0.0000
      5d2+     0.0021
      5d1+     0.0019
      5d0      0.0023
      5d1-     0.0026
      5d2-     0.0024
      6px      0.0000
      6pz      0.0000
      6py      0.0000
      5f3+     0.0000
      5f2+     0.0000
      5f1+     0.0000
      5f0      0.0000
      5f1-     0.0000
      5f2-     0.0000
      5f3-     0.0000
      5g4+     0.0000
      5g3+     0.0000
      5g2+     0.0000
      5g1+     0.0000
      5g0      0.0000
      5g1-     0.0000
      5g2-     0.0000
      5g3-     0.0000
      5g4-     0.0000
      Total   26.0000

      N-E      2.0000

      Total electronic charge=   26.000000

      Total            charge=    2.000000
--



      Expectation values of various properties for root number:  4
      -----------------------------------------------------------


++    Molecular properties:
      ---------------------



       0-th cartesian moments: origin at (  0.00000000,  0.00000000,  0.00000000)
      ----------------------------------------------------------------------------
 Total electronic           -26.00000000
 Total nuclear               28.00000000
 Total                        2.00000000


       1-st cartesian moments: origin at (  0.00000000,  0.00000000,  0.00000000)
      ----------------------------------------------------------------------------
 Component                             X               Y               Z
 Total electronic             0.00000000     -0.00000000     -0.00000000
 Total nuclear                0.00000000      0.00000000      0.00000000
 Total                        0.00000000     -0.00000000     -0.00000000
      ----------------------------------------------------------------------------
      Total                   0.00000000     -0.00000000     -0.00000000   debye


       2-nd cartesian moments: origin at (  0.00000000,  0.00000000,  0.00000000)
      ----------------------------------------------------------------------------
 Component                            XX              XY              XZ              YY              YZ              ZZ
 Total electronic            -5.14506927      0.04206664     -0.02613358     -5.14581024      0.06786999     -5.14527604
 Total nuclear                0.00000000      0.00000000      0.00000000      0.00000000      0.00000000      0.00000000
 Total                       -5.14506927      0.04206664     -0.02613358     -5.14581024      0.06786999     -5.14527604



      Cartesian  2-pole moment: origin at (  0.00000000,  0.00000000,  0.00000000)
      ----------------------------------------------------------------------------
 Component                            XX              XY              XZ              YY              YZ              ZZ
 Total electronic             0.00047387      0.06309996     -0.03920036     -0.00063758      0.10180499      0.00016372
 Total nuclear                0.00000000      0.00000000      0.00000000      0.00000000      0.00000000      0.00000000
 Total                        0.00047387      0.06309996     -0.03920036     -0.00063758      0.10180499      0.00016372

--


      Spin density matrix for root number:  4
      --------------------------------------


      symmetry species 1


        0.2208134014008638
       -0.0735442250397683      0.1054581622168140
        0.0433317759736167      0.2176431969887744      0.6737284363823222
        0.0000000000009367      0.0000000001032725     -0.0000000000220082      0.3303261027246436
       -0.0000000000381504      0.0000000001303383     -0.0000000000477086      0.1809992257659735      0.6696738972753563

      Mulliken spin population analysis for root number:  4
      ---------------------------------------------------


++    Molecular charges:
      ------------------

      Mulliken spin population per centre and basis function type
      ---------------------------------------------------

                NI    
      1s       0.0000
      2s       0.0000
      2px      0.0000
      2pz      0.0000
      2py      0.0000
      3s       0.0000
      3px      0.0000
      3pz      0.0000
      3py      0.0000
      4s       0.0000
      3d2+     0.5574
      3d1+     0.6474
      3d0      0.4356
      3d1-     0.0960
      3d2-     0.2499
      4px      0.0000
      4pz      0.0000
      4py      0.0000
      5s       0.0000
      4d2+     0.0031
      4d1+     0.0035
      4d0      0.0024
      4d1-     0.0005
      4d2-     0.0013
      5px      0.0000
      5pz      0.0000
      5py      0.0000
      6s       0.0000
      4f3+     0.0000
      4f2+     0.0000
      4f1+     0.0000
      4f0      0.0000
      4f1-     0.0000
      4f2-     0.0000
      4f3-     0.0000
      5d2+     0.0008
      5d1+     0.0009
      5d0      0.0006
      5d1-     0.0001
      5d2-     0.0003
      6px      0.0000
      6pz      0.0000
      6py      0.0000
      5f3+     0.0000
      5f2+     0.0000
      5f1+     0.0000
      5f0      0.0000
      5f1-     0.0000
      5f2-     0.0000
      5f3-     0.0000
      5g4+     0.0000
      5g3+     0.0000
      5g2+     0.0000
      5g1+     0.0000
      5g0      0.0000
      5g1-     0.0000
      5g2-     0.0000
      5g3-     0.0000
      5g4-     0.0000
      Total    2.0000

      Total electronic spin=    2.000000
--



      LoProp population analysis for root number:  4
      -----------------------------------------------


++    LoProp analysis:
      ----------------



      Input file to MOLDEN was generated!


++    Static properties:
      ------------------


      LoProp Charges per center


                   NI    
      Nuclear     28.0000
      Electronic -26.0000

      Total        2.0000
--


      Natural Bond Order analysis for root number:  4
--

      Von Neumann Entropy (Root   5) =  1.05350


      Mulliken population analysis for root number:  5
      -----------------------------------------------


++    Molecular charges:
      ------------------

      Mulliken charges per centre and basis function type
      ---------------------------------------------------

                NI    
      1s       2.0000
      2s       2.0000
      2px      2.0000
      2pz      2.0000
      2py      2.0000
      3s       1.9999
      3px      1.9999
      3pz      1.9999
      3py      1.9999
      4s       0.0001
      3d2+     1.8779
      3d1+     1.1941
      3d0      1.8936
      3d1-     1.5573
      3d2-     1.4222
      4px      0.0001
      4pz      0.0001
      4py      0.0001
      5s       0.0000
      4d2+     0.0105
      4d1+     0.0064
      4d0      0.0106
      4d1-     0.0084
      4d2-     0.0076
      5px      0.0000
      5pz      0.0000
      5py      0.0000
      6s       0.0000
      4f3+     0.0000
      4f2+     0.0000
      4f1+     0.0000
      4f0      0.0000
      4f1-     0.0000
      4f2-     0.0000
      4f3-     0.0000
      5d2+     0.0027
      5d1+     0.0017
      5d0      0.0028
      5d1-     0.0022
      5d2-     0.0020
      6px      0.0000
      6pz      0.0000
      6py      0.0000
      5f3+     0.0000
      5f2+     0.0000
      5f1+     0.0000
      5f0      0.0000
      5f1-     0.0000
      5f2-     0.0000
      5f3-     0.0000
      5g4+     0.0000
      5g3+     0.0000
      5g2+     0.0000
      5g1+     0.0000
      5g0      0.0000
      5g1-     0.0000
      5g2-     0.0000
      5g3-     0.0000
      5g4-     0.0000
      Total   26.0000

      N-E      2.0000

      Total electronic charge=   26.000000

      Total            charge=    2.000000
--



      Expectation values of various properties for root number:  5
      -----------------------------------------------------------


++    Molecular properties:
      ---------------------



       0-th cartesian moments: origin at (  0.00000000,  0.00000000,  0.00000000)
      ----------------------------------------------------------------------------
 Total electronic           -26.00000000
 Total nuclear               28.00000000
 Total                        2.00000000


       1-st cartesian moments: origin at (  0.00000000,  0.00000000,  0.00000000)
      ----------------------------------------------------------------------------
 Component                             X               Y               Z
 Total electronic             0.00000000     -0.00000000     -0.00000000
 Total nuclear                0.00000000      0.00000000      0.00000000
 Total                        0.00000000     -0.00000000     -0.00000000
      ----------------------------------------------------------------------------
      Total                   0.00000000     -0.00000000     -0.00000000   debye


       2-nd cartesian moments: origin at (  0.00000000,  0.00000000,  0.00000000)
      ----------------------------------------------------------------------------
 Component                            XX              XY              XZ              YY              YZ              ZZ
 Total electronic            -5.10699586     -0.00052570      0.01595354     -5.18822167      0.00041671     -5.13720563
 Total nuclear                0.00000000      0.00000000      0.00000000      0.00000000      0.00000000      0.00000000
 Total                       -5.10699586     -0.00052570      0.01595354     -5.18822167      0.00041671     -5.13720563



      Cartesian  2-pole moment: origin at (  0.00000000,  0.00000000,  0.00000000)
      ----------------------------------------------------------------------------
 Component                            XX              XY              XZ              YY              YZ              ZZ
 Total electronic             0.05571779     -0.00078855      0.02393031     -0.06612093      0.00062506      0.01040313
 Total nuclear                0.00000000      0.00000000      0.00000000      0.00000000      0.00000000      0.00000000
 Total                        0.05571779     -0.00078855      0.02393031     -0.06612093      0.00062506      0.01040313

--


      Spin density matrix for root number:  5
      --------------------------------------


      symmetry species 1


        0.0777106841555897
        0.1028318294424990      0.9304256245728887
        0.0792085702494587     -0.0039565119187866      0.7899422071453863
       -0.0106479422573160     -0.0071747936875970     -0.0908224536318320      0.0681415663426466
       -0.0343184520062844      0.0199245458917976     -0.3235479109167589      0.0431592713481906      0.1337799177834886

      Mulliken spin population analysis for root number:  5
      ---------------------------------------------------


++    Molecular charges:
      ------------------

      Mulliken spin population per centre and basis function type
      ---------------------------------------------------

                NI    
      1s       0.0000
      2s       0.0000
      2px      0.0000
      2pz      0.0000
      2py      0.0000
      3s       0.0000
      3px      0.0000
      3pz      0.0000
      3py      0.0000
      4s       0.0000
      3d2+     0.1081
      3d1+     0.7925
      3d0      0.0924
      3d1-     0.4292
      3d2-     0.5643
      4px      0.0000
      4pz      0.0000
      4py      0.0000
      5s       0.0000
      4d2+     0.0006
      4d1+     0.0043
      4d0      0.0005
      4d1-     0.0023
      4d2-     0.0030
      5px      0.0000
      5pz      0.0000
      5py      0.0000
      6s       0.0000
      4f3+     0.0000
      4f2+     0.0000
      4f1+     0.0000
      4f0      0.0000
      4f1-     0.0000
      4f2-     0.0000
      4f3-     0.0000
      5d2+     0.0002
      5d1+     0.0011
      5d0      0.0001
      5d1-     0.0006
      5d2-     0.0008
      6px      0.0000
      6pz      0.0000
      6py      0.0000
      5f3+     0.0000
      5f2+     0.0000
      5f1+     0.0000
      5f0      0.0000
      5f1-     0.0000
      5f2-     0.0000
      5f3-     0.0000
      5g4+     0.0000
      5g3+     0.0000
      5g2+     0.0000
      5g1+     0.0000
      5g0      0.0000
      5g1-     0.0000
      5g2-     0.0000
      5g3-     0.0000
      5g4-     0.0000
      Total    2.0000

      Total electronic spin=    2.000000
--



      LoProp population analysis for root number:  5
      -----------------------------------------------


++    LoProp analysis:
      ----------------



      Input file to MOLDEN was generated!


++    Static properties:
      ------------------


      LoProp Charges per center


                   NI    
      Nuclear     28.0000
      Electronic -26.0000

      Total        2.0000
--


      Natural Bond Order analysis for root number:  5
--

      Von Neumann Entropy (Root   6) =  1.05313


      Mulliken population analysis for root number:  6
      -----------------------------------------------


++    Molecular charges:
      ------------------

      Mulliken charges per centre and basis function type
      ---------------------------------------------------

                NI    
      1s       2.0000
      2s       2.0000
      2px      2.0000
      2pz      2.0000
      2py      2.0000
      3s       1.9999
      3px      1.9999
      3pz      1.9999
      3py      1.9999
      4s       0.0001
      3d2+     1.8438
      3d1+     1.1948
      3d0      1.9277
      3d1-     1.4224
      3d2-     1.5564
      4px      0.0001
      4pz      0.0001
      4py      0.0001
      5s       0.0000
      4d2+     0.0103
      4d1+     0.0064
      4d0      0.0108
      4d1-     0.0076
      4d2-     0.0084
      5px      0.0000
      5pz      0.0000
      5py      0.0000
      6s       0.0000
      4f3+     0.0000
      4f2+     0.0000
      4f1+     0.0000
      4f0      0.0000
      4f1-     0.0000
      4f2-     0.0000
      4f3-     0.0000
      5d2+     0.0027
      5d1+     0.0017
      5d0      0.0028
      5d1-     0.0020
      5d2-     0.0022
      6px      0.0000
      6pz      0.0000
      6py      0.0000
      5f3+     0.0000
      5f2+     0.0000
      5f1+     0.0000
      5f0      0.0000
      5f1-     0.0000
      5f2-     0.0000
      5f3-     0.0000
      5g4+     0.0000
      5g3+     0.0000
      5g2+     0.0000
      5g1+     0.0000
      5g0      0.0000
      5g1-     0.0000
      5g2-     0.0000
      5g3-     0.0000
      5g4-     0.0000
      Total   26.0000

      N-E      2.0000

      Total electronic charge=   26.000000

      Total            charge=    2.000000
--



      Expectation values of various properties for root number:  6
      -----------------------------------------------------------


++    Molecular properties:
      ---------------------



       0-th cartesian moments: origin at (  0.00000000,  0.00000000,  0.00000000)
      ----------------------------------------------------------------------------
 Total electronic           -26.00000000
 Total nuclear               28.00000000
 Total                        2.00000000


       1-st cartesian moments: origin at (  0.00000000,  0.00000000,  0.00000000)
      ----------------------------------------------------------------------------
 Component                             X               Y               Z
 Total electronic             0.00000000     -0.00000000     -0.00000000
 Total nuclear                0.00000000      0.00000000      0.00000000
 Total                        0.00000000     -0.00000000     -0.00000000
      ----------------------------------------------------------------------------
      Total                   0.00000000     -0.00000000     -0.00000000   debye


       2-nd cartesian moments: origin at (  0.00000000,  0.00000000,  0.00000000)
      ----------------------------------------------------------------------------
 Component                            XX              XY              XZ              YY              YZ              ZZ
 Total electronic            -5.13716096      0.00082123     -0.01594044     -5.18806193      0.00103427     -5.10720027
 Total nuclear                0.00000000      0.00000000      0.00000000      0.00000000      0.00000000      0.00000000
 Total                       -5.13716096      0.00082123     -0.01594044     -5.18806193      0.00103427     -5.10720027



      Cartesian  2-pole moment: origin at (  0.00000000,  0.00000000,  0.00000000)
      ----------------------------------------------------------------------------
 Component                            XX              XY              XZ              YY              YZ              ZZ
 Total electronic             0.01047014      0.00123184     -0.02391065     -0.06588132      0.00155140      0.05541118
 Total nuclear                0.00000000      0.00000000      0.00000000      0.00000000      0.00000000      0.00000000
 Total                        0.01047014      0.00123184     -0.02391065     -0.06588132      0.00155140      0.05541118

--


      Spin density matrix for root number:  6
      --------------------------------------


      symmetry species 1


        0.9279866882132324
       -0.1019186593959871      0.0683825243526756
       -0.0194434380901501      0.0071272788201580      0.8017093029446013
       -0.0104977540530961      0.0001993605460663      0.0930328390447074      0.0477374180187469
        0.0516048962490297     -0.0063638000486590      0.3218644012841666      0.0090650340615910      0.1541840664707441

      Mulliken spin population analysis for root number:  6
      ---------------------------------------------------


++    Molecular charges:
      ------------------

      Mulliken spin population per centre and basis function type
      ---------------------------------------------------

                NI    
      1s       0.0000
      2s       0.0000
      2px      0.0000
      2pz      0.0000
      2py      0.0000
      3s       0.0000
      3px      0.0000
      3pz      0.0000
      3py      0.0000
      4s       0.0000
      3d2+     0.1422
      3d1+     0.7918
      3d0      0.0583
      3d1-     0.5641
      3d2-     0.4301
      4px      0.0000
      4pz      0.0000
      4py      0.0000
      5s       0.0000
      4d2+     0.0008
      4d1+     0.0043
      4d0      0.0003
      4d1-     0.0030
      4d2-     0.0023
      5px      0.0000
      5pz      0.0000
      5py      0.0000
      6s       0.0000
      4f3+     0.0000
      4f2+     0.0000
      4f1+     0.0000
      4f0      0.0000
      4f1-     0.0000
      4f2-     0.0000
      4f3-     0.0000
      5d2+     0.0002
      5d1+     0.0011
      5d0      0.0001
      5d1-     0.0008
      5d2-     0.0006
      6px      0.0000
      6pz      0.0000
      6py      0.0000
      5f3+     0.0000
      5f2+     0.0000
      5f1+     0.0000
      5f0      0.0000
      5f1-     0.0000
      5f2-     0.0000
      5f3-     0.0000
      5g4+     0.0000
      5g3+     0.0000
      5g2+     0.0000
      5g1+     0.0000
      5g0      0.0000
      5g1-     0.0000
      5g2-     0.0000
      5g3-     0.0000
      5g4-     0.0000
      Total    2.0000

      Total electronic spin=    2.000000
--



      LoProp population analysis for root number:  6
      -----------------------------------------------


++    LoProp analysis:
      ----------------



      Input file to MOLDEN was generated!


++    Static properties:
      ------------------


      LoProp Charges per center


                   NI    
      Nuclear     28.0000
      Electronic -26.0000

      Total        2.0000
--


      Natural Bond Order analysis for root number:  6
--

      Von Neumann Entropy (Root   7) =  1.15818


      Mulliken population analysis for root number:  7
      -----------------------------------------------


++    Molecular charges:
      ------------------

      Mulliken charges per centre and basis function type
      ---------------------------------------------------

                NI    
      1s       2.0000
      2s       2.0000
      2px      2.0000
      2pz      2.0000
      2py      2.0000
      3s       1.9999
      3px      1.9999
      3pz      1.9999
      3py      1.9999
      4s       0.0001
      3d2+     1.9356
      3d1+     1.7848
      3d0      1.8359
      3d1-     1.1939
      3d2-     1.1950
      4px      0.0001
      4pz      0.0001
      4py      0.0001
      5s       0.0000
      4d2+     0.0108
      4d1+     0.0096
      4d0      0.0103
      4d1-     0.0064
      4d2-     0.0064
      5px      0.0000
      5pz      0.0000
      5py      0.0000
      6s       0.0000
      4f3+     0.0000
      4f2+     0.0000
      4f1+     0.0000
      4f0      0.0000
      4f1-     0.0000
      4f2-     0.0000
      4f3-     0.0000
      5d2+     0.0028
      5d1+     0.0025
      5d0      0.0027
      5d1-     0.0017
      5d2-     0.0017
      6px      0.0000
      6pz      0.0000
      6py      0.0000
      5f3+     0.0000
      5f2+     0.0000
      5f1+     0.0000
      5f0      0.0000
      5f1-     0.0000
      5f2-     0.0000
      5f3-     0.0000
      5g4+     0.0000
      5g3+     0.0000
      5g2+     0.0000
      5g1+     0.0000
      5g0      0.0000
      5g1-     0.0000
      5g2-     0.0000
      5g3-     0.0000
      5g4-     0.0000
      Total   26.0000

      N-E      2.0000

      Total electronic charge=   26.000000

      Total            charge=    2.000000
--



      Expectation values of various properties for root number:  7
      -----------------------------------------------------------


++    Molecular properties:
      ---------------------



       0-th cartesian moments: origin at (  0.00000000,  0.00000000,  0.00000000)
      ----------------------------------------------------------------------------
 Total electronic           -26.00000000
 Total nuclear               28.00000000
 Total                        2.00000000


       1-st cartesian moments: origin at (  0.00000000,  0.00000000,  0.00000000)
      ----------------------------------------------------------------------------
 Component                             X               Y               Z
 Total electronic             0.00000000     -0.00000000     -0.00000000
 Total nuclear                0.00000000      0.00000000      0.00000000
 Total                        0.00000000     -0.00000000     -0.00000000
      ----------------------------------------------------------------------------
      Total                   0.00000000     -0.00000000     -0.00000000   debye


       2-nd cartesian moments: origin at (  0.00000000,  0.00000000,  0.00000000)
      ----------------------------------------------------------------------------
 Component                            XX              XY              XZ              YY              YZ              ZZ
 Total electronic            -5.18826634     -0.00029553     -0.00001311     -5.05613955     -0.00145097     -5.18801726
 Total nuclear                0.00000000      0.00000000      0.00000000      0.00000000      0.00000000      0.00000000
 Total                       -5.18826634     -0.00029553     -0.00001311     -5.05613955     -0.00145097     -5.18801726



      Cartesian  2-pole moment: origin at (  0.00000000,  0.00000000,  0.00000000)
      ----------------------------------------------------------------------------
 Component                            XX              XY              XZ              YY              YZ              ZZ
 Total electronic            -0.06618794     -0.00044329     -0.00001966      0.13200225     -0.00217646     -0.06581431
 Total nuclear                0.00000000      0.00000000      0.00000000      0.00000000      0.00000000      0.00000000
 Total                       -0.06618794     -0.00044329     -0.00001966      0.13200225     -0.00217646     -0.06581431

--


      Spin density matrix for root number:  7
      --------------------------------------


      symmetry species 1


        0.7923811430388854
       -0.0009131699423291      0.7992703669879399
       -0.0597651323231825     -0.0031707669078573      0.2064270056392349
        0.0211456966062984      0.0069754329385300     -0.0022103847989128      0.1870032423430292
       -0.0172864448327242     -0.0135607459480864      0.0016835096399041     -0.0522243054776394      0.0149182419909109

      Mulliken spin population analysis for root number:  7
      ---------------------------------------------------


++    Molecular charges:
      ------------------

      Mulliken spin population per centre and basis function type
      ---------------------------------------------------

                NI    
      1s       0.0000
      2s       0.0000
      2px      0.0000
      2pz      0.0000
      2py      0.0000
      3s       0.0000
      3px      0.0000
      3pz      0.0000
      3py      0.0000
      4s       0.0000
      3d2+     0.0504
      3d1+     0.2018
      3d0      0.1501
      3d1-     0.7927
      3d2-     0.7916
      4px      0.0000
      4pz      0.0000
      4py      0.0000
      5s       0.0000
      4d2+     0.0003
      4d1+     0.0011
      4d0      0.0008
      4d1-     0.0043
      4d2-     0.0043
      5px      0.0000
      5pz      0.0000
      5py      0.0000
      6s       0.0000
      4f3+     0.0000
      4f2+     0.0000
      4f1+     0.0000
      4f0      0.0000
      4f1-     0.0000
      4f2-     0.0000
      4f3-     0.0000
      5d2+     0.0001
      5d1+     0.0003
      5d0      0.0002
      5d1-     0.0011
      5d2-     0.0011
      6px      0.0000
      6pz      0.0000
      6py      0.0000
      5f3+     0.0000
      5f2+     0.0000
      5f1+     0.0000
      5f0      0.0000
      5f1-     0.0000
      5f2-     0.0000
      5f3-     0.0000
      5g4+     0.0000
      5g3+     0.0000
      5g2+     0.0000
      5g1+     0.0000
      5g0      0.0000
      5g1-     0.0000
      5g2-     0.0000
      5g3-     0.0000
      5g4-     0.0000
      Total    2.0000

      Total electronic spin=    2.000000
--



      LoProp population analysis for root number:  7
      -----------------------------------------------


++    LoProp analysis:
      ----------------



      Input file to MOLDEN was generated!


++    Static properties:
      ------------------


      LoProp Charges per center


                   NI    
      Nuclear     28.0000
      Electronic -26.0000

      Total        2.0000
--


      Natural Bond Order analysis for root number:  7
--


      Input file to MOLDEN was generated!


      Input file to MOLDEN was generated!


      Input file to MOLDEN was generated!


      Input file to MOLDEN was generated!


      Input file to MOLDEN was generated!


      Input file to MOLDEN was generated!


      Input file to MOLDEN was generated!


      Input file to MOLDEN was generated!

      Average orbitals are written to the RASORB file
      Natural orbitals for root   1 are written to the RASORB.1 file
      Natural orbitals for root   2 are written to the RASORB.2 file
      Natural orbitals for root   3 are written to the RASORB.3 file
      Natural orbitals for root   4 are written to the RASORB.4 file
      Natural orbitals for root   5 are written to the RASORB.5 file
      Natural orbitals for root   6 are written to the RASORB.6 file
      Natural orbitals for root   7 are written to the RASORB.7 file
      Spin density orbitals for root   1 are written to the SPDORB.1 file
      Spin density orbitals for root   2 are written to the SPDORB.2 file
      Spin density orbitals for root   3 are written to the SPDORB.3 file
      Spin density orbitals for root   4 are written to the SPDORB.4 file
      Spin density orbitals for root   5 are written to the SPDORB.5 file
      Spin density orbitals for root   6 are written to the SPDORB.6 file
      Spin density orbitals for root   7 are written to the SPDORB.7 file


  Timings
  -------

  - - - - - - - - - - - - - - - - - - - - - - - - - - - - - - - - - -
                                                    time    fraction
  - - - - - - - - - - - - - - - - - - - - - - - - - - - - - - - - - -
  1) Input section                         :        0.13        0.05
     - Input processing                    :        0.13        0.05
  2) Wave function optimization            :        0.73        0.30
     - transformation section              :        0.26        0.11
       . AO=>MO integral transformation    :        0.02        0.01
       . Fock-matrix generation            :        0.03        0.01
     - CI optimization                     :        0.34        0.14
       . construct Hdiag                   :        0.00        0.00
       . construct Hsel                    :        0.00        0.00
       . Davidson diagonalization          :        0.00        0.00
         .. sigma vector generation        :        0.00        0.00
            |-> aa/bb 1-electron           :        0.00        0.00
            |-> aa/bb 2-electron           :        0.00        0.00
            \-> alpha-beta                 :        0.00        0.00
                |-> C prefetch             :        0.00        0.00
                |-> matrix multiply        :        0.00        0.00
                \-> S scatter              :        0.00        0.00
         .. HCSCE                          :        0.00        0.00
         .. page_in/page_out               :        0.00        0.00
       . density matrix generation         :        0.27        0.11
            |-> aa/bb 1-electron           :        0.00        0.00
            |-> aa/bb 2-electron           :        0.00        0.00
            \-> alpha-beta                 :        0.02        0.01
     - orbital optimization                :        0.10        0.04
  3) Output section                        :        1.61        0.65
     - Create/update the file RELAX        :        0.05        0.02
     - Create/update the file JOBIPH       :        1.56        0.63

  - - - - - - - - - - - - - - - - - - - - - - - - - - - - - - - - - -
     Total                                 :        2.47        1.00
  - - - - - - - - - - - - - - - - - - - - - - - - - - - - - - - - - -

++ I/O STATISTICS
 
  I. General I/O information
  - - - - - - - - - - - - - - - - - - - - - - - - - - - - - - - - - - - - - - - - - - -
  Unit  Name          Flsize      Write/Read            MBytes           Write/Read
                      (MBytes)       Calls              In/Out           Time, sec.
  - - - - - - - - - - - - - - - - - - - - - - - - - - - - - - - - - - - - - - - - - - -
   1  RUNFILE           0.35 .    2387/   43716 .     17.2/    315.0 .       0/       0
   2  ONEINT            0.00 .       0/     784 .      0.0/    629.3 .       0/       0
   3  ORDINT            0.00 .       0/     337 .      0.0/     84.0 .       0/       0
   4  TRAINT            0.00 .      14/      11 .      0.5/      0.4 .       0/       0
   5  TEMP01            0.00 .       0/       0 .      0.0/      0.0 .       0/       0
   6  TEMP02            0.00 .      42/      48 .      0.2/      0.3 .       0/       0
   7  JOBIPH            0.00 .     575/     257 .     11.2/      1.0 .       0/       0
   8  CIDIA             0.00 .     174/     174 .      0.0/      0.0 .       0/       0
   9  LUCVECT           0.00 .     784/     784 .      0.0/      0.0 .       0/       0
  10  HCFILE            0.00 .     784/     602 .      0.0/      0.0 .       0/       0
  11  LUSC1             0.00 .    1820/    2842 .      0.0/      0.1 .       0/       0
  12  LUSC2             0.00 .     966/    1400 .      0.0/      0.0 .       0/       0
  13  LUSC3             0.00 .     560/     560 .      0.0/      0.0 .       0/       0
  14  LUSC34            0.00 .       0/       0 .      0.0/      0.0 .       0/       0
  15  LUSC35            0.00 .       0/       0 .      0.0/      0.0 .       0/       0
  16  LUSC36            0.00 .       0/       0 .      0.0/      0.0 .       0/       0
  17  LUSC37            0.00 .       0/       0 .      0.0/      0.0 .       0/       0
  18  LUSC38            0.00 .       0/       0 .      0.0/      0.0 .       0/       0
  19  LUSC39            0.00 .       0/       0 .      0.0/      0.0 .       0/       0
  20  LUSC40            0.00 .       0/       0 .      0.0/      0.0 .       0/       0
  21  LUMOUT            0.00 .       0/       0 .      0.0/      0.0 .       0/       0
  - - - - - - - - - - - - - - - - - - - - - - - - - - - - - - - - - - - - - - - - - - -
   *  TOTAL             0.36 .    8106/   51515 .     29.2/   1030.1 .       0/       0
  - - - - - - - - - - - - - - - - - - - - - - - - - - - - - - - - - - - - - - - - - - -
 
  II. I/O Access Patterns
  - - - - - - - - - - - - - - - - - - - -
  Unit  Name               % of random
                         Write/Read calls
  - - - - - - - - - - - - - - - - - - - -
   1  RUNFILE             28.6/  12.1
   2  ONEINT               0.0/  70.2
   3  ORDINT               0.0/   4.2
   4  TRAINT              92.9/ 100.0
   5  TEMP01               0.0/   0.0
   6  TEMP02              97.6/ 100.0
   7  JOBIPH              97.9/ 100.0
   8  CIDIA                7.5/   8.0
   9  LUCVECT             11.6/  11.7
  10  HCFILE              12.4/  16.3
  11  LUSC1               11.5/  13.3
  12  LUSC2               11.5/  12.5
  13  LUSC3               12.3/  12.5
  14  LUSC34               0.0/   0.0
  15  LUSC35               0.0/   0.0
  16  LUSC36               0.0/   0.0
  17  LUSC37               0.0/   0.0
  18  LUSC38               0.0/   0.0
  19  LUSC39               0.0/   0.0
  20  LUSC40               0.0/   0.0
  21  LUMOUT               0.0/   0.0
  - - - - - - - - - - - - - - - - - - - -
--
 ###############################################################################
 ###############################################################################
 ###                                                                         ###
 ###                                                                         ###
 ###    WARNING: RunFile label BirthCertificate                              ###
 ###    was used       47 times                                              ###
 ###                                                                         ###
 ###                                                                         ###
 ###############################################################################
 ###############################################################################
 ###############################################################################
 ###############################################################################
 ###                                                                         ###
 ###                                                                         ###
 ###    WARNING: RunFile label nBas                                          ###
 ###    was used       56 times                                              ###
 ###                                                                         ###
 ###                                                                         ###
 ###############################################################################
 ###############################################################################
--- Stop Module: rasscf at Wed Sep  2 15:03:04 2026 /rc=_RC_ALL_IS_WELL_ ---
--- Module rasscf spent 2 seconds ---

*** symbolic link created: INPORB -> d8_oh.RasOrb
--- Start Module: localisation at Wed Sep  2 15:03:04 2026 ---

()()()()()()()()()()()()()()()()()()()()()()()()()()()()()()()()()()()()()()()()()()()()()()()()()()

                                           &LOCALISATION

                                   only a single process is used
                       available to each process: 176 GB of memory, 1 thread
                                             pid: 41454
()()()()()()()()()()()()()()()()()()()()()()()()()()()()()()()()()()()()()()()()()()()()()()()()()()


 Header from vector file:

* RASSCF average (pseudo-natural) orbitals


++    Molecular orbitals:
      -------------------

      Title: Initial MO's

      Molecular orbitals for symmetry species 1: a  


      Basis set list:
        1 NI     1s                 13 NI     3py                25 NI     3d1-               37 NI     4f3-               49 NI     4f3+   
        2 NI     2s                 14 NI     4py                26 NI     4d1-               38 NI     5f3-               50 NI     5f3+   
        3 NI     3s                 15 NI     5py                27 NI     5d1-               39 NI     4f2-               51 NI     5g4-   
        4 NI     4s                 16 NI     6py                28 NI     3d0                40 NI     5f2-               52 NI     5g3-   
        5 NI     5s                 17 NI     2pz                29 NI     4d0                41 NI     4f1-               53 NI     5g2-   
        6 NI     6s                 18 NI     3pz                30 NI     5d0                42 NI     5f1-               54 NI     5g1-   
        7 NI     2px                19 NI     4pz                31 NI     3d1+               43 NI     4f0                55 NI     5g0    
        8 NI     3px                20 NI     5pz                32 NI     4d1+               44 NI     5f0                56 NI     5g1+   
        9 NI     4px                21 NI     6pz                33 NI     5d1+               45 NI     4f1+               57 NI     5g2+   
       10 NI     5px                22 NI     3d2-               34 NI     3d2+               46 NI     5f1+               58 NI     5g3+   
       11 NI     6px                23 NI     4d2-               35 NI     4d2+               47 NI     4f2+               59 NI     5g4+   
       12 NI     2py                24 NI     5d2-               36 NI     5d2+               48 NI     5f2+   


  Index Energy  Occupation Coefficients ...

    1 -307.9100    2.0000          1 NI     1s     ( 1.000),                                                                                                                        

    2  -37.7490    2.0000          2 NI     2s     ( 1.000),                                                                                                                        

    3  -32.2160    2.0000         17 NI     2pz    ( 0.975),                                                                                                                        

    4  -32.2160    2.0000         12 NI     2py    ( 0.958),                                                                                                                        

    5  -32.2160    2.0000          7 NI     2px    ( 0.960),                                                                                                                        

    6   -4.1237    2.0000          3 NI     3s     ( 1.000),                                                                                                                        

    7   -2.4317    2.0000          8 NI     3px    ( 0.529),    18 NI     3pz    ( 0.817),                                                                                          

    8   -2.4317    2.0000          8 NI     3px    (-0.727),    13 NI     3py    (-0.374),    18 NI     3pz    ( 0.576),                                                            

    9   -2.4317    2.0000         13 NI     3py    ( 0.899),                                                                                                                        

   10    0.3846    1.6003         22 NI     3d2-   (-0.546),    25 NI     3d1-   ( 0.824),                                                                                          

   11    0.3846    1.6003         22 NI     3d2-   ( 0.825),    25 NI     3d1-   ( 0.556),                                                                                          

   12    0.3846    1.6003         31 NI     3d1+   ( 0.987),                                                                                                                        

   13    0.3851    1.5996         28 NI     3d0    ( 0.965),                                                                                                                        

   14    0.3851    1.5996         34 NI     3d2+   ( 0.965),                                                                                                                        

   15    1.0060    0.0000          4 NI     4s     ( 0.974),                                                                                                                        

   16    1.1901    0.0000         19 NI     4pz    ( 0.967),                                                                                                                        

   17    1.1901    0.0000         14 NI     4py    ( 0.959),                                                                                                                        

   18    1.1901    0.0000          9 NI     4px    (-0.951),                                                                                                                        

   19    1.2555    0.0000          5 NI     5s     ( 0.962),                                                                                                                        

   20    1.6932    0.0000         23 NI     4d2-   ( 0.867),    24 NI     5d2-   ( 0.460),                                                                                          

   21    1.6932    0.0000         26 NI     4d1-   ( 0.858),    27 NI     5d1-   ( 0.455),                                                                                          

   22    1.6932    0.0000         32 NI     4d1+   ( 0.858),    33 NI     5d1+   ( 0.455),                                                                                          

   23    1.7141    0.0000         29 NI     4d0    (-0.476),    35 NI     4d2+   ( 0.743),    36 NI     5d2+   ( 0.390),                                                            

   24    1.7141    0.0000         29 NI     4d0    ( 0.743),    30 NI     5d0    ( 0.390),    35 NI     4d2+   ( 0.476),                                                            

   25    1.7218    0.0000         20 NI     5pz    ( 0.674),    21 NI     6pz    ( 0.644),                                                                                          

   26    1.7218    0.0000         15 NI     5py    ( 0.682),    16 NI     6py    ( 0.651),                                                                                          

   27    1.7218    0.0000         10 NI     5px    (-0.688),    11 NI     6px    (-0.658),                                                                                          

   28    2.8787    0.0000          6 NI     6s     ( 0.988),                                                                                                                        

   29    3.2720    0.0000         39 NI     4f2-   ( 0.811),    40 NI     5f2-   ( 0.585),                                                                                          

   30    3.2737    0.0000         45 NI     4f1+   ( 0.597),    46 NI     5f1+   ( 0.431),    49 NI     4f3+   ( 0.463),    50 NI     5f3+   ( 0.334),                              

   31    3.2737    0.0000         37 NI     4f3-   ( 0.328),    41 NI     4f1-   (-0.424),    42 NI     5f1-   (-0.306),    47 NI     4f2+   ( 0.533),                              
                                  48 NI     5f2+   ( 0.385),                                                                                                                        

   32    3.2737    0.0000         37 NI     4f3-   (-0.356),    41 NI     4f1-   ( 0.459),    42 NI     5f1-   ( 0.331),    47 NI     4f2+   ( 0.565),                              
                                  48 NI     5f2+   ( 0.408),                                                                                                                        

   33    3.2753    0.0000         45 NI     4f1+   (-0.471),    46 NI     5f1+   (-0.340),    49 NI     4f3+   ( 0.608),    50 NI     5f3+   ( 0.439),                              

   34    3.2753    0.0000         37 NI     4f3-   ( 0.597),    38 NI     5f3-   ( 0.431),    41 NI     4f1-   ( 0.463),    42 NI     5f1-   ( 0.334),                              

   35    3.2753    0.0000         43 NI     4f0    ( 0.767),    44 NI     5f0    ( 0.553),                                                                                          

   36    4.8911    0.0000         23 NI     4d2-   (-0.449),    24 NI     5d2-   ( 0.847),                                                                                          

   37    4.8911    0.0000         32 NI     4d1+   ( 0.427),    33 NI     5d1+   (-0.804),                                                                                          

   38    4.8911    0.0000         26 NI     4d1-   (-0.414),    27 NI     5d1-   ( 0.780),                                                                                          

   39    4.9025    0.0000         29 NI     4d0    (-0.382),    30 NI     5d0    ( 0.727),    36 NI     5d2+   (-0.505),                                                            

   40    4.9025    0.0000         30 NI     5d0    ( 0.505),    35 NI     4d2+   (-0.382),    36 NI     5d2+   ( 0.727),                                                            

   41    6.0150    0.0000         10 NI     5px    (-0.393),    11 NI     6px    ( 0.424),    20 NI     5pz    (-0.533),    21 NI     6pz    ( 0.576),                              

   42    6.0150    0.0000         10 NI     5px    (-0.414),    11 NI     6px    ( 0.447),    15 NI     5py    (-0.357),    16 NI     6py    ( 0.385),                              
                                  20 NI     5pz    ( 0.401),    21 NI     6pz    (-0.433),                                                                                          

   43    6.0150    0.0000         10 NI     5px    ( 0.366),    11 NI     6px    (-0.395),    15 NI     5py    (-0.558),    16 NI     6py    ( 0.602),                              

   44   10.1670    0.0000         39 NI     4f2-   (-0.585),    40 NI     5f2-   ( 0.811),                                                                                          

   45   10.1680    0.0000         37 NI     4f3-   (-0.279),    38 NI     5f3-   ( 0.386),    41 NI     4f1-   ( 0.360),    42 NI     5f1-   (-0.499),                              
                                  47 NI     4f2+   (-0.299),    48 NI     5f2+   ( 0.414),                                                                                          

   46   10.1680    0.0000         38 NI     5f3-   ( 0.311),    41 NI     4f1-   ( 0.289),    42 NI     5f1-   (-0.401),    47 NI     4f2+   ( 0.401),                              
                                  48 NI     5f2+   (-0.556),                                                                                                                        

   47   10.1680    0.0000         45 NI     4f1+   (-0.395),    46 NI     5f1+   ( 0.547),    47 NI     4f2+   (-0.303),    48 NI     5f2+   ( 0.420),                              
                                  49 NI     4f3+   (-0.306),    50 NI     5f3+   ( 0.424),                                                                                          

   48   10.1680    0.0000         44 NI     5f0    ( 0.311),    45 NI     4f1+   ( 0.330),    46 NI     5f1+   (-0.458),    49 NI     4f3+   (-0.427),                              
                                  50 NI     5f3+   ( 0.592),                                                                                                                        

   49   10.1680    0.0000         37 NI     4f3-   (-0.461),    38 NI     5f3-   ( 0.640),    41 NI     4f1-   (-0.357),    42 NI     5f1-   ( 0.496),                              

   50   10.1680    0.0000         43 NI     4f0    (-0.539),    44 NI     5f0    ( 0.747),                                                                                          

   51   11.2000    0.0000         52 NI     5g3-   ( 0.931),                                                                                                                        

   52   11.2000    0.0000         53 NI     5g2-   (-0.898),                                                                                                                        

   53   11.2000    0.0000         53 NI     5g2-   ( 0.436),    58 NI     5g3+   ( 0.840),                                                                                          

   54   11.2000    0.0000         55 NI     5g0    (-0.634),    59 NI     5g4+   ( 0.750),                                                                                          

   55   11.2000    0.0000         57 NI     5g2+   ( 0.982),                                                                                                                        

   56   11.2000    0.0000         56 NI     5g1+   ( 0.928),                                                                                                                        

   57   11.2000    0.0000         54 NI     5g1-   ( 0.925),                                                                                                                        

   58   11.2000    0.0000         51 NI     5g4-   ( 0.982),                                                                                                                        

   59   11.2000    0.0000         55 NI     5g0    ( 0.764),    59 NI     5g4+   ( 0.645),                                                                                          

--


 Cholesky localisation
 Convergence threshold:   1.0000E-08 (decomposition)
 Frozen orbitals      :      9
 Orbitals to localise :      5

 CPU  time for localisation procedure:      0.00 seconds
 Wall time for localisation procedure:      0.01 seconds


++    Molecular orbitals:
      -------------------

      Title: Final localised MO's

      Molecular orbitals for symmetry species 1: a  


      Basis set list:
        1 NI     1s                 13 NI     3py                25 NI     3d1-               37 NI     4f3-               49 NI     4f3+   
        2 NI     2s                 14 NI     4py                26 NI     4d1-               38 NI     5f3-               50 NI     5f3+   
        3 NI     3s                 15 NI     5py                27 NI     5d1-               39 NI     4f2-               51 NI     5g4-   
        4 NI     4s                 16 NI     6py                28 NI     3d0                40 NI     5f2-               52 NI     5g3-   
        5 NI     5s                 17 NI     2pz                29 NI     4d0                41 NI     4f1-               53 NI     5g2-   
        6 NI     6s                 18 NI     3pz                30 NI     5d0                42 NI     5f1-               54 NI     5g1-   
        7 NI     2px                19 NI     4pz                31 NI     3d1+               43 NI     4f0                55 NI     5g0    
        8 NI     3px                20 NI     5pz                32 NI     4d1+               44 NI     5f0                56 NI     5g1+   
        9 NI     4px                21 NI     6pz                33 NI     5d1+               45 NI     4f1+               57 NI     5g2+   
       10 NI     5px                22 NI     3d2-               34 NI     3d2+               46 NI     5f1+               58 NI     5g3+   
       11 NI     6px                23 NI     4d2-               35 NI     4d2+               47 NI     4f2+               59 NI     5g4+   
       12 NI     2py                24 NI     5d2-               36 NI     5d2+               48 NI     5f2+   


  Index Energy  Occupation Coefficients ...

    1 -307.9100    2.0000          1 NI     1s     ( 1.000),                                                                                                                        

    2  -37.7490    2.0000          2 NI     2s     ( 1.000),                                                                                                                        

    3  -32.2160    2.0000         17 NI     2pz    ( 0.975),                                                                                                                        

    4  -32.2160    2.0000         12 NI     2py    ( 0.958),                                                                                                                        

    5  -32.2160    2.0000          7 NI     2px    ( 0.960),                                                                                                                        

    6   -4.1237    2.0000          3 NI     3s     ( 1.000),                                                                                                                        

    7   -2.4317    2.0000          8 NI     3px    ( 0.529),    18 NI     3pz    ( 0.817),                                                                                          

    8   -2.4317    2.0000          8 NI     3px    (-0.727),    13 NI     3py    (-0.374),    18 NI     3pz    ( 0.576),                                                            

    9   -2.4317    2.0000         13 NI     3py    ( 0.899),                                                                                                                        

   10    0.0000    0.0000         22 NI     3d2-   ( 0.997),                                                                                                                        

   11    0.0000    0.0000         25 NI     3d1-   ( 0.997),                                                                                                                        

   12    0.0000    0.0000         31 NI     3d1+   ( 0.997),                                                                                                                        

   13    0.0000    0.0000         28 NI     3d0    ( 0.996),                                                                                                                        

   14    0.0000    0.0000         34 NI     3d2+   ( 0.996),                                                                                                                        

   15    1.0060    0.0000          4 NI     4s     ( 0.974),                                                                                                                        

   16    1.1901    0.0000         19 NI     4pz    ( 0.967),                                                                                                                        

   17    1.1901    0.0000         14 NI     4py    ( 0.959),                                                                                                                        

   18    1.1901    0.0000          9 NI     4px    (-0.951),                                                                                                                        

   19    1.2555    0.0000          5 NI     5s     ( 0.962),                                                                                                                        

   20    1.6932    0.0000         23 NI     4d2-   ( 0.867),    24 NI     5d2-   ( 0.460),                                                                                          

   21    1.6932    0.0000         26 NI     4d1-   ( 0.858),    27 NI     5d1-   ( 0.455),                                                                                          

   22    1.6932    0.0000         32 NI     4d1+   ( 0.858),    33 NI     5d1+   ( 0.455),                                                                                          

   23    1.7141    0.0000         29 NI     4d0    (-0.476),    35 NI     4d2+   ( 0.743),    36 NI     5d2+   ( 0.390),                                                            

   24    1.7141    0.0000         29 NI     4d0    ( 0.743),    30 NI     5d0    ( 0.390),    35 NI     4d2+   ( 0.476),                                                            

   25    1.7218    0.0000         20 NI     5pz    ( 0.674),    21 NI     6pz    ( 0.644),                                                                                          

   26    1.7218    0.0000         15 NI     5py    ( 0.682),    16 NI     6py    ( 0.651),                                                                                          

   27    1.7218    0.0000         10 NI     5px    (-0.688),    11 NI     6px    (-0.658),                                                                                          

   28    2.8787    0.0000          6 NI     6s     ( 0.988),                                                                                                                        

   29    3.2720    0.0000         39 NI     4f2-   ( 0.811),    40 NI     5f2-   ( 0.585),                                                                                          

   30    3.2737    0.0000         45 NI     4f1+   ( 0.597),    46 NI     5f1+   ( 0.431),    49 NI     4f3+   ( 0.463),    50 NI     5f3+   ( 0.334),                              

   31    3.2737    0.0000         37 NI     4f3-   ( 0.328),    41 NI     4f1-   (-0.424),    42 NI     5f1-   (-0.306),    47 NI     4f2+   ( 0.533),                              
                                  48 NI     5f2+   ( 0.385),                                                                                                                        

   32    3.2737    0.0000         37 NI     4f3-   (-0.356),    41 NI     4f1-   ( 0.459),    42 NI     5f1-   ( 0.331),    47 NI     4f2+   ( 0.565),                              
                                  48 NI     5f2+   ( 0.408),                                                                                                                        

   33    3.2753    0.0000         45 NI     4f1+   (-0.471),    46 NI     5f1+   (-0.340),    49 NI     4f3+   ( 0.608),    50 NI     5f3+   ( 0.439),                              

   34    3.2753    0.0000         37 NI     4f3-   ( 0.597),    38 NI     5f3-   ( 0.431),    41 NI     4f1-   ( 0.463),    42 NI     5f1-   ( 0.334),                              

   35    3.2753    0.0000         43 NI     4f0    ( 0.767),    44 NI     5f0    ( 0.553),                                                                                          

   36    4.8911    0.0000         23 NI     4d2-   (-0.449),    24 NI     5d2-   ( 0.847),                                                                                          

   37    4.8911    0.0000         32 NI     4d1+   ( 0.427),    33 NI     5d1+   (-0.804),                                                                                          

   38    4.8911    0.0000         26 NI     4d1-   (-0.414),    27 NI     5d1-   ( 0.780),                                                                                          

   39    4.9025    0.0000         29 NI     4d0    (-0.382),    30 NI     5d0    ( 0.727),    36 NI     5d2+   (-0.505),                                                            

   40    4.9025    0.0000         30 NI     5d0    ( 0.505),    35 NI     4d2+   (-0.382),    36 NI     5d2+   ( 0.727),                                                            

   41    6.0150    0.0000         10 NI     5px    (-0.393),    11 NI     6px    ( 0.424),    20 NI     5pz    (-0.533),    21 NI     6pz    ( 0.576),                              

   42    6.0150    0.0000         10 NI     5px    (-0.414),    11 NI     6px    ( 0.447),    15 NI     5py    (-0.357),    16 NI     6py    ( 0.385),                              
                                  20 NI     5pz    ( 0.401),    21 NI     6pz    (-0.433),                                                                                          

   43    6.0150    0.0000         10 NI     5px    ( 0.366),    11 NI     6px    (-0.395),    15 NI     5py    (-0.558),    16 NI     6py    ( 0.602),                              

   44   10.1670    0.0000         39 NI     4f2-   (-0.585),    40 NI     5f2-   ( 0.811),                                                                                          

   45   10.1680    0.0000         37 NI     4f3-   (-0.279),    38 NI     5f3-   ( 0.386),    41 NI     4f1-   ( 0.360),    42 NI     5f1-   (-0.499),                              
                                  47 NI     4f2+   (-0.299),    48 NI     5f2+   ( 0.414),                                                                                          

   46   10.1680    0.0000         38 NI     5f3-   ( 0.311),    41 NI     4f1-   ( 0.289),    42 NI     5f1-   (-0.401),    47 NI     4f2+   ( 0.401),                              
                                  48 NI     5f2+   (-0.556),                                                                                                                        

   47   10.1680    0.0000         45 NI     4f1+   (-0.395),    46 NI     5f1+   ( 0.547),    47 NI     4f2+   (-0.303),    48 NI     5f2+   ( 0.420),                              
                                  49 NI     4f3+   (-0.306),    50 NI     5f3+   ( 0.424),                                                                                          

   48   10.1680    0.0000         44 NI     5f0    ( 0.311),    45 NI     4f1+   ( 0.330),    46 NI     5f1+   (-0.458),    49 NI     4f3+   (-0.427),                              
                                  50 NI     5f3+   ( 0.592),                                                                                                                        

   49   10.1680    0.0000         37 NI     4f3-   (-0.461),    38 NI     5f3-   ( 0.640),    41 NI     4f1-   (-0.357),    42 NI     5f1-   ( 0.496),                              

   50   10.1680    0.0000         43 NI     4f0    (-0.539),    44 NI     5f0    ( 0.747),                                                                                          

   51   11.2000    0.0000         52 NI     5g3-   ( 0.931),                                                                                                                        

   52   11.2000    0.0000         53 NI     5g2-   (-0.898),                                                                                                                        

   53   11.2000    0.0000         53 NI     5g2-   ( 0.436),    58 NI     5g3+   ( 0.840),                                                                                          

   54   11.2000    0.0000         55 NI     5g0    (-0.634),    59 NI     5g4+   ( 0.750),                                                                                          

   55   11.2000    0.0000         57 NI     5g2+   ( 0.982),                                                                                                                        

   56   11.2000    0.0000         56 NI     5g1+   ( 0.928),                                                                                                                        

   57   11.2000    0.0000         54 NI     5g1-   ( 0.925),                                                                                                                        

   58   11.2000    0.0000         51 NI     5g4-   ( 0.982),                                                                                                                        

   59   11.2000    0.0000         55 NI     5g0    ( 0.764),    59 NI     5g4+   ( 0.645),                                                                                          

--

 The LOCORB file has been written.

      Input file to MOLDEN was generated!

 The MOLDEN file has been written.

 *** Total localisation time (CPU) :        0 hours  0 minutes   0.08 seconds ***
 *** Total localisation time (Wall):        0 hours  0 minutes   0.10 seconds ***

--- Stop Module: localisation at Wed Sep  2 15:03:04 2026 /rc=_RC_ALL_IS_WELL_ ---

*** symbolic link created: INPORB -> d8_oh.LocOrb
--- Start Module: rasscf at Wed Sep  2 15:03:04 2026 ---

()()()()()()()()()()()()()()()()()()()()()()()()()()()()()()()()()()()()()()()()()()()()()()()()()()

                                              &RASSCF

                                   only a single process is used
                       available to each process: 176 GB of memory, 1 thread
                                             pid: 41457
()()()()()()()()()()()()()()()()()()()()()()()()()()()()()()()()()()()()()()()()()()()()()()()()()()

  Orbital specification was read from input.

      Header of the ONEINT file:
      --------------------------
      
      Integrals generated by Gateway/Seward, Wed Sep  2 15:02:44 2026


      OrdInt status: non-squared


      Cartesian coordinates in angstrom:
      -----------------------------------------------------
      No.  Label        X            Y            Z        
      -----------------------------------------------------
       1   NI         0.00000000   0.00000000   0.00000000
      -----------------------------------------------------
      Nuclear repulsion energy =  -44.45088569

++    Wave function specifications:
      -----------------------------

      Number of closed shell electrons          18
      Number of electrons in active shells       8
      Max number of holes in RAS1 space          0
      Max nr of electrons in RAS3 space          0
      Number of inactive orbitals                9
      Number of active orbitals                  5
      Number of secondary orbitals              45
      Spin quantum number                      1.0
      State symmetry                             1
--

++    Orbital specifications:
      -----------------------

      Symmetry species                           1
                                                 a
      Frozen orbitals                            0
      Inactive orbitals                          9
      Active orbitals                            5
      RAS1 orbitals                              0
      RAS2 orbitals                              5
      RAS3 orbitals                              0
      Secondary orbitals                        45
      Deleted orbitals                           0
      Number of basis functions                 59
--

++    CI expansion specifications:
      ----------------------------

      Number of CSFs                            10
      Number of determinants                    10
      Number of root(s) required                 7
      Root chosen for geometry opt.              7
      CI roots used                              1     2     3     4     5     6     7
      weights                                0.143 0.143 0.143 0.143 0.143 0.143 0.143
      highest root included in the CI            7
      max. size of the explicit Hamiltonian     10
--

++    Optimization specifications:
      ----------------------------

      RASSCF algorithm: Conventional
      Maximum number of macro iterations       200
      Maximum number of SX iterations          100
      Threshold for RASSCF energy            1.000E-08
      Threshold for max MO rotation          1.000E-01
      Threshold for max BLB element          1.000E-04
      Level shift parameter                  5.000E-01
      Make Quasi-Newton update
--

      The MO-coefficients are taken from the file:
      INPORB
      Title:Localised orbitals                                                             

      Total molecular charge    2.00

      ************************************************************************************************************************
      *                                                                                                                      *
      *                                            Wave function control section                                             *
      *                                                                                                                      *
      ************************************************************************************************************************


                                         CASCI only, no orbital optimization will be done.
                                         -------------------------------------------------

      Iter CI   SX   CI       RASSCF       Energy    max ROT     max BLB   max BLB  Level Ln srch  Step   QN   Walltime
          iter iter root      energy       change     param      element    value   shift minimum  type update hh:mm:ss
 Nr of preliminary CI iterations:   1
        1   1    0    0 -1521.38770032    0.00E+00   0.00E+00   14  40 1 -1.98E-07   0.00   0.00    SX    NO    0:00:00

      ************************************************************************************************************************
                                                      Wave function printout:
                       occupation of active orbitals, and spin coupling of open shells (u,d: Spin up or down)
      ************************************************************************************************************************

      Note: transformation to natural orbitals
      has been made, which may change the order of the CSFs.

      printout of CI-coefficients larger than  0.00 for root  1
      energy=   -1521.388383
      conf/sym  11111     Coeff  Weight
             1  222uu   1.00000 1.00000
             2  22u2u   0.00000 0.00000
             3  22uu2  -0.00000 0.00000
             4  2u22u   0.00000 0.00000
             5  2u2u2   0.00000 0.00000
             6  2uu22  -0.00000 0.00000
             7  u222u  -0.00000 0.00000
             8  u22u2  -0.00000 0.00000
             9  u2u22   0.00000 0.00000
            10  uu222   0.00000 0.00000

      printout of CI-coefficients larger than  0.00 for root  2
      energy=   -1521.387814
      conf/sym  11111     Coeff  Weight
             1  222uu   0.00000 0.00000
             2  22u2u  -0.76145 0.57980
             3  22uu2   0.43962 0.19327
             4  2u22u   0.40535 0.16430
             5  2u2u2   0.23403 0.05477
             6  2uu22  -0.00000 0.00000
             7  u222u  -0.00000 0.00000
             8  u22u2  -0.08866 0.00786
             9  u2u22  -0.00000 0.00000
            10  uu222   0.00000 0.00000

      printout of CI-coefficients larger than  0.00 for root  3
      energy=   -1521.387814
      conf/sym  11111     Coeff  Weight
             1  222uu   0.00000 0.00000
             2  22u2u  -0.39835 0.15868
             3  22uu2   0.22999 0.05289
             4  2u22u  -0.76431 0.58417
             5  2u2u2  -0.44128 0.19472
             6  2uu22   0.00000 0.00000
             7  u222u   0.00000 0.00000
             8  u22u2  -0.09761 0.00953
             9  u2u22   0.00000 0.00000
            10  uu222   0.00000 0.00000

      printout of CI-coefficients larger than  0.00 for root  4
      energy=   -1521.387814
      conf/sym  11111     Coeff  Weight
             1  222uu   0.00000 0.00000
             2  22u2u  -0.10733 0.01152
             3  22uu2   0.06197 0.00384
             4  2u22u  -0.03901 0.00152
             5  2u2u2  -0.02252 0.00051
             6  2uu22  -0.00000 0.00000
             7  u222u  -0.00000 0.00000
             8  u22u2   0.99127 0.98261
             9  u2u22  -0.00000 0.00000
            10  uu222  -0.00000 0.00000

      printout of CI-coefficients larger than  0.00 for root  5
      energy=   -1521.387359
      conf/sym  11111     Coeff  Weight
             1  222uu   0.00000 0.00000
             2  22u2u   0.01244 0.00015
             3  22uu2   0.02154 0.00046
             4  2u22u  -0.05400 0.00292
             5  2u2u2   0.09353 0.00875
             6  2uu22  -0.86575 0.74953
             7  u222u  -0.43547 0.18964
             8  u22u2  -0.00000 0.00000
             9  u2u22  -0.21472 0.04610
            10  uu222  -0.04946 0.00245

      printout of CI-coefficients larger than  0.00 for root  6
      energy=   -1521.387359
      conf/sym  11111     Coeff  Weight
             1  222uu  -0.00000 0.00000
             2  22u2u  -0.21156 0.04476
             3  22uu2  -0.36642 0.13427
             4  2u22u   0.06972 0.00486
             5  2u2u2  -0.12077 0.01458
             6  2uu22  -0.11681 0.01365
             7  u222u  -0.05876 0.00345
             8  u22u2   0.00000 0.00000
             9  u2u22   0.27724 0.07686
            10  uu222   0.84117 0.70757

      printout of CI-coefficients larger than  0.00 for root  7
      energy=   -1521.387359
      conf/sym  11111     Coeff  Weight
             1  222uu  -0.00000 0.00000
             2  22u2u  -0.07463 0.00557
             3  22uu2  -0.12927 0.01671
             4  2u22u  -0.20665 0.04270
             5  2u2u2   0.35792 0.12811
             6  2uu22   0.18683 0.03491
             7  u222u   0.09398 0.00883
             8  u22u2   0.00000 0.00000
             9  u2u22  -0.82165 0.67511
            10  uu222   0.29675 0.08806

      Natural orbitals and occupation numbers for root  1
      sym 1:   2.000000   2.000000   2.000000   1.000000   1.000000

      Natural orbitals and occupation numbers for root  2
      sym 1:   2.000000   1.842246   1.157754   1.842246   1.157754

      Natural orbitals and occupation numbers for root  3
      sym 1:   2.000000   1.154564   1.845436   1.845436   1.154564

      Natural orbitals and occupation numbers for root  4
      sym 1:   1.013007   2.000000   1.986993   1.013007   1.986993

      Natural orbitals and occupation numbers for root  5
      sym 1:   1.838829   1.161171   1.161171   2.000000   1.838829

      Natural orbitals and occupation numbers for root  6
      sym 1:   1.132400   1.132400   1.867600   1.867600   2.000000

      Natural orbitals and occupation numbers for root  7
      sym 1:   1.112622   1.887378   1.112622   1.887378   2.000000

      ************************************************************************************************************************
      *                                                                                                                      *
      *                                                    Final results                                                     *
      *                                                                                                                      *
      ************************************************************************************************************************


++    Final optimization conditions:
      ------------------------------

      Average CI energy                           -1521.38770032
      RASSCF energy for state  7                  -1521.38735885
      Super-CI energy                                 0.00000000
      RASSCF energy change                            0.00000000
      Max change in MO coefficients               0.000E+00
      Max non-diagonal density matrix element     0.000E+00
      Maximum BLB matrix element                 -1.976E-07
      (orbital pair  14,  40 in symmetry   1)
      Norm of electronic gradient            1.815E-01
--


      Final state energy(ies):
      ------------------------

::    RASSCF root number  1 Total energy:  -1521.38838323
::    RASSCF root number  2 Total energy:  -1521.38781416
::    RASSCF root number  3 Total energy:  -1521.38781416
::    RASSCF root number  4 Total energy:  -1521.38781416
::    RASSCF root number  5 Total energy:  -1521.38735885
::    RASSCF root number  6 Total energy:  -1521.38735885
::    RASSCF root number  7 Total energy:  -1521.38735885

++    Molecular orbitals:
      -------------------

      Pseudonatural active orbitals and approximate occupation numbers


      MOLECULAR ORBITALS FOR SYMMETRY SPECIES 1: a  

      INDEX  ENERGY  OCCUPATION COEFFICIENTS ...
          1    0.0000    2.0000                                                                                                           
                 1 NI     1s     ( 1.0000)
          2    0.0000    2.0000                                                                                                           
                 2 NI     2s     ( 1.0000)
          3    0.0000    2.0000                                                                                                           
                 7 NI     2px    ( 0.1678)  12 NI     2py    ( 0.1455)  17 NI     2pz    ( 0.9750)
          4    0.0000    2.0000                                                                                                           
                 7 NI     2px    ( 0.2227)  12 NI     2py    ( 0.9579)  17 NI     2pz    (-0.1813)
          5    0.0000    2.0000                                                                                                           
                 7 NI     2px    ( 0.9603)  12 NI     2py    (-0.2476)  17 NI     2pz    (-0.1283)
          6    0.0000    2.0000                                                                                                           
                 3 NI     3s     ( 1.0000)
          7    0.0000    2.0000                                                                                                           
                 8 NI     3px    ( 0.5291)  13 NI     3py    ( 0.2291)  18 NI     3pz    ( 0.8170)
          8    0.0000    2.0000                                                                                                           
                 8 NI     3px    (-0.7270)  13 NI     3py    (-0.3740)  18 NI     3pz    ( 0.5758)
          9    0.0000    2.0000                                                                                                           
                 8 NI     3px    (-0.4375)  13 NI     3py    ( 0.8987)
         10    0.0000    0.0000                                                                                                           
                22 NI     3d2-   ( 0.9966)
         11    0.0000    0.0000                                                                                                           
                25 NI     3d1-   ( 0.9966)
         12    0.0000    0.0000                                                                                                           
                31 NI     3d1+   ( 0.9966)
         13    0.0000    0.0000                                                                                                           
                28 NI     3d0    ( 0.9965)
         14    0.0000    0.0000                                                                                                           
                34 NI     3d2+   ( 0.9965)
         15    0.0000    0.0000                                                                                                           
                 4 NI     4s     ( 0.9737)   5 NI     5s     (-0.2272)
         16    0.0000    0.0000                                                                                                           
                 9 NI     4px    ( 0.1237)  19 NI     4pz    ( 0.9665)  20 NI     5pz    ( 0.2019)
         17    0.0000    0.0000                                                                                                           
                 9 NI     4px    ( 0.1743)  14 NI     4py    ( 0.9588)  15 NI     5py    ( 0.2002)
         18    0.0000    0.0000                                                                                                           
                 9 NI     4px    (-0.9508)  10 NI     5px    (-0.1986)  14 NI     4py    ( 0.1740)  19 NI     4pz    ( 0.1241)
      
         19    0.0000    0.0000                                                                                                           
                 4 NI     4s     ( 0.2271)   5 NI     5s     ( 0.9616)   6 NI     6s     ( 0.1538)
         20    0.0000    0.0000                                                                                                           
                23 NI     4d2-   ( 0.8674)  24 NI     5d2-   ( 0.4602)  26 NI     4d1-   (-0.1146)
         21    0.0000    0.0000                                                                                                           
                26 NI     4d1-   ( 0.8581)  27 NI     5d1-   ( 0.4552)  32 NI     4d1+   (-0.1734)
         22    0.0000    0.0000                                                                                                           
                23 NI     4d2-   ( 0.1183)  26 NI     4d1-   ( 0.1604)  32 NI     4d1+   ( 0.8575)  33 NI     5d1+   ( 0.4550)
      
         23    0.0000    0.0000                                                                                                           
                29 NI     4d0    (-0.4761)  30 NI     5d0    (-0.2499)  35 NI     4d2+   ( 0.7429)  36 NI     5d2+   ( 0.3899)
      
         24    0.0000    0.0000                                                                                                           
                29 NI     4d0    ( 0.7429)  30 NI     5d0    ( 0.3899)  35 NI     4d2+   ( 0.4761)  36 NI     5d2+   ( 0.2499)
      
         25    0.0000    0.0000                                                                                                           
                10 NI     5px    ( 0.1425)  11 NI     6px    ( 0.1362)  15 NI     5py    ( 0.1560)  16 NI     6py    ( 0.1491)
                19 NI     4pz    (-0.2030)  20 NI     5pz    ( 0.6741)  21 NI     6pz    ( 0.6442)
         26    0.0000    0.0000                                                                                                           
                14 NI     4py    (-0.2053)  15 NI     5py    ( 0.6816)  16 NI     6py    ( 0.6513)  20 NI     5pz    (-0.1723)
                21 NI     6pz    (-0.1647)
         27    0.0000    0.0000                                                                                                           
                 9 NI     4px    ( 0.2073)  10 NI     5px    (-0.6884)  11 NI     6px    (-0.6579)  15 NI     5py    ( 0.1008)
                20 NI     5pz    ( 0.1223)  21 NI     6pz    ( 0.1168)
         28    0.0000    0.0000                                                                                                           
                 5 NI     5s     (-0.1537)   6 NI     6s     ( 0.9880)
         29    0.0000    0.0000                                                                                                           
                39 NI     4f2-   ( 0.8109)  40 NI     5f2-   ( 0.5852)
         30    0.0000    0.0000                                                                                                           
                37 NI     4f3-   ( 0.1110)  41 NI     4f1-   (-0.1433)  42 NI     5f1-   (-0.1034)  45 NI     4f1+   ( 0.5971)
                46 NI     5f1+   ( 0.4308)  47 NI     4f2+   ( 0.2330)  48 NI     5f2+   ( 0.1681)  49 NI     4f3+   ( 0.4625)
                50 NI     5f3+   ( 0.3337)
         31    0.0000    0.0000                                                                                                           
                37 NI     4f3-   ( 0.3285)  38 NI     5f3-   ( 0.2370)  41 NI     4f1-   (-0.4240)  42 NI     5f1-   (-0.3059)
                45 NI     4f1+   (-0.2317)  46 NI     5f1+   (-0.1672)  47 NI     4f2+   ( 0.5330)  48 NI     5f2+   ( 0.3845)
                49 NI     4f3+   (-0.1795)  50 NI     5f3+   (-0.1295)
         32    0.0000    0.0000                                                                                                           
                37 NI     4f3-   (-0.3556)  38 NI     5f3-   (-0.2565)  41 NI     4f1-   ( 0.4590)  42 NI     5f1-   ( 0.3312)
                47 NI     4f2+   ( 0.5651)  48 NI     5f2+   ( 0.4077)
         33    0.0000    0.0000                                                                                                           
                37 NI     4f3-   (-0.1436)  38 NI     5f3-   (-0.1036)  41 NI     4f1-   (-0.1112)  43 NI     4f0    (-0.1811)
                44 NI     5f0    (-0.1307)  45 NI     4f1+   (-0.4712)  46 NI     5f1+   (-0.3398)  49 NI     4f3+   ( 0.6083)
                50 NI     5f3+   ( 0.4387)
         34    0.0000    0.0000                                                                                                           
                37 NI     4f3-   ( 0.5972)  38 NI     5f3-   ( 0.4308)  41 NI     4f1-   ( 0.4626)  42 NI     5f1-   ( 0.3337)
                43 NI     4f0    ( 0.1925)  44 NI     5f0    ( 0.1389)  45 NI     4f1+   (-0.1370)  49 NI     4f3+   ( 0.1768)
                50 NI     5f3+   ( 0.1275)
         35    0.0000    0.0000                                                                                                           
                37 NI     4f3-   (-0.1839)  38 NI     5f3-   (-0.1326)  41 NI     4f1-   (-0.1424)  42 NI     5f1-   (-0.1027)
                43 NI     4f0    ( 0.7668)  44 NI     5f0    ( 0.5530)
         36    0.0000    0.0000                                                                                                           
                23 NI     4d2-   (-0.4495)  24 NI     5d2-   ( 0.8474)  26 NI     4d1-   ( 0.1296)  27 NI     5d1-   (-0.2443)
      
         37    0.0000    0.0000                                                                                                           
                24 NI     5d2-   ( 0.1454)  26 NI     4d1-   (-0.1777)  27 NI     5d1-   ( 0.3351)  32 NI     4d1+   ( 0.4266)
                33 NI     5d1+   (-0.8044)
         38    0.0000    0.0000                                                                                                           
                23 NI     4d2-   (-0.1077)  24 NI     5d2-   ( 0.2030)  26 NI     4d1-   (-0.4137)  27 NI     5d1-   ( 0.7800)
                32 NI     4d1+   (-0.1918)  33 NI     5d1+   ( 0.3617)
         39    0.0000    0.0000                                                                                                           
                29 NI     4d0    (-0.3816)  30 NI     5d0    ( 0.7272)  35 NI     4d2+   ( 0.2652)  36 NI     5d2+   (-0.5053)
      
         40    0.0000    0.0000                                                                                                           
                29 NI     4d0    (-0.2652)  30 NI     5d0    ( 0.5053)  35 NI     4d2+   (-0.3816)  36 NI     5d2+   ( 0.7272)
      
         41    0.0000    0.0000                                                                                                           
                10 NI     5px    (-0.3929)  11 NI     6px    ( 0.4241)  15 NI     5py    (-0.1439)  16 NI     6py    ( 0.1554)
                20 NI     5pz    (-0.5334)  21 NI     6pz    ( 0.5757)
         42    0.0000    0.0000                                                                                                           
                10 NI     5px    (-0.4139)  11 NI     6px    ( 0.4467)  15 NI     5py    (-0.3569)  16 NI     6py    ( 0.3852)
                20 NI     5pz    ( 0.4011)  21 NI     6pz    (-0.4330)
         43    0.0000    0.0000                                                                                                           
                10 NI     5px    ( 0.3660)  11 NI     6px    (-0.3950)  15 NI     5py    (-0.5581)  16 NI     6py    ( 0.6024)
                20 NI     5pz    (-0.1190)  21 NI     6pz    ( 0.1284)
         44    0.0000    0.0000                                                                                                           
                39 NI     4f2-   (-0.5852)  40 NI     5f2-   ( 0.8109)
         45    0.0000    0.0000                                                                                                           
                37 NI     4f3-   (-0.2787)  38 NI     5f3-   ( 0.3863)  41 NI     4f1-   ( 0.3598)  42 NI     5f1-   (-0.4987)
                45 NI     4f1+   ( 0.1693)  46 NI     5f1+   (-0.2346)  47 NI     4f2+   (-0.2989)  48 NI     5f2+   ( 0.4143)
                49 NI     4f3+   ( 0.1311)  50 NI     5f3+   (-0.1818)
         46    0.0000    0.0000                                                                                                           
                37 NI     4f3-   (-0.2241)  38 NI     5f3-   ( 0.3106)  41 NI     4f1-   ( 0.2893)  42 NI     5f1-   (-0.4010)
                45 NI     4f1+   (-0.1721)  46 NI     5f1+   ( 0.2386)  47 NI     4f2+   ( 0.4012)  48 NI     5f2+   (-0.5561)
                49 NI     4f3+   (-0.1333)  50 NI     5f3+   ( 0.1848)
         47    0.0000    0.0000                                                                                                           
                45 NI     4f1+   (-0.3945)  46 NI     5f1+   ( 0.5469)  47 NI     4f2+   (-0.3033)  48 NI     5f2+   ( 0.4204)
                49 NI     4f3+   (-0.3056)  50 NI     5f3+   ( 0.4236)
         48    0.0000    0.0000                                                                                                           
                43 NI     4f0    (-0.2240)  44 NI     5f0    ( 0.3106)  45 NI     4f1+   ( 0.3305)  46 NI     5f1+   (-0.4582)
                49 NI     4f3+   (-0.4267)  50 NI     5f3+   ( 0.5916)
         49    0.0000    0.0000                                                                                                           
                37 NI     4f3-   (-0.4614)  38 NI     5f3-   ( 0.6397)  41 NI     4f1-   (-0.3574)  42 NI     5f1-   ( 0.4955)
      
         50    0.0000    0.0000                                                                                                           
                43 NI     4f0    (-0.5391)  44 NI     5f0    ( 0.7475)  45 NI     4f1+   (-0.1379)  46 NI     5f1+   ( 0.1912)
                49 NI     4f3+   ( 0.1780)  50 NI     5f3+   (-0.2469)
         51    0.0000    0.0000                                                                                                           
                52 NI     5g3-   ( 0.9310)  54 NI     5g1-   (-0.3519)
         52    0.0000    0.0000                                                                                                           
                53 NI     5g2-   (-0.8983)  56 NI     5g1+   ( 0.1526)  58 NI     5g3+   ( 0.4038)
         53    0.0000    0.0000                                                                                                           
                53 NI     5g2-   ( 0.4363)  56 NI     5g1+   ( 0.3176)  58 NI     5g3+   ( 0.8403)
         54    0.0000    0.0000                                                                                                           
                55 NI     5g0    (-0.6336)  57 NI     5g2+   ( 0.1912)  59 NI     5g4+   ( 0.7497)
         55    0.0000    0.0000                                                                                                           
                55 NI     5g0    ( 0.1234)  57 NI     5g2+   ( 0.9816)  59 NI     5g4+   (-0.1460)
         56    0.0000    0.0000                                                                                                           
                51 NI     5g4-   (-0.1226)  56 NI     5g1+   ( 0.9283)  58 NI     5g3+   (-0.3509)
         57    0.0000    0.0000                                                                                                           
                51 NI     5g4-   (-0.1458)  52 NI     5g3-   ( 0.3497)  54 NI     5g1-   ( 0.9252)
         58    0.0000    0.0000                                                                                                           
                51 NI     5g4-   ( 0.9817)  54 NI     5g1-   ( 0.1379)  56 NI     5g1+   ( 0.1129)
         59    0.0000    0.0000                                                                                                           
                55 NI     5g0    ( 0.7638)  59 NI     5g4+   ( 0.6455)
--

      Von Neumann Entropy (Root   1) =  1.00000


      Mulliken population analysis for root number:  1
      -----------------------------------------------


++    Molecular charges:
      ------------------

      Mulliken charges per centre and basis function type
      ---------------------------------------------------

                NI    
      1s       2.0000
      2s       2.0000
      2px      2.0000
      2pz      2.0000
      2py      2.0000
      3s       1.9999
      3px      1.9999
      3pz      1.9999
      3py      1.9999
      4s       0.0001
      3d2+     0.9930
      3d1+     1.9866
      3d0      0.9930
      3d1-     1.9866
      3d2-     1.9866
      4px      0.0001
      4pz      0.0001
      4py      0.0001
      5s       0.0000
      4d2+     0.0056
      4d1+     0.0107
      4d0      0.0056
      4d1-     0.0107
      4d2-     0.0107
      5px      0.0000
      5pz      0.0000
      5py      0.0000
      6s       0.0000
      4f3+     0.0000
      4f2+     0.0000
      4f1+     0.0000
      4f0      0.0000
      4f1-     0.0000
      4f2-     0.0000
      4f3-     0.0000
      5d2+     0.0014
      5d1+     0.0028
      5d0      0.0014
      5d1-     0.0028
      5d2-     0.0028
      6px      0.0000
      6pz      0.0000
      6py      0.0000
      5f3+     0.0000
      5f2+     0.0000
      5f1+     0.0000
      5f0      0.0000
      5f1-     0.0000
      5f2-     0.0000
      5f3-     0.0000
      5g4+     0.0000
      5g3+     0.0000
      5g2+     0.0000
      5g1+     0.0000
      5g0      0.0000
      5g1-     0.0000
      5g2-     0.0000
      5g3-     0.0000
      5g4-     0.0000
      Total   26.0000

      N-E      2.0000

      Total electronic charge=   26.000000

      Total            charge=    2.000000
--



      Expectation values of various properties for root number:  1
      -----------------------------------------------------------


++    Molecular properties:
      ---------------------



       0-th cartesian moments: origin at (  0.00000000,  0.00000000,  0.00000000)
      ----------------------------------------------------------------------------
 Total electronic           -26.00000000
 Total nuclear               28.00000000
 Total                        2.00000000


       1-st cartesian moments: origin at (  0.00000000,  0.00000000,  0.00000000)
      ----------------------------------------------------------------------------
 Component                             X               Y               Z
 Total electronic             0.00000000     -0.00000000     -0.00000000
 Total nuclear                0.00000000      0.00000000      0.00000000
 Total                        0.00000000     -0.00000000     -0.00000000
      ----------------------------------------------------------------------------
      Total                   0.00000000     -0.00000000     -0.00000000   debye


       2-nd cartesian moments: origin at (  0.00000000,  0.00000000,  0.00000000)
      ----------------------------------------------------------------------------
 Component                            XX              XY              XZ              YY              YZ              ZZ
 Total electronic            -5.14694409     -0.00000000      0.00000000     -5.14694409      0.00000000     -5.14694409
 Total nuclear                0.00000000      0.00000000      0.00000000      0.00000000      0.00000000      0.00000000
 Total                       -5.14694409     -0.00000000      0.00000000     -5.14694409      0.00000000     -5.14694409



      Cartesian  2-pole moment: origin at (  0.00000000,  0.00000000,  0.00000000)
      ----------------------------------------------------------------------------
 Component                            XX              XY              XZ              YY              YZ              ZZ
 Total electronic             0.00000000     -0.00000000      0.00000000     -0.00000000      0.00000000     -0.00000000
 Total nuclear                0.00000000      0.00000000      0.00000000      0.00000000      0.00000000      0.00000000
 Total                        0.00000000     -0.00000000      0.00000000     -0.00000000      0.00000000     -0.00000000

--


      Spin density matrix for root number:  1
      --------------------------------------


      symmetry species 1


        0.0000000000000000
        0.0000000000000000      0.0000000000000000
        0.0000000000000000     -0.0000000000000000      0.0000000000000000
        0.0000000000001772      0.0000000000016748     -0.0000000000335313      1.0000000000000000
        0.0000000000019090      0.0000000000006924      0.0000000000278481      0.0000000000000000      1.0000000000000000

      Mulliken spin population analysis for root number:  1
      ---------------------------------------------------


++    Molecular charges:
      ------------------

      Mulliken spin population per centre and basis function type
      ---------------------------------------------------

                NI    
      1s       0.0000
      2s       0.0000
      2px      0.0000
      2pz      0.0000
      2py      0.0000
      3s       0.0000
      3px      0.0000
      3pz      0.0000
      3py      0.0000
      4s       0.0000
      3d2+     0.9930
      3d1+     0.0000
      3d0      0.9930
      3d1-     0.0000
      3d2-     0.0000
      4px      0.0000
      4pz      0.0000
      4py      0.0000
      5s       0.0000
      4d2+     0.0056
      4d1+     0.0000
      4d0      0.0056
      4d1-     0.0000
      4d2-     0.0000
      5px      0.0000
      5pz      0.0000
      5py      0.0000
      6s       0.0000
      4f3+     0.0000
      4f2+     0.0000
      4f1+     0.0000
      4f0      0.0000
      4f1-     0.0000
      4f2-     0.0000
      4f3-     0.0000
      5d2+     0.0014
      5d1+     0.0000
      5d0      0.0014
      5d1-     0.0000
      5d2-     0.0000
      6px      0.0000
      6pz      0.0000
      6py      0.0000
      5f3+     0.0000
      5f2+     0.0000
      5f1+     0.0000
      5f0      0.0000
      5f1-     0.0000
      5f2-     0.0000
      5f3-     0.0000
      5g4+     0.0000
      5g3+     0.0000
      5g2+     0.0000
      5g1+     0.0000
      5g0      0.0000
      5g1-     0.0000
      5g2-     0.0000
      5g3-     0.0000
      5g4-     0.0000
      Total    2.0000

      Total electronic spin=    2.000000
--



      LoProp population analysis for root number:  1
      -----------------------------------------------


++    LoProp analysis:
      ----------------



      Input file to MOLDEN was generated!


++    Static properties:
      ------------------


      LoProp Charges per center


                   NI    
      Nuclear     28.0000
      Electronic -26.0000

      Total        2.0000
--


      Natural Bond Order analysis for root number:  1
--

      Von Neumann Entropy (Root   2) =  1.13146


      Mulliken population analysis for root number:  2
      -----------------------------------------------


++    Molecular charges:
      ------------------

      Mulliken charges per centre and basis function type
      ---------------------------------------------------

                NI    
      1s       2.0000
      2s       2.0000
      2px      2.0000
      2pz      2.0000
      2py      2.0000
      3s       1.9999
      3px      1.9999
      3pz      1.9999
      3py      1.9999
      4s       0.0001
      3d2+     1.2471
      3d1+     1.2187
      3d0      1.7319
      3d1-     1.7690
      3d2-     1.9788
      4px      0.0001
      4pz      0.0001
      4py      0.0001
      5s       0.0000
      4d2+     0.0070
      4d1+     0.0065
      4d0      0.0097
      4d1-     0.0095
      4d2-     0.0106
      5px      0.0000
      5pz      0.0000
      5py      0.0000
      6s       0.0000
      4f3+     0.0000
      4f2+     0.0000
      4f1+     0.0000
      4f0      0.0000
      4f1-     0.0000
      4f2-     0.0000
      4f3-     0.0000
      5d2+     0.0018
      5d1+     0.0017
      5d0      0.0025
      5d1-     0.0025
      5d2-     0.0028
      6px      0.0000
      6pz      0.0000
      6py      0.0000
      5f3+     0.0000
      5f2+     0.0000
      5f1+     0.0000
      5f0      0.0000
      5f1-     0.0000
      5f2-     0.0000
      5f3-     0.0000
      5g4+     0.0000
      5g3+     0.0000
      5g2+     0.0000
      5g1+     0.0000
      5g0      0.0000
      5g1-     0.0000
      5g2-     0.0000
      5g3-     0.0000
      5g4-     0.0000
      Total   26.0000

      N-E      2.0000

      Total electronic charge=   26.000000

      Total            charge=    2.000000
--



      Expectation values of various properties for root number:  2
      -----------------------------------------------------------


++    Molecular properties:
      ---------------------



       0-th cartesian moments: origin at (  0.00000000,  0.00000000,  0.00000000)
      ----------------------------------------------------------------------------
 Total electronic           -26.00000000
 Total nuclear               28.00000000
 Total                        2.00000000


       1-st cartesian moments: origin at (  0.00000000,  0.00000000,  0.00000000)
      ----------------------------------------------------------------------------
 Component                             X               Y               Z
 Total electronic             0.00000000     -0.00000000     -0.00000000
 Total nuclear                0.00000000      0.00000000      0.00000000
 Total                        0.00000000     -0.00000000     -0.00000000
      ----------------------------------------------------------------------------
      Total                   0.00000000     -0.00000000     -0.00000000   debye


       2-nd cartesian moments: origin at (  0.00000000,  0.00000000,  0.00000000)
      ----------------------------------------------------------------------------
 Component                            XX              XY              XZ              YY              YZ              ZZ
 Total electronic            -5.14523268      0.06897695      0.00695526     -5.14597209     -0.01306555     -5.14495078
 Total nuclear                0.00000000      0.00000000      0.00000000      0.00000000      0.00000000      0.00000000
 Total                       -5.14523268      0.06897695      0.00695526     -5.14597209     -0.01306555     -5.14495078



      Cartesian  2-pole moment: origin at (  0.00000000,  0.00000000,  0.00000000)
      ----------------------------------------------------------------------------
 Component                            XX              XY              XZ              YY              YZ              ZZ
 Total electronic             0.00022875      0.10346542      0.01043290     -0.00088036     -0.01959833      0.00065161
 Total nuclear                0.00000000      0.00000000      0.00000000      0.00000000      0.00000000      0.00000000
 Total                        0.00022875      0.10346542      0.01043290     -0.00088036     -0.01959833      0.00065161

--


      Spin density matrix for root number:  2
      --------------------------------------


      symmetry species 1


        0.0078602504905617
        0.0207483026904406      0.2190729480162086
       -0.0389759498443929      0.2057656575230228      0.7730668014932296
        0.0000000000326278      0.0000000000815123      0.0000000000700332      0.2558951876782852
       -0.0000000004474026      0.0000000002200443     -0.0000000001287199      0.2398863751418548      0.7441048123217149

      Mulliken spin population analysis for root number:  2
      ---------------------------------------------------


++    Molecular charges:
      ------------------

      Mulliken spin population per centre and basis function type
      ---------------------------------------------------

                NI    
      1s       0.0000
      2s       0.0000
      2px      0.0000
      2pz      0.0000
      2py      0.0000
      3s       0.0000
      3px      0.0000
      3pz      0.0000
      3py      0.0000
      4s       0.0000
      3d2+     0.7389
      3d1+     0.7679
      3d0      0.2541
      3d1-     0.2176
      3d2-     0.0078
      4px      0.0000
      4pz      0.0000
      4py      0.0000
      5s       0.0000
      4d2+     0.0041
      4d1+     0.0041
      4d0      0.0014
      4d1-     0.0012
      4d2-     0.0000
      5px      0.0000
      5pz      0.0000
      5py      0.0000
      6s       0.0000
      4f3+     0.0000
      4f2+     0.0000
      4f1+     0.0000
      4f0      0.0000
      4f1-     0.0000
      4f2-     0.0000
      4f3-     0.0000
      5d2+     0.0011
      5d1+     0.0011
      5d0      0.0004
      5d1-     0.0003
      5d2-     0.0000
      6px      0.0000
      6pz      0.0000
      6py      0.0000
      5f3+     0.0000
      5f2+     0.0000
      5f1+     0.0000
      5f0      0.0000
      5f1-     0.0000
      5f2-     0.0000
      5f3-     0.0000
      5g4+     0.0000
      5g3+     0.0000
      5g2+     0.0000
      5g1+     0.0000
      5g0      0.0000
      5g1-     0.0000
      5g2-     0.0000
      5g3-     0.0000
      5g4-     0.0000
      Total    2.0000

      Total electronic spin=    2.000000
--



      LoProp population analysis for root number:  2
      -----------------------------------------------


++    LoProp analysis:
      ----------------



      Input file to MOLDEN was generated!


++    Static properties:
      ------------------


      LoProp Charges per center


                   NI    
      Nuclear     28.0000
      Electronic -26.0000

      Total        2.0000
--


      Natural Bond Order analysis for root number:  2
--

      Von Neumann Entropy (Root   3) =  1.12931


      Mulliken population analysis for root number:  3
      -----------------------------------------------


++    Molecular charges:
      ------------------

      Mulliken charges per centre and basis function type
      ---------------------------------------------------

                NI    
      1s       2.0000
      2s       2.0000
      2px      2.0000
      2pz      2.0000
      2py      2.0000
      3s       1.9999
      3px      1.9999
      3pz      1.9999
      3py      1.9999
      4s       0.0001
      3d2+     1.2484
      3d1+     1.7764
      3d0      1.7307
      3d1-     1.2129
      3d2-     1.9771
      4px      0.0001
      4pz      0.0001
      4py      0.0001
      5s       0.0000
      4d2+     0.0070
      4d1+     0.0095
      4d0      0.0097
      4d1-     0.0065
      4d2-     0.0106
      5px      0.0000
      5pz      0.0000
      5py      0.0000
      6s       0.0000
      4f3+     0.0000
      4f2+     0.0000
      4f1+     0.0000
      4f0      0.0000
      4f1-     0.0000
      4f2-     0.0000
      4f3-     0.0000
      5d2+     0.0018
      5d1+     0.0025
      5d0      0.0025
      5d1-     0.0017
      5d2-     0.0028
      6px      0.0000
      6pz      0.0000
      6py      0.0000
      5f3+     0.0000
      5f2+     0.0000
      5f1+     0.0000
      5f0      0.0000
      5f1-     0.0000
      5f2-     0.0000
      5f3-     0.0000
      5g4+     0.0000
      5g3+     0.0000
      5g2+     0.0000
      5g1+     0.0000
      5g0      0.0000
      5g1-     0.0000
      5g2-     0.0000
      5g3-     0.0000
      5g4-     0.0000
      Total   26.0000

      N-E      2.0000

      Total electronic charge=   26.000000

      Total            charge=    2.000000
--



      Expectation values of various properties for root number:  3
      -----------------------------------------------------------


++    Molecular properties:
      ---------------------



       0-th cartesian moments: origin at (  0.00000000,  0.00000000,  0.00000000)
      ----------------------------------------------------------------------------
 Total electronic           -26.00000000
 Total nuclear               28.00000000
 Total                        2.00000000


       1-st cartesian moments: origin at (  0.00000000,  0.00000000,  0.00000000)
      ----------------------------------------------------------------------------
 Component                             X               Y               Z
 Total electronic             0.00000000     -0.00000000     -0.00000000
 Total nuclear                0.00000000      0.00000000      0.00000000
 Total                        0.00000000     -0.00000000     -0.00000000
      ----------------------------------------------------------------------------
      Total                   0.00000000     -0.00000000     -0.00000000   debye


       2-nd cartesian moments: origin at (  0.00000000,  0.00000000,  0.00000000)
      ----------------------------------------------------------------------------
 Component                            XX              XY              XZ              YY              YZ              ZZ
 Total electronic            -5.14597987     -0.06804131     -0.01443894     -5.14522267     -0.00752534     -5.14495300
 Total nuclear                0.00000000      0.00000000      0.00000000      0.00000000      0.00000000      0.00000000
 Total                       -5.14597987     -0.06804131     -0.01443894     -5.14522267     -0.00752534     -5.14495300



      Cartesian  2-pole moment: origin at (  0.00000000,  0.00000000,  0.00000000)
      ----------------------------------------------------------------------------
 Component                            XX              XY              XZ              YY              YZ              ZZ
 Total electronic            -0.00089203     -0.10206197     -0.02165841      0.00024377     -0.01128801      0.00064827
 Total nuclear                0.00000000      0.00000000      0.00000000      0.00000000      0.00000000      0.00000000
 Total                       -0.00089203     -0.10206197     -0.02165841      0.00024377     -0.01128801      0.00064827

--


      Spin density matrix for root number:  3
      --------------------------------------


      symmetry species 1


        0.0095276940478592
       -0.0430729145690021      0.7788982215618577
       -0.0224489039983593     -0.2029745539144058      0.2115740843902825
       -0.0000000000554044     -0.0000000001654119      0.0000000002712596      0.2571457705519217
        0.0000000002244582     -0.0000000002326160     -0.0000000004332726     -0.2456585575182942      0.7428542294480778

      Mulliken spin population analysis for root number:  3
      ---------------------------------------------------


++    Molecular charges:
      ------------------

      Mulliken spin population per centre and basis function type
      ---------------------------------------------------

                NI    
      1s       0.0000
      2s       0.0000
      2px      0.0000
      2pz      0.0000
      2py      0.0000
      3s       0.0000
      3px      0.0000
      3pz      0.0000
      3py      0.0000
      4s       0.0000
      3d2+     0.7377
      3d1+     0.2102
      3d0      0.2553
      3d1-     0.7737
      3d2-     0.0095
      4px      0.0000
      4pz      0.0000
      4py      0.0000
      5s       0.0000
      4d2+     0.0041
      4d1+     0.0011
      4d0      0.0014
      4d1-     0.0042
      4d2-     0.0001
      5px      0.0000
      5pz      0.0000
      5py      0.0000
      6s       0.0000
      4f3+     0.0000
      4f2+     0.0000
      4f1+     0.0000
      4f0      0.0000
      4f1-     0.0000
      4f2-     0.0000
      4f3-     0.0000
      5d2+     0.0011
      5d1+     0.0003
      5d0      0.0004
      5d1-     0.0011
      5d2-     0.0000
      6px      0.0000
      6pz      0.0000
      6py      0.0000
      5f3+     0.0000
      5f2+     0.0000
      5f1+     0.0000
      5f0      0.0000
      5f1-     0.0000
      5f2-     0.0000
      5f3-     0.0000
      5g4+     0.0000
      5g3+     0.0000
      5g2+     0.0000
      5g1+     0.0000
      5g0      0.0000
      5g1-     0.0000
      5g2-     0.0000
      5g3-     0.0000
      5g4-     0.0000
      Total    2.0000

      Total electronic spin=    2.000000
--



      LoProp population analysis for root number:  3
      -----------------------------------------------


++    LoProp analysis:
      ----------------



      Input file to MOLDEN was generated!


++    Static properties:
      ------------------


      LoProp Charges per center


                   NI    
      Nuclear     28.0000
      Electronic -26.0000

      Total        2.0000
--


      Natural Bond Order analysis for root number:  3
--

      Von Neumann Entropy (Root   4) =  1.01282


      Mulliken population analysis for root number:  4
      -----------------------------------------------


++    Molecular charges:
      ------------------

      Mulliken charges per centre and basis function type
      ---------------------------------------------------

                NI    
      1s       2.0000
      2s       2.0000
      2px      2.0000
      2pz      2.0000
      2py      2.0000
      3s       1.9999
      3px      1.9999
      3pz      1.9999
      3py      1.9999
      4s       0.0001
      3d2+     1.9731
      3d1+     1.9713
      3d0      1.0060
      3d1-     1.9845
      3d2-     1.0106
      4px      0.0001
      4pz      0.0001
      4py      0.0001
      5s       0.0000
      4d2+     0.0110
      4d1+     0.0106
      4d0      0.0056
      4d1-     0.0107
      4d2-     0.0054
      5px      0.0000
      5pz      0.0000
      5py      0.0000
      6s       0.0000
      4f3+     0.0000
      4f2+     0.0000
      4f1+     0.0000
      4f0      0.0000
      4f1-     0.0000
      4f2-     0.0000
      4f3-     0.0000
      5d2+     0.0029
      5d1+     0.0027
      5d0      0.0015
      5d1-     0.0028
      5d2-     0.0014
      6px      0.0000
      6pz      0.0000
      6py      0.0000
      5f3+     0.0000
      5f2+     0.0000
      5f1+     0.0000
      5f0      0.0000
      5f1-     0.0000
      5f2-     0.0000
      5f3-     0.0000
      5g4+     0.0000
      5g3+     0.0000
      5g2+     0.0000
      5g1+     0.0000
      5g0      0.0000
      5g1-     0.0000
      5g2-     0.0000
      5g3-     0.0000
      5g4-     0.0000
      Total   26.0000

      N-E      2.0000

      Total electronic charge=   26.000000

      Total            charge=    2.000000
--



      Expectation values of various properties for root number:  4
      -----------------------------------------------------------


++    Molecular properties:
      ---------------------



       0-th cartesian moments: origin at (  0.00000000,  0.00000000,  0.00000000)
      ----------------------------------------------------------------------------
 Total electronic           -26.00000000
 Total nuclear               28.00000000
 Total                        2.00000000


       1-st cartesian moments: origin at (  0.00000000,  0.00000000,  0.00000000)
      ----------------------------------------------------------------------------
 Component                             X               Y               Z
 Total electronic             0.00000000     -0.00000000     -0.00000000
 Total nuclear                0.00000000      0.00000000      0.00000000
 Total                        0.00000000     -0.00000000     -0.00000000
      ----------------------------------------------------------------------------
      Total                   0.00000000     -0.00000000     -0.00000000   debye


       2-nd cartesian moments: origin at (  0.00000000,  0.00000000,  0.00000000)
      ----------------------------------------------------------------------------
 Component                            XX              XY              XZ              YY              YZ              ZZ
 Total electronic            -5.14494299     -0.00093564      0.00748368     -5.14496079      0.02059089     -5.14625177
 Total nuclear                0.00000000      0.00000000      0.00000000      0.00000000      0.00000000      0.00000000
 Total                       -5.14494299     -0.00093564      0.00748368     -5.14496079      0.02059089     -5.14625177



      Cartesian  2-pole moment: origin at (  0.00000000,  0.00000000,  0.00000000)
      ----------------------------------------------------------------------------
 Component                            XX              XY              XZ              YY              YZ              ZZ
 Total electronic             0.00066328     -0.00140345      0.01122551      0.00063659      0.03088634     -0.00129988
 Total nuclear                0.00000000      0.00000000      0.00000000      0.00000000      0.00000000      0.00000000
 Total                        0.00066328     -0.00140345      0.01122551      0.00063659      0.03088634     -0.00129988

--


      Spin density matrix for root number:  4
      --------------------------------------


      symmetry species 1


        0.9826120554615789
        0.0223246120754397      0.0020288304219332
        0.0614248542312761     -0.0027911036268488      0.0153591141164877
        0.0000000000078123     -0.0000000008057830      0.0000000001685658      0.9869590416369561
       -0.0000000000577566      0.0000000000143274      0.0000000000048148      0.0057721822564818      0.0130409583630438

      Mulliken spin population analysis for root number:  4
      ---------------------------------------------------


++    Molecular charges:
      ------------------

      Mulliken spin population per centre and basis function type
      ---------------------------------------------------

                NI    
      1s       0.0000
      2s       0.0000
      2px      0.0000
      2pz      0.0000
      2py      0.0000
      3s       0.0000
      3px      0.0000
      3pz      0.0000
      3py      0.0000
      4s       0.0000
      3d2+     0.0129
      3d1+     0.0153
      3d0      0.9801
      3d1-     0.0020
      3d2-     0.9760
      4px      0.0000
      4pz      0.0000
      4py      0.0000
      5s       0.0000
      4d2+     0.0001
      4d1+     0.0001
      4d0      0.0055
      4d1-     0.0000
      4d2-     0.0052
      5px      0.0000
      5pz      0.0000
      5py      0.0000
      6s       0.0000
      4f3+     0.0000
      4f2+     0.0000
      4f1+     0.0000
      4f0      0.0000
      4f1-     0.0000
      4f2-     0.0000
      4f3-     0.0000
      5d2+     0.0000
      5d1+     0.0000
      5d0      0.0014
      5d1-     0.0000
      5d2-     0.0014
      6px      0.0000
      6pz      0.0000
      6py      0.0000
      5f3+     0.0000
      5f2+     0.0000
      5f1+     0.0000
      5f0      0.0000
      5f1-     0.0000
      5f2-     0.0000
      5f3-     0.0000
      5g4+     0.0000
      5g3+     0.0000
      5g2+     0.0000
      5g1+     0.0000
      5g0      0.0000
      5g1-     0.0000
      5g2-     0.0000
      5g3-     0.0000
      5g4-     0.0000
      Total    2.0000

      Total electronic spin=    2.000000
--



      LoProp population analysis for root number:  4
      -----------------------------------------------


++    LoProp analysis:
      ----------------



      Input file to MOLDEN was generated!


++    Static properties:
      ------------------


      LoProp Charges per center


                   NI    
      Nuclear     28.0000
      Electronic -26.0000

      Total        2.0000
--


      Natural Bond Order analysis for root number:  4
--

      Von Neumann Entropy (Root   5) =  1.13373


      Mulliken population analysis for root number:  5
      -----------------------------------------------


++    Molecular charges:
      ------------------

      Mulliken charges per centre and basis function type
      ---------------------------------------------------

                NI    
      1s       2.0000
      2s       2.0000
      2px      2.0000
      2pz      2.0000
      2py      2.0000
      3s       1.9999
      3px      1.9999
      3pz      1.9999
      3py      1.9999
      4s       0.0001
      3d2+     1.7946
      3d1+     1.1957
      3d0      1.9769
      3d1-     1.2281
      3d2-     1.7500
      4px      0.0001
      4pz      0.0001
      4py      0.0001
      5s       0.0000
      4d2+     0.0100
      4d1+     0.0064
      4d0      0.0111
      4d1-     0.0066
      4d2-     0.0094
      5px      0.0000
      5pz      0.0000
      5py      0.0000
      6s       0.0000
      4f3+     0.0000
      4f2+     0.0000
      4f1+     0.0000
      4f0      0.0000
      4f1-     0.0000
      4f2-     0.0000
      4f3-     0.0000
      5d2+     0.0026
      5d1+     0.0017
      5d0      0.0029
      5d1-     0.0017
      5d2-     0.0024
      6px      0.0000
      6pz      0.0000
      6py      0.0000
      5f3+     0.0000
      5f2+     0.0000
      5f1+     0.0000
      5f0      0.0000
      5f1-     0.0000
      5f2-     0.0000
      5f3-     0.0000
      5g4+     0.0000
      5g3+     0.0000
      5g2+     0.0000
      5g1+     0.0000
      5g0      0.0000
      5g1-     0.0000
      5g2-     0.0000
      5g3-     0.0000
      5g4-     0.0000
      Total   26.0000

      N-E      2.0000

      Total electronic charge=   26.000000

      Total            charge=    2.000000
--



      Expectation values of various properties for root number:  5
      -----------------------------------------------------------


++    Molecular properties:
      ---------------------



       0-th cartesian moments: origin at (  0.00000000,  0.00000000,  0.00000000)
      ----------------------------------------------------------------------------
 Total electronic           -26.00000000
 Total nuclear               28.00000000
 Total                        2.00000000


       1-st cartesian moments: origin at (  0.00000000,  0.00000000,  0.00000000)
      ----------------------------------------------------------------------------
 Component                             X               Y               Z
 Total electronic             0.00000000     -0.00000000     -0.00000000
 Total nuclear                0.00000000      0.00000000      0.00000000
 Total                        0.00000000     -0.00000000     -0.00000000
      ----------------------------------------------------------------------------
      Total                   0.00000000     -0.00000000     -0.00000000   debye


       2-nd cartesian moments: origin at (  0.00000000,  0.00000000,  0.00000000)
      ----------------------------------------------------------------------------
 Component                            XX              XY              XZ              YY              YZ              ZZ
 Total electronic            -5.18062795     -0.00043627     -0.00763675     -5.18787130     -0.00175903     -5.06392391
 Total nuclear                0.00000000      0.00000000      0.00000000      0.00000000      0.00000000      0.00000000
 Total                       -5.18062795     -0.00043627     -0.00763675     -5.18787130     -0.00175903     -5.06392391



      Cartesian  2-pole moment: origin at (  0.00000000,  0.00000000,  0.00000000)
      ----------------------------------------------------------------------------
 Component                            XX              XY              XZ              YY              YZ              ZZ
 Total electronic            -0.05473035     -0.00065440     -0.01145512     -0.06559537     -0.00263854      0.12032571
 Total nuclear                0.00000000      0.00000000      0.00000000      0.00000000      0.00000000      0.00000000
 Total                       -0.05473035     -0.00065440     -0.01145512     -0.06559537     -0.00263854      0.12032571

--


      Spin density matrix for root number:  5
      --------------------------------------


      symmetry species 1


        0.2381884633789144
       -0.2094109960673285      0.7636387457671426
       -0.0482351342536710     -0.0119630587605595      0.7962513065366927
       -0.0092520566150731      0.0186521776009014      0.0809777173379016      0.0092128606290146
       -0.0000000000282219     -0.0323065192779357      0.1402575219003899      0.0047830771886348      0.1927086236882355

      Mulliken spin population analysis for root number:  5
      ---------------------------------------------------


++    Molecular charges:
      ------------------

      Mulliken spin population per centre and basis function type
      ---------------------------------------------------

                NI    
      1s       0.0000
      2s       0.0000
      2px      0.0000
      2pz      0.0000
      2py      0.0000
      3s       0.0000
      3px      0.0000
      3pz      0.0000
      3py      0.0000
      4s       0.0000
      3d2+     0.1914
      3d1+     0.7909
      3d0      0.0091
      3d1-     0.7585
      3d2-     0.2366
      4px      0.0000
      4pz      0.0000
      4py      0.0000
      5s       0.0000
      4d2+     0.0011
      4d1+     0.0042
      4d0      0.0001
      4d1-     0.0041
      4d2-     0.0013
      5px      0.0000
      5pz      0.0000
      5py      0.0000
      6s       0.0000
      4f3+     0.0000
      4f2+     0.0000
      4f1+     0.0000
      4f0      0.0000
      4f1-     0.0000
      4f2-     0.0000
      4f3-     0.0000
      5d2+     0.0003
      5d1+     0.0011
      5d0      0.0000
      5d1-     0.0011
      5d2-     0.0003
      6px      0.0000
      6pz      0.0000
      6py      0.0000
      5f3+     0.0000
      5f2+     0.0000
      5f1+     0.0000
      5f0      0.0000
      5f1-     0.0000
      5f2-     0.0000
      5f3-     0.0000
      5g4+     0.0000
      5g3+     0.0000
      5g2+     0.0000
      5g1+     0.0000
      5g0      0.0000
      5g1-     0.0000
      5g2-     0.0000
      5g3-     0.0000
      5g4-     0.0000
      Total    2.0000

      Total electronic spin=    2.000000
--



      LoProp population analysis for root number:  5
      -----------------------------------------------


++    LoProp analysis:
      ----------------



      Input file to MOLDEN was generated!


++    Static properties:
      ------------------


      LoProp Charges per center


                   NI    
      Nuclear     28.0000
      Electronic -26.0000

      Total        2.0000
--


      Natural Bond Order analysis for root number:  5
--

      Von Neumann Entropy (Root   6) =  1.11381


      Mulliken population analysis for root number:  6
      -----------------------------------------------


++    Molecular charges:
      ------------------

      Mulliken charges per centre and basis function type
      ---------------------------------------------------

                NI    
      1s       2.0000
      2s       2.0000
      2px      2.0000
      2pz      2.0000
      2py      2.0000
      3s       1.9999
      3px      1.9999
      3pz      1.9999
      3py      1.9999
      4s       0.0001
      3d2+     1.9333
      3d1+     1.7188
      3d0      1.8382
      3d1-     1.2509
      3d2-     1.2040
      4px      0.0001
      4pz      0.0001
      4py      0.0001
      5s       0.0000
      4d2+     0.0108
      4d1+     0.0092
      4d0      0.0103
      4d1-     0.0067
      4d2-     0.0065
      5px      0.0000
      5pz      0.0000
      5py      0.0000
      6s       0.0000
      4f3+     0.0000
      4f2+     0.0000
      4f1+     0.0000
      4f0      0.0000
      4f1-     0.0000
      4f2-     0.0000
      4f3-     0.0000
      5d2+     0.0028
      5d1+     0.0024
      5d0      0.0027
      5d1-     0.0017
      5d2-     0.0017
      6px      0.0000
      6pz      0.0000
      6py      0.0000
      5f3+     0.0000
      5f2+     0.0000
      5f1+     0.0000
      5f0      0.0000
      5f1-     0.0000
      5f2-     0.0000
      5f3-     0.0000
      5g4+     0.0000
      5g3+     0.0000
      5g2+     0.0000
      5g1+     0.0000
      5g0      0.0000
      5g1-     0.0000
      5g2-     0.0000
      5g3-     0.0000
      5g4-     0.0000
      Total   26.0000

      N-E      2.0000

      Total electronic charge=   26.000000

      Total            charge=    2.000000
--



      Expectation values of various properties for root number:  6
      -----------------------------------------------------------


++    Molecular properties:
      ---------------------



       0-th cartesian moments: origin at (  0.00000000,  0.00000000,  0.00000000)
      ----------------------------------------------------------------------------
 Total electronic           -26.00000000
 Total nuclear               28.00000000
 Total                        2.00000000


       1-st cartesian moments: origin at (  0.00000000,  0.00000000,  0.00000000)
      ----------------------------------------------------------------------------
 Component                             X               Y               Z
 Total electronic             0.00000000     -0.00000000     -0.00000000
 Total nuclear                0.00000000      0.00000000      0.00000000
 Total                        0.00000000     -0.00000000     -0.00000000
      ----------------------------------------------------------------------------
      Total                   0.00000000     -0.00000000     -0.00000000   debye


       2-nd cartesian moments: origin at (  0.00000000,  0.00000000,  0.00000000)
      ----------------------------------------------------------------------------
 Component                            XX              XY              XZ              YY              YZ              ZZ
 Total electronic            -5.17552539     -0.00958027      0.00133040     -5.07088451      0.00403662     -5.18601326
 Total nuclear                0.00000000      0.00000000      0.00000000      0.00000000      0.00000000      0.00000000
 Total                       -5.17552539     -0.00958027      0.00133040     -5.07088451      0.00403662     -5.18601326



      Cartesian  2-pole moment: origin at (  0.00000000,  0.00000000,  0.00000000)
      ----------------------------------------------------------------------------
 Component                            XX              XY              XZ              YY              YZ              ZZ
 Total electronic            -0.04707650     -0.01437040      0.00199560      0.10988481      0.00605493     -0.06280832
 Total nuclear                0.00000000      0.00000000      0.00000000      0.00000000      0.00000000      0.00000000
 Total                       -0.04707650     -0.01437040      0.00199560      0.10988481      0.00605493     -0.06280832

--


      Spin density matrix for root number:  6
      --------------------------------------


      symmetry species 1


        0.7878856653261281
        0.0364815590362842      0.7406648657330727
        0.1106901726931598     -0.2627052918355025      0.2695279846218219
       -0.2031724731987020     -0.0428030886772139     -0.0141071552987867      0.1488518349118303
       -0.0000000000122152      0.0741371256189199     -0.0244343092302671     -0.0690986555064830      0.0530696494071479

      Mulliken spin population analysis for root number:  6
      ---------------------------------------------------


++    Molecular charges:
      ------------------

      Mulliken spin population per centre and basis function type
      ---------------------------------------------------

                NI    
      1s       0.0000
      2s       0.0000
      2px      0.0000
      2pz      0.0000
      2py      0.0000
      3s       0.0000
      3px      0.0000
      3pz      0.0000
      3py      0.0000
      4s       0.0000
      3d2+     0.0527
      3d1+     0.2677
      3d0      0.1478
      3d1-     0.7357
      3d2-     0.7826
      4px      0.0000
      4pz      0.0000
      4py      0.0000
      5s       0.0000
      4d2+     0.0003
      4d1+     0.0014
      4d0      0.0008
      4d1-     0.0040
      4d2-     0.0042
      5px      0.0000
      5pz      0.0000
      5py      0.0000
      6s       0.0000
      4f3+     0.0000
      4f2+     0.0000
      4f1+     0.0000
      4f0      0.0000
      4f1-     0.0000
      4f2-     0.0000
      4f3-     0.0000
      5d2+     0.0001
      5d1+     0.0004
      5d0      0.0002
      5d1-     0.0010
      5d2-     0.0011
      6px      0.0000
      6pz      0.0000
      6py      0.0000
      5f3+     0.0000
      5f2+     0.0000
      5f1+     0.0000
      5f0      0.0000
      5f1-     0.0000
      5f2-     0.0000
      5f3-     0.0000
      5g4+     0.0000
      5g3+     0.0000
      5g2+     0.0000
      5g1+     0.0000
      5g0      0.0000
      5g1-     0.0000
      5g2-     0.0000
      5g3-     0.0000
      5g4-     0.0000
      Total    2.0000

      Total electronic spin=    2.000000
--



      LoProp population analysis for root number:  6
      -----------------------------------------------


++    LoProp analysis:
      ----------------



      Input file to MOLDEN was generated!


++    Static properties:
      ------------------


      LoProp Charges per center


                   NI    
      Nuclear     28.0000
      Electronic -26.0000

      Total        2.0000
--


      Natural Bond Order analysis for root number:  6
--

      Von Neumann Entropy (Root   7) =  1.09914


      Mulliken population analysis for root number:  7
      -----------------------------------------------


++    Molecular charges:
      ------------------

      Mulliken charges per centre and basis function type
      ---------------------------------------------------

                NI    
      1s       2.0000
      2s       2.0000
      2px      2.0000
      2pz      2.0000
      2py      2.0000
      3s       1.9999
      3px      1.9999
      3pz      1.9999
      3py      1.9999
      4s       0.0001
      3d2+     1.9293
      3d1+     1.2592
      3d0      1.8422
      3d1-     1.6948
      3d2-     1.2197
      4px      0.0001
      4pz      0.0001
      4py      0.0001
      5s       0.0000
      4d2+     0.0108
      4d1+     0.0068
      4d0      0.0103
      4d1-     0.0091
      4d2-     0.0066
      5px      0.0000
      5pz      0.0000
      5py      0.0000
      6s       0.0000
      4f3+     0.0000
      4f2+     0.0000
      4f1+     0.0000
      4f0      0.0000
      4f1-     0.0000
      4f2-     0.0000
      4f3-     0.0000
      5d2+     0.0028
      5d1+     0.0018
      5d0      0.0027
      5d1-     0.0024
      5d2-     0.0017
      6px      0.0000
      6pz      0.0000
      6py      0.0000
      5f3+     0.0000
      5f2+     0.0000
      5f1+     0.0000
      5f0      0.0000
      5f1-     0.0000
      5f2-     0.0000
      5f3-     0.0000
      5g4+     0.0000
      5g3+     0.0000
      5g2+     0.0000
      5g1+     0.0000
      5g0      0.0000
      5g1-     0.0000
      5g2-     0.0000
      5g3-     0.0000
      5g4-     0.0000
      Total   26.0000

      N-E      2.0000

      Total electronic charge=   26.000000

      Total            charge=    2.000000
--



      Expectation values of various properties for root number:  7
      -----------------------------------------------------------


++    Molecular properties:
      ---------------------



       0-th cartesian moments: origin at (  0.00000000,  0.00000000,  0.00000000)
      ----------------------------------------------------------------------------
 Total electronic           -26.00000000
 Total nuclear               28.00000000
 Total                        2.00000000


       1-st cartesian moments: origin at (  0.00000000,  0.00000000,  0.00000000)
      ----------------------------------------------------------------------------
 Component                             X               Y               Z
 Total electronic             0.00000000     -0.00000000     -0.00000000
 Total nuclear                0.00000000      0.00000000      0.00000000
 Total                        0.00000000     -0.00000000     -0.00000000
      ----------------------------------------------------------------------------
      Total                   0.00000000     -0.00000000     -0.00000000   debye


       2-nd cartesian moments: origin at (  0.00000000,  0.00000000,  0.00000000)
      ----------------------------------------------------------------------------
 Component                            XX              XY              XZ              YY              YZ              ZZ
 Total electronic            -5.07626982      0.01001653      0.00630635     -5.17366735     -0.00227759     -5.18248598
 Total nuclear                0.00000000      0.00000000      0.00000000      0.00000000      0.00000000      0.00000000
 Total                       -5.07626982      0.01001653      0.00630635     -5.17366735     -0.00227759     -5.18248598



      Cartesian  2-pole moment: origin at (  0.00000000,  0.00000000,  0.00000000)
      ----------------------------------------------------------------------------
 Component                            XX              XY              XZ              YY              YZ              ZZ
 Total electronic             0.10180685      0.01502480      0.00945952     -0.04428945     -0.00341639     -0.05751740
 Total nuclear                0.00000000      0.00000000      0.00000000      0.00000000      0.00000000      0.00000000
 Total                        0.10180685      0.01502480      0.00945952     -0.04428945     -0.00341639     -0.05751740

--


      Spin density matrix for root number:  7
      --------------------------------------


      symmetry species 1


        0.7720043869705133
        0.1729294368338434      0.2937749041880596
       -0.0624550388282827      0.2746683506106989      0.7322992245210218
        0.2124245298283585      0.0241509119641549     -0.0668705625109166      0.1448175310674348
        0.0000000003186157     -0.0418306063434852     -0.1158232121409659      0.0643155784382314      0.0571039532529702

      Mulliken spin population analysis for root number:  7
      ---------------------------------------------------


++    Molecular charges:
      ------------------

      Mulliken spin population per centre and basis function type
      ---------------------------------------------------

                NI    
      1s       0.0000
      2s       0.0000
      2px      0.0000
      2pz      0.0000
      2py      0.0000
      3s       0.0000
      3px      0.0000
      3pz      0.0000
      3py      0.0000
      4s       0.0000
      3d2+     0.0567
      3d1+     0.7274
      3d0      0.1438
      3d1-     0.2918
      3d2-     0.7668
      4px      0.0000
      4pz      0.0000
      4py      0.0000
      5s       0.0000
      4d2+     0.0003
      4d1+     0.0039
      4d0      0.0008
      4d1-     0.0016
      4d2-     0.0041
      5px      0.0000
      5pz      0.0000
      5py      0.0000
      6s       0.0000
      4f3+     0.0000
      4f2+     0.0000
      4f1+     0.0000
      4f0      0.0000
      4f1-     0.0000
      4f2-     0.0000
      4f3-     0.0000
      5d2+     0.0001
      5d1+     0.0010
      5d0      0.0002
      5d1-     0.0004
      5d2-     0.0011
      6px      0.0000
      6pz      0.0000
      6py      0.0000
      5f3+     0.0000
      5f2+     0.0000
      5f1+     0.0000
      5f0      0.0000
      5f1-     0.0000
      5f2-     0.0000
      5f3-     0.0000
      5g4+     0.0000
      5g3+     0.0000
      5g2+     0.0000
      5g1+     0.0000
      5g0      0.0000
      5g1-     0.0000
      5g2-     0.0000
      5g3-     0.0000
      5g4-     0.0000
      Total    2.0000

      Total electronic spin=    2.000000
--



      LoProp population analysis for root number:  7
      -----------------------------------------------


++    LoProp analysis:
      ----------------



      Input file to MOLDEN was generated!


++    Static properties:
      ------------------


      LoProp Charges per center


                   NI    
      Nuclear     28.0000
      Electronic -26.0000

      Total        2.0000
--


      Natural Bond Order analysis for root number:  7
--


      Input file to MOLDEN was generated!


      Input file to MOLDEN was generated!


      Input file to MOLDEN was generated!


      Input file to MOLDEN was generated!


      Input file to MOLDEN was generated!


      Input file to MOLDEN was generated!


      Input file to MOLDEN was generated!


      Input file to MOLDEN was generated!

      Average orbitals are written to the RASORB file
      Natural orbitals for root   1 are written to the RASORB.1 file
      Natural orbitals for root   2 are written to the RASORB.2 file
      Natural orbitals for root   3 are written to the RASORB.3 file
      Natural orbitals for root   4 are written to the RASORB.4 file
      Natural orbitals for root   5 are written to the RASORB.5 file
      Natural orbitals for root   6 are written to the RASORB.6 file
      Natural orbitals for root   7 are written to the RASORB.7 file
      Spin density orbitals for root   1 are written to the SPDORB.1 file
      Spin density orbitals for root   2 are written to the SPDORB.2 file
      Spin density orbitals for root   3 are written to the SPDORB.3 file
      Spin density orbitals for root   4 are written to the SPDORB.4 file
      Spin density orbitals for root   5 are written to the SPDORB.5 file
      Spin density orbitals for root   6 are written to the SPDORB.6 file
      Spin density orbitals for root   7 are written to the SPDORB.7 file


  Timings
  -------

  - - - - - - - - - - - - - - - - - - - - - - - - - - - - - - - - - -
                                                    time    fraction
  - - - - - - - - - - - - - - - - - - - - - - - - - - - - - - - - - -
  1) Input section                         :        0.13        0.07
     - Input processing                    :        0.13        0.07
  2) Wave function optimization            :        0.15        0.08
     - transformation section              :        0.08        0.04
       . AO=>MO integral transformation    :        0.02        0.01
       . Fock-matrix generation            :        0.03        0.02
     - CI optimization                     :        0.07        0.04
       . construct Hdiag                   :        0.00        0.00
       . construct Hsel                    :        0.00        0.00
       . Davidson diagonalization          :        0.00        0.00
         .. sigma vector generation        :        0.00        0.00
            |-> aa/bb 1-electron           :        0.00        0.00
            |-> aa/bb 2-electron           :        0.00        0.00
            \-> alpha-beta                 :        0.00        0.00
                |-> C prefetch             :        0.00        0.00
                |-> matrix multiply        :        0.00        0.00
                \-> S scatter              :        0.00        0.00
         .. HCSCE                          :        0.00        0.00
         .. page_in/page_out               :        0.00        0.00
       . density matrix generation         :        0.06        0.03
            |-> aa/bb 1-electron           :        0.00        0.00
            |-> aa/bb 2-electron           :        0.00        0.00
            \-> alpha-beta                 :        0.01        0.01
     - orbital optimization                :        0.00        0.00
  3) Output section                        :        1.60        0.85
     - Create/update the file RELAX        :        0.05        0.03
     - Create/update the file JOBIPH       :        1.55        0.82

  - - - - - - - - - - - - - - - - - - - - - - - - - - - - - - - - - -
     Total                                 :        1.88        1.00
  - - - - - - - - - - - - - - - - - - - - - - - - - - - - - - - - - -

++ I/O STATISTICS
 
  I. General I/O information
  - - - - - - - - - - - - - - - - - - - - - - - - - - - - - - - - - - - - - - - - - - -
  Unit  Name          Flsize      Write/Read            MBytes           Write/Read
                      (MBytes)       Calls              In/Out           Time, sec.
  - - - - - - - - - - - - - - - - - - - - - - - - - - - - - - - - - - - - - - - - - - -
   1  RUNFILE           0.35 .     959/   37097 .      7.1/    265.7 .       0/       0
   2  ONEINT            0.00 .       0/     658 .      0.0/    572.0 .       0/       0
   3  ORDINT            0.00 .       0/      97 .      0.0/     24.0 .       0/       0
   4  TRAINT            0.00 .       4/       1 .      0.1/      0.0 .       0/       0
   5  TEMP01            0.00 .       0/       0 .      0.0/      0.0 .       0/       0
   6  TEMP02            0.00 .       0/       0 .      0.0/      0.0 .       0/       0
   7  JOBIPH            0.00 .     178/     180 .      1.6/      1.0 .       0/       0
   8  CIDIA             0.00 .      24/      24 .      0.0/      0.0 .       0/       0
   9  LUCVECT           0.00 .     168/     168 .      0.0/      0.0 .       0/       0
  10  HCFILE            0.00 .     168/     126 .      0.0/      0.0 .       0/       0
  11  LUSC1             0.00 .     168/     294 .      0.0/      0.0 .       0/       0
  12  LUSC2             0.00 .       0/       0 .      0.0/      0.0 .       0/       0
  13  LUSC3             0.00 .       0/       0 .      0.0/      0.0 .       0/       0
  14  LUSC34            0.00 .       0/       0 .      0.0/      0.0 .       0/       0
  15  LUSC35            0.00 .       0/       0 .      0.0/      0.0 .       0/       0
  16  LUSC36            0.00 .       0/       0 .      0.0/      0.0 .       0/       0
  17  LUSC37            0.00 .       0/       0 .      0.0/      0.0 .       0/       0
  18  LUSC38            0.00 .       0/       0 .      0.0/      0.0 .       0/       0
  19  LUSC39            0.00 .       0/       0 .      0.0/      0.0 .       0/       0
  20  LUSC40            0.00 .       0/       0 .      0.0/      0.0 .       0/       0
  21  LUMOUT            0.00 .       0/       0 .      0.0/      0.0 .       0/       0
  - - - - - - - - - - - - - - - - - - - - - - - - - - - - - - - - - - - - - - - - - - -
   *  TOTAL             0.35 .    1669/   38645 .      8.8/    862.7 .       0/       0
  - - - - - - - - - - - - - - - - - - - - - - - - - - - - - - - - - - - - - - - - - - -
 
  II. I/O Access Patterns
  - - - - - - - - - - - - - - - - - - - -
  Unit  Name               % of random
                         Write/Read calls
  - - - - - - - - - - - - - - - - - - - -
   1  RUNFILE             28.6/  12.6
   2  ONEINT               0.0/  75.7
   3  ORDINT               0.0/   4.1
   4  TRAINT              75.0/ 100.0
   5  TEMP01               0.0/   0.0
   6  TEMP02               0.0/   0.0
   7  JOBIPH              98.9/ 100.0
   8  CIDIA                8.3/  12.5
   9  LUCVECT             11.9/  12.5
  10  HCFILE              11.9/  16.7
  11  LUSC1               11.9/  14.3
  12  LUSC2                0.0/   0.0
  13  LUSC3                0.0/   0.0
  14  LUSC34               0.0/   0.0
  15  LUSC35               0.0/   0.0
  16  LUSC36               0.0/   0.0
  17  LUSC37               0.0/   0.0
  18  LUSC38               0.0/   0.0
  19  LUSC39               0.0/   0.0
  20  LUSC40               0.0/   0.0
  21  LUMOUT               0.0/   0.0
  - - - - - - - - - - - - - - - - - - - -
--
 ###############################################################################
 ###############################################################################
 ###                                                                         ###
 ###                                                                         ###
 ###    WARNING: RunFile label nBas                                          ###
 ###    was used       56 times                                              ###
 ###                                                                         ###
 ###                                                                         ###
 ###############################################################################
 ###############################################################################
--- Stop Module: rasscf at Wed Sep  2 15:03:06 2026 /rc=_RC_ALL_IS_WELL_ ---
--- Module rasscf spent 1 second ---

>>> EXPORT MOLCAS_PRINT = 5

*** symbolic link created: INPORB -> d8_oh.LocOrb
--- Start Module: rassi at Wed Sep  2 15:03:06 2026 ---

()()()()()()()()()()()()()()()()()()()()()()()()()()()()()()()()()()()()()()()()()()()()()()()()()()

                                               &RASSI

                                   only a single process is used
                       available to each process: 176 GB of memory, 1 thread
                                             pid: 41460
()()()()()()()()()()()()()()()()()()()()()()()()()()()()()()()()()()()()()()()()()()()()()()()()()()

  Unit numbers and names:
        2     ONEINT  
       30     ORDINT  
       22     ANNI    
  OPENING ANNI    
  INITIAL DEFAULT VALUES:
   NJOB:   0
 NSTATE:   0
 Initial default flags are:
      PRSXY : F
      PRORB : F
      PRTRA : F
      PRCI  : F
      IFHAM : T
      IFHEXT: F
      IFHEFF: F
      IFEJOB: F
      IFSHFT: F
      IFHDIA: F
      IFHCOM: F
      IFSO  : F
      NATO  : F
      IFTRD1: F
      IFTRD2: F
      IFTDM : F
      RFPERT: F
      TOFILE: F
      PRXVR : F
      PRXVE : F
      PRXVS : F
      PRMER : F
      PRMEE : F
      PRMES : F
      IFGCAL: F
      IFXCAL: F
      IFMCAL: F
      HOP: F
      TRACK: F
      ONLY_OVERLAPS: F
      IfDCpl: F
      IFCURD: F
      Do_TMOM: F
      Do_SK: F
      L_Eff:                    5
      CD: F
      Force_NON_AO_TDM: F
  ***** INIT ENDS **********

      ********************************************************************************
      *                                                                              *
      *                             General data section                             *
      *                                                                              *
      ********************************************************************************

   Specific data for JOBIPH file JOBIPH
   -------------------------------------

   Header from SEWARD:
                                                                               
        Integrals generated by Gateway/Seward, Wed Sep  2 15:02:44 2026        

   CASSCF title (first line only):
       (No title given)                                                        

  STATE IRREP:                1
  SPIN MULTIPLICITY:          3
  ACTIVE ELECTRONS:           8
  MAX RAS1 HOLES:             0
  MAX RAS3 ELECTRONS:         0
  NR OF CONFIG:              10
   Wave function type WFTYPE=GENERAL 

   The following data are common to all the states:
   ------------------------------------------------
   (note: frozen counts as inactive, deleted as secondary)

      Nr of irreps: 1

                 Total     No./Irrep 
      Irrep                  1
                             a

      INACTIVE       9       9
      ACTIVE         5       5
      SECONDARY     45      45
      BASIS         59      59

      RAS1           0       0
      RAS2           5       5
      RAS3           0       0

        MATRIX ELEMENTS WILL BE COMPUTED FOR THE FOLLOWING ONE-ELECTRON OPERATORS, UNLESS ZERO BY SYMMETRY.
   (Herm=Hermitian, Anti=Antihermitian, Sing=Singlet operator, Trip=Triplet operator)
     MLTPL  0   1 (HERMSING)     MLTPL  0   1 (ANTITRIP)     MLTPL  1   1 (HERMSING)
     MLTPL  1   1 (ANTITRIP)     MLTPL  1   2 (HERMSING)     MLTPL  1   2 (ANTITRIP)
     MLTPL  1   3 (HERMSING)     MLTPL  1   3 (ANTITRIP)     MLTPL  2   1 (HERMSING)
     MLTPL  2   2 (HERMSING)     MLTPL  2   3 (HERMSING)     MLTPL  2   4 (HERMSING)
     MLTPL  2   5 (HERMSING)     MLTPL  2   6 (HERMSING)     VELOCITY   1 (ANTISING)
     VELOCITY   2 (ANTISING)     VELOCITY   3 (ANTISING)     ANGMOM     1 (ANTISING)
     ANGMOM     2 (ANTISING)     ANGMOM     3 (ANTISING)     MLTPV  2   1 (ANTISING)
     MLTPV  2   2 (ANTISING)     MLTPV  2   3 (ANTISING)     MLTPV  2   4 (ANTISING)
     MLTPV  2   5 (ANTISING)     MLTPV  2   6 (ANTISING)     AMFI       1 (ANTITRIP)
     AMFI       2 (ANTITRIP)     AMFI       3 (ANTITRIP)

       EIGENSTATES OF A SPIN-FREE HAMILTONIAN WILL BE COMPUTED BASED ON:

  A Hamiltonian matrix computed by RASSI.

  SO coupling elements will be added.

        MATRIX ELEMENTS OVER SPIN EIGENSTATES FOR:
     MLTPL  0   1 (HERMSING)     MLTPL  0   1 (ANTITRIP)     MLTPL  1   1 (HERMSING)
     MLTPL  1   1 (ANTITRIP)     MLTPL  1   2 (HERMSING)     MLTPL  1   2 (ANTITRIP)
     MLTPL  1   3 (HERMSING)     MLTPL  1   3 (ANTITRIP)     MLTPL  2   1 (HERMSING)
     MLTPL  2   2 (HERMSING)     MLTPL  2   3 (HERMSING)     MLTPL  2   4 (HERMSING)
     MLTPL  2   5 (HERMSING)     MLTPL  2   6 (HERMSING)     VELOCITY   1 (ANTISING)
     VELOCITY   2 (ANTISING)     VELOCITY   3 (ANTISING)     ANGMOM     1 (ANTISING)
     ANGMOM     2 (ANTISING)     ANGMOM     3 (ANTISING)     MLTPV  2   1 (ANTISING)
     MLTPV  2   2 (ANTISING)     MLTPV  2   3 (ANTISING)     MLTPV  2   4 (ANTISING)
     MLTPV  2   5 (ANTISING)     MLTPV  2   6 (ANTISING)     AMFI       1 (ANTITRIP)
     AMFI       2 (ANTITRIP)     AMFI       3 (ANTITRIP)

       EIGENSTATES OF SPIN-ORBIT HAMILTONIAN WILL BE COMPUTED
 Initial default flags are:
      PRSXY : F
      PRORB : F
      PRTRA : F
      PRCI  : F
      IFHAM : T
      IFHEXT: F
      IFHEFF: F
      IFEJOB: F
      IFHCOM: F
      IFSHFT: F
      IFHDIA: F
      IFSO  : T
      NATO  : F
      RFPERT: F
      TOFILE: F
      PRXVR : F
      PRXVE : F
      PRXVS : F
      PRMER : F
      PRMEE : F
      PRMES : F

  Nr of states:                    7

   State:        1   2   3   4   5   6   7
  JobIph:        1   1   1   1   1   1   1
 Root nr:        1   2   3   4   5   6   7
  Entered GTDMCTL.
   JOB1:  1        JOB2:  1
 NACTE1:  8      NACTE2:  8
 MPLET1:  3      MPLET2:  3
  LSYM1:  1       LSYM2:  1
  WFTP1:GENERAL        WFTP2:GENERAL 
  NPROP: 29
  Overlap will be computed.
  Density 1-matrix will be computed.
  Density 2-matrix will be computed.
  RDCMO_RASSI called for file JOBIPH
  Reading CMO
  NBUF=                 3481
  Array read in:
       1.00000000     -0.00000041     -0.00000124      0.00000053     -0.00000009
       0.00000021     -0.00000000      0.00000000     -0.00000000      0.00000000
       0.00000000     -0.00000000     -0.00000000     -0.00000000      0.00000000
       0.00000000      0.00000000     -0.00000000      0.00000000      0.00000000
       0.00000000     -0.00000000     -0.00000000      0.00000000      0.00000000
      -0.00000000      0.00000000     -0.00000000      0.00000000     -0.00000000
      -0.00000000     -0.00000000     -0.00000000     -0.00000000     -0.00000000
      -0.00000000      0.00000000      0.00000000      0.00000000     -0.00000000
       0.00000000      0.00000000     -0.00000000      0.00000000      0.00000000
       0.00000000      0.00000000      0.00000000     -0.00000000      0.00000000
      -0.00000000     -0.00000000     -0.00000000     -0.00000000      0.00000000
      -0.00000000     -0.00000000      0.00000000      0.00000000      0.00000041
       1.00000000     -0.00001203     -0.00004729      0.00000484      0.00001051
      -0.00000000      0.00000000      0.00000000      0.00000000     -0.00000000
      -0.00000000     -0.00000000     -0.00000000      0.00000000     -0.00000000
      -0.00000000      0.00000000     -0.00000000     -0.00000000      0.00000000
      -0.00000000      0.00000000     -0.00000000      0.00000000     -0.00000000
       0.00000000      0.00000000     -0.00000000      0.00000000      0.00000000
       0.00000000     -0.00000000     -0.00000000      0.00000000     -0.00000000
       0.00000000     -0.00000000      0.00000000     -0.00000000      0.00000000
       0.00000000      0.00000000     -0.00000000     -0.00000000     -0.00000000
      -0.00000000     -0.00000000     -0.00000000      0.00000000     -0.00000000
      -0.00000000     -0.00000000      0.00000000      0.00000008     -0.00000000
      -0.00000000     -0.00000000      0.00000007     -0.00000000      0.00000000
       0.00000000      0.00000000     -0.00000000     -0.00000000      0.16779365
       0.00000733     -0.00000031     -0.00000771      0.00000828      0.14549369
       0.00000636     -0.00000027     -0.00000668      0.00000718      0.97502660
       0.00004261     -0.00000180     -0.00004478      0.00004811      0.00000000
       0.00000000      0.00000000      0.00000000     -0.00000000      0.00000000
       0.00000000     -0.00000000      0.00000000     -0.00000000     -0.00000000
      -0.00000000     -0.00000000     -0.00000000     -0.00000000     -0.00000004
       0.00000006      0.00000000     -0.00000000     -0.00000003      0.00000005
       0.00000033     -0.00000052     -0.00000004      0.00000006     -0.00000000
       0.00000000      0.00000005     -0.00000007      0.00000000     -0.00000000
       0.00000000      0.00000000      0.00000000     -0.00000000      0.00000000
       0.00000000     -0.00000000      0.00000000      0.00000000     -0.00000000
      -0.00000000     -0.00000000     -0.00000000      0.22270018      0.00000973
      -0.00000041     -0.00001023      0.00001099      0.95788781      0.00004186
      -0.00000177     -0.00004399      0.00004727     -0.18126101     -0.00000792
       0.00000034      0.00000832     -0.00000894      0.00000000      0.00000000
      -0.00000000      0.00000000     -0.00000000     -0.00000000     -0.00000000
       0.00000000     -0.00000000     -0.00000000      0.00000000     -0.00000000
      -0.00000000      0.00000000     -0.00000000     -0.00000026      0.00000041
       0.00000000      0.00000000     -0.00000020      0.00000032     -0.00000006
       0.00000010     -0.00000005      0.00000007     -0.00000000     -0.00000000
       0.00000006     -0.00000009     -0.00000000      0.00000000     -0.00000000
      -0.00000000      0.00000000     -0.00000000      0.00000000     -0.00000000
      -0.00000000     -0.00000000      0.00000000     -0.00000000     -0.00000000
      -0.00000000     -0.00000000      0.96033844      0.00004197     -0.00000178
      -0.00004410      0.00004739     -0.24755305     -0.00001082      0.00000046
       0.00001137     -0.00001222     -0.12832602     -0.00000561      0.00000024
       0.00000589     -0.00000633      0.00000000     -0.00000000      0.00000000
       0.00000000      0.00000000      0.00000000     -0.00000000      0.00000000
      -0.00000000     -0.00000000      0.00000000      0.00000000     -0.00000000
       0.00000000     -0.00000000      0.00000007     -0.00000011     -0.00000000
      -0.00000000      0.00000005     -0.00000008     -0.00000004      0.00000007
      -0.00000020      0.00000032      0.00000000     -0.00000000      0.00000026
      -0.00000041     -0.00000000     -0.00000000      0.00000000     -0.00000000
      -0.00000000      0.00000000      0.00000000     -0.00000000      0.00000000
       0.00000124      0.00001178      0.99998402     -0.00557811      0.00090420
       0.00017957      0.00000000      0.00000000     -0.00000000     -0.00000000
       0.00000000      0.00000000      0.00000000     -0.00000000      0.00000000
      -0.00000000     -0.00000000     -0.00000000      0.00000000     -0.00000000
       0.00000000      0.00000000     -0.00000000      0.00000000     -0.00000000
       0.00000000     -0.00000000      0.00000000     -0.00000000      0.00000000
      -0.00000000      0.00000000     -0.00000000     -0.00000000      0.00000000
      -0.00000000     -0.00000000      0.00000000      0.00000000     -0.00000000
      -0.00000000     -0.00000000     -0.00000000      0.00000000     -0.00000000
       0.00000000      0.00000000      0.00000000      0.00000000     -0.00000000
       0.00000000      0.00000000     -0.00000000      0.00000000     -0.00000710
      -0.00000000     -0.00000000      0.00000000     -0.00000600     -0.00000000
      -0.00000000      0.00000000     -0.00000000     -0.00000000     -0.00000000
      -0.00002314      0.52912908     -0.00289628      0.00088015      0.00113554
      -0.00001002      0.22912566     -0.00125416      0.00038113      0.00049172
      -0.00003573      0.81699848     -0.00447198      0.00135900      0.00175332
      -0.00000000     -0.00000000      0.00000000      0.00000000     -0.00000000
       0.00000000      0.00000000     -0.00000000      0.00000000     -0.00000000
       0.00000000     -0.00000000      0.00000000     -0.00000000      0.00000000
       0.00000528      0.00000572      0.00000000      0.00000000      0.00000409
       0.00000443     -0.00002383     -0.00002579      0.00000945      0.00001023
       0.00000000      0.00000000     -0.00001220     -0.00001320      0.00000000
      -0.00000000      0.00000000     -0.00000000      0.00000000      0.00000000
       0.00000000      0.00000000      0.00000000      0.00000000      0.00000000
       0.00000000     -0.00000000      0.00000000      0.00000000      0.00003180
      -0.72704052      0.00397958     -0.00120936     -0.00156027      0.00001636
      -0.37400418      0.00204717     -0.00062212     -0.00080263     -0.00002518
       0.57575656     -0.00315150      0.00095771      0.00123560     -0.00000000
       0.00000000     -0.00000000      0.00000000      0.00000000      0.00000000
      -0.00000000      0.00000000     -0.00000000     -0.00000000      0.00000000
      -0.00000000     -0.00000000      0.00000000     -0.00000000     -0.00000862
      -0.00000933      0.00000000      0.00000000     -0.00000668     -0.00000723
      -0.00001679     -0.00001817     -0.00001299     -0.00001405      0.00000000
      -0.00000000      0.00001677      0.00001814      0.00000000     -0.00000000
       0.00000000      0.00000000     -0.00000000     -0.00000000     -0.00000000
       0.00000000     -0.00000000      0.00000000      0.00000000     -0.00000000
       0.00000000      0.00000000      0.00000000      0.00001913     -0.43748961
       0.00239467     -0.00072772     -0.00093887     -0.00003930      0.89865732
      -0.00491895      0.00149483      0.00192856     -0.00000137      0.03131344
      -0.00017140      0.00005209      0.00006720      0.00000000     -0.00000000
      -0.00000000      0.00000000      0.00000000     -0.00000000     -0.00000000
       0.00000000     -0.00000000      0.00000000     -0.00000000      0.00000000
      -0.00000000     -0.00000000      0.00000000      0.00002072      0.00002243
       0.00000000      0.00000000      0.00001605      0.00001737     -0.00000091
      -0.00000099     -0.00000781     -0.00000846      0.00000000      0.00000000
       0.00001009      0.00001092      0.00000000     -0.00000000      0.00000000
      -0.00000000     -0.00000000      0.00000000      0.00000000     -0.00000000
       0.00000000      0.00000000      0.00000000     -0.00000000     -0.00000000
       0.00000000     -0.00000000     -0.00000000     -0.00000000      0.00000000
      -0.00000000     -0.00000000      0.00000000     -0.00000000     -0.00000000
      -0.00000000      0.00000000     -0.00000000      0.00000000      0.00000000
      -0.00000000     -0.00000000      0.99663459     -0.07303613     -0.03721855
       0.00000000     -0.00000000     -0.00000000     -0.00000000     -0.00000000
      -0.00000000     -0.00000000     -0.00000000     -0.00000000     -0.00000000
      -0.00000000      0.00000000      0.00000000     -0.00000000      0.00000000
      -0.00000000     -0.00000000     -0.00000000     -0.00000000      0.00000000
       0.00000000      0.00000000      0.00000000     -0.00000000     -0.00000000
      -0.00000000      0.00000000      0.00000000      0.00001239     -0.00000000
       0.00000000     -0.00000000      0.00000000     -0.00000000     -0.00000000
      -0.00000000     -0.00000000      0.00000000     -0.00000000     -0.00000000
       0.00000000     -0.00000000      0.00000000      0.00000000     -0.00000000
      -0.00000000     -0.00000000     -0.00000000     -0.00000000      0.00000000
       0.00000000     -0.00000000     -0.00000000      0.00000000     -0.00000000
      -0.00000000     -0.00000000      0.00000000      0.00000000      0.99663459
      -0.07303613     -0.03721855      0.00000000      0.00000000      0.00000000
      -0.00000000     -0.00000000     -0.00000000      0.00000000      0.00000000
       0.00000000      0.00000000     -0.00000000      0.00000000      0.00000000
       0.00000000     -0.00000000     -0.00000000     -0.00000000      0.00000000
      -0.00000000      0.00000000      0.00000000     -0.00000000     -0.00000000
       0.00000000      0.00001159      0.00000000     -0.00000438      0.00000000
       0.00000000     -0.00000000     -0.00000000      0.00000000      0.00000000
      -0.00000000      0.00000000     -0.00000000      0.00000000     -0.00000000
       0.00000000      0.00000000     -0.00000000      0.00000000      0.00000000
       0.00000000     -0.00000000     -0.00000000      0.00000000      0.00000000
       0.00000000      0.00000000     -0.00000000      0.00000000     -0.00000000
      -0.00000000     -0.00000000      0.00000000     -0.00000000     -0.00000000
      -0.00000000     -0.00000000      0.00000000     -0.00000000      0.99663459
      -0.07303613     -0.03721855     -0.00000000     -0.00000000     -0.00000000
      -0.00000000      0.00000000      0.00000000     -0.00000000     -0.00000000
      -0.00000000     -0.00000000     -0.00000000     -0.00000000     -0.00000000
      -0.00000000     -0.00000000      0.00000000     -0.00000000      0.00000000
      -0.00000000      0.00000000     -0.00000000     -0.00000000     -0.00000438
       0.00000000     -0.00001159     -0.00000000      0.00000000     -0.00000000
      -0.00000000      0.00000000      0.00000000      0.00000000      0.00000000
      -0.00000000      0.00000000     -0.00000000     -0.00000000      0.00000000
       0.00000000      0.00000000      0.00000000     -0.00000000     -0.00000000
       0.00000000      0.00000000      0.00000000     -0.00000000      0.00000000
       0.00000000     -0.00000000     -0.00000000      0.00000000     -0.00000000
       0.99649556     -0.07450588     -0.03801948      0.00000000     -0.00000000
      -0.00000000      0.00000000      0.00000000     -0.00000000     -0.00000000
      -0.00000000     -0.00000000      0.00000000     -0.00000000     -0.00000000
       0.00000000      0.00000000      0.00000000     -0.00000000     -0.00000000
       0.00000000      0.00000000      0.00000000     -0.00000000      0.00000000
      -0.00000000     -0.00000000     -0.00001716     -0.00000000      0.00000000
      -0.00000000      0.00002030      0.00000000      0.00000000      0.00000000
      -0.00000000      0.00000000     -0.00000000      0.00000000     -0.00000000
      -0.00000000      0.00000000      0.00000000      0.00000000     -0.00000000
      -0.00000000     -0.00000000      0.00000000      0.00000000      0.00000000
      -0.00000000     -0.00000000      0.00000000      0.00000000      0.00000000
      -0.00000000      0.00000000      0.00000000      0.00000000      0.00000000
       0.00000000     -0.00000000     -0.00000000      0.00000000      0.00000000
       0.99649556     -0.07450588     -0.03801948     -0.00000000     -0.00000000
      -0.00000000      0.00000000     -0.00000000     -0.00000000     -0.00000000
       0.00000000     -0.00000000      0.00000000      0.00000000     -0.00000000
      -0.00000000     -0.00000000     -0.00000000     -0.00000000     -0.00000000
      -0.00000000     -0.00000000     -0.00000000      0.00002658     -0.00000000
       0.00000000     -0.00000054      0.00004740      0.00563994      0.97368007
      -0.22717771     -0.01748111      0.00000000     -0.00000000      0.00000000
       0.00000000     -0.00000000     -0.00000000     -0.00000000      0.00000000
       0.00000000      0.00000000     -0.00000000      0.00000000      0.00000000
      -0.00000000     -0.00000000      0.00000000      0.00000000     -0.00000000
       0.00000000      0.00000000      0.00000000     -0.00000000     -0.00000000
       0.00000000      0.00000000      0.00000000      0.00000000      0.00000000
       0.00000000     -0.00000000     -0.00000000     -0.00000000      0.00000000
       0.00000000     -0.00000000      0.00000000      0.00000000      0.00000000
       0.00000000      0.00000000     -0.00000000     -0.00000000     -0.00000000
      -0.00000000      0.00000000     -0.00000000     -0.00000000      0.00000000
      -0.00006984     -0.00000000      0.00000000     -0.00000000     -0.00005903
      -0.00000000      0.00000000     -0.00000000     -0.00000000      0.00000000
       0.00000000      0.00000080      0.00060867      0.12374451      0.02584510
       0.01195753     -0.00000008     -0.00006407     -0.01302550     -0.00272049
      -0.00125866      0.00000624      0.00475420      0.96653803      0.20186978
       0.09339730     -0.00000000     -0.00000000     -0.00000000     -0.00000000
      -0.00000000      0.00000000     -0.00000000     -0.00000000     -0.00000000
       0.00000000      0.00000000      0.00000000      0.00000000      0.00000000
       0.00000000     -0.00001575     -0.00001591     -0.00000000      0.00000000
      -0.00001220     -0.00001232     -0.00147821     -0.00149315      0.00011589
       0.00011706      0.00000000      0.00000000     -0.00014962     -0.00015113
      -0.00000000      0.00000000      0.00000000     -0.00000000     -0.00000000
       0.00000000     -0.00000000     -0.00000000      0.00000000      0.00000000
       0.00000000      0.00000000     -0.00000000     -0.00000000     -0.00000000
       0.00000113      0.00085726      0.17428333      0.03640057      0.01684113
       0.00000619      0.00471593      0.95875713      0.20024467      0.09264543
      -0.00000006     -0.00004620     -0.00939261     -0.00196173     -0.00090761
       0.00000000      0.00000000      0.00000000      0.00000000      0.00000000
       0.00000000     -0.00000000     -0.00000000      0.00000000      0.00000000
       0.00000000      0.00000000      0.00000000     -0.00000000     -0.00000000
       0.00115922      0.00117093      0.00000000      0.00000000      0.00089793
       0.00090700      0.00001436      0.00001451      0.00016323      0.00016488
      -0.00000000     -0.00000000     -0.00021072     -0.00021285     -0.00000000
       0.00000000     -0.00000000     -0.00000000      0.00000000      0.00000000
      -0.00000000      0.00000000     -0.00000000     -0.00000000      0.00000000
      -0.00000000     -0.00000000     -0.00000000     -0.00000000     -0.00000614
      -0.00467671     -0.95078428     -0.19857947     -0.09187501      0.00000112
       0.00085611      0.17404952      0.03635174      0.01681854      0.00000080
       0.00061029      0.12407315      0.02591374      0.01198928      0.00000000
      -0.00000000     -0.00000000      0.00000000      0.00000000     -0.00000000
       0.00000000     -0.00000000     -0.00000000      0.00000000      0.00000000
       0.00000000     -0.00000000     -0.00000000     -0.00000000      0.00021044
       0.00021257     -0.00000000     -0.00000000      0.00016301      0.00016465
      -0.00018976     -0.00019167     -0.00089046     -0.00089946     -0.00000000
      -0.00000000      0.00114958      0.00116120      0.00000000      0.00000000
      -0.00000000     -0.00000000     -0.00000000      0.00000000     -0.00000000
       0.00000000     -0.00000000     -0.00000009      0.00000447      0.00036982
       0.22712915      0.96164922      0.15376278      0.00000000      0.00000000
      -0.00000000     -0.00000000     -0.00000000      0.00000000     -0.00000000
       0.00000000      0.00000000      0.00000000      0.00000000      0.00000000
      -0.00000000     -0.00000000      0.00000000     -0.00000000     -0.00000000
       0.00000000     -0.00000000     -0.00000000     -0.00000000     -0.00000000
      -0.00000000      0.00000000     -0.00000000     -0.00000000      0.00000000
      -0.00000000     -0.00000000     -0.00000000     -0.00000000     -0.00000000
      -0.00000000     -0.00000000      0.00000000     -0.00000000     -0.00000000
       0.00000000     -0.00000000      0.00000000      0.00000000      0.00000000
       0.00000000     -0.00000000     -0.00000000      0.00000000      0.00000000
      -0.00000000      0.00000803     -0.00000000     -0.00000000     -0.00000000
       0.00000679      0.00000000      0.00000000     -0.00000000      0.00000000
      -0.00000000     -0.00000000      0.00000000     -0.00000000     -0.00000000
       0.00000000      0.00000000     -0.00000000      0.00000000     -0.00000000
       0.00000000      0.00000000     -0.00000000     -0.00000000      0.00000000
      -0.00000000     -0.00000000      0.08074723      0.86736097      0.46016844
      -0.01067232     -0.11463864     -0.06082022     -0.00000000     -0.00000000
      -0.00000000     -0.00914700     -0.09825412     -0.05212760     -0.00000000
      -0.00000000     -0.00000000      0.00000000      0.00000000     -0.00000000
      -0.00000000     -0.00000000     -0.00000000      0.00000000      0.00000000
       0.00000000      0.00000000      0.00000000      0.00000000      0.00000000
       0.00000000     -0.00000000     -0.00000335      0.00002713      0.00000127
      -0.00000000      0.00000109     -0.00000000      0.00000287      0.00000000
       0.00000000      0.00000000     -0.00000000     -0.00000000      0.00000000
       0.00000000      0.00000000      0.00000000     -0.00000000      0.00000000
       0.00000000      0.00000000     -0.00000000     -0.00000000     -0.00000000
      -0.00000000     -0.00000000      0.00000000      0.00000000     -0.00000000
      -0.00000000      0.00872915      0.09376574      0.04974634      0.07988054
       0.85805127      0.45522929     -0.00000000      0.00000000      0.00000000
      -0.01614256     -0.17339819     -0.09199443     -0.00000000     -0.00000000
      -0.00000000     -0.00000000      0.00000000      0.00000000      0.00000000
      -0.00000000     -0.00000000     -0.00000000     -0.00000000     -0.00000000
      -0.00000000     -0.00000000     -0.00000000     -0.00000000     -0.00000000
      -0.00000000      0.00002510      0.00000293     -0.00000949      0.00000000
       0.00000192      0.00000000      0.00000507      0.00000000      0.00000000
      -0.00000000     -0.00000000     -0.00000000      0.00000000      0.00000000
      -0.00000000      0.00000000      0.00000000     -0.00000000     -0.00000000
       0.00000000      0.00000000      0.00000000     -0.00000000     -0.00000000
       0.00000000     -0.00000000      0.00000000     -0.00000000     -0.00000000
       0.01101671      0.11833797      0.06278285      0.01492923      0.16036499
       0.08507981      0.00000000     -0.00000000     -0.00000000      0.07983377
       0.85754891      0.45496277     -0.00000000      0.00000000      0.00000000
      -0.00000000     -0.00000000      0.00000000      0.00000000      0.00000000
       0.00000000     -0.00000000     -0.00000000      0.00000000      0.00000000
      -0.00000000     -0.00000000     -0.00000000      0.00000000     -0.00000000
       0.00000469      0.00000370     -0.00000177     -0.00000000     -0.00000948
      -0.00000000     -0.00002509      0.00000000      0.00000000     -0.00000000
      -0.00000000     -0.00000000      0.00000000      0.00000000     -0.00000000
      -0.00000000     -0.00000000      0.00000000      0.00000000      0.00000000
       0.00000000      0.00000000     -0.00000000     -0.00000000      0.00000000
       0.00000000      0.00000000     -0.00000000     -0.00000000     -0.00000000
       0.00000000      0.00000000     -0.00000000      0.00000000      0.00000000
      -0.04512988     -0.47609023     -0.24987735      0.00000000     -0.00000000
      -0.00000000      0.07042005      0.74288468      0.38990520     -0.00000000
      -0.00000000     -0.00000000      0.00000000     -0.00000000     -0.00000000
       0.00000000      0.00000000      0.00000000      0.00000000     -0.00000000
      -0.00000000      0.00000000      0.00000000     -0.00000000      0.00000000
       0.00000000      0.00000000      0.00002216     -0.00000000      0.00005356
      -0.00000000     -0.00002621      0.00000000      0.00000000      0.00000000
       0.00000000     -0.00000000      0.00000000     -0.00000000      0.00000000
       0.00000000     -0.00000000     -0.00000000      0.00000000     -0.00000000
      -0.00000000      0.00000000      0.00000000      0.00000000     -0.00000000
      -0.00000000      0.00000000      0.00000000      0.00000000      0.00000000
       0.00000000     -0.00000000     -0.00000000     -0.00000000      0.07042005
       0.74288468      0.38990520     -0.00000000     -0.00000000     -0.00000000
       0.04512988      0.47609023      0.24987735      0.00000000      0.00000000
       0.00000000      0.00000000      0.00000000      0.00000000     -0.00000000
      -0.00000000     -0.00000000     -0.00000000     -0.00000000     -0.00000000
       0.00000000      0.00000000     -0.00000000     -0.00000000     -0.00000000
      -0.00000000     -0.00003457     -0.00000000      0.00003432     -0.00000000
       0.00004090     -0.00000000     -0.00000000      0.00000000      0.00000000
      -0.00000000      0.00000000     -0.00000022     -0.00076446     -0.04293203
       0.14254524      0.13622405     -0.00000024     -0.00083653     -0.04697944
       0.15598365      0.14906653     -0.00000105     -0.00361489     -0.20301245
       0.67405290      0.64416191      0.00000000     -0.00000000     -0.00000000
       0.00000000      0.00000000      0.00000000     -0.00000000     -0.00000000
      -0.00000000      0.00000000      0.00000000      0.00000000     -0.00000000
      -0.00000000     -0.00000000      0.00015371      0.00016011     -0.00000000
      -0.00000000      0.00011907      0.00012402     -0.00084020     -0.00087517
       0.00010881      0.00011334     -0.00000000     -0.00000000     -0.00014047
      -0.00014632     -0.00000000      0.00000000      0.00000000     -0.00000000
      -0.00000000      0.00000000     -0.00000000     -0.00000000     -0.00000000
      -0.00000000      0.00000000     -0.00000000     -0.00000000     -0.00000000
       0.00000000     -0.00000011     -0.00037092     -0.02083074      0.06916336
       0.06609630     -0.00000106     -0.00365510     -0.20527058      0.68155043
       0.65132697      0.00000027      0.00092427      0.05190717     -0.17234498
      -0.16470232     -0.00000000     -0.00000000     -0.00000000     -0.00000000
       0.00000000      0.00000000     -0.00000000     -0.00000000     -0.00000000
       0.00000000      0.00000000      0.00000000      0.00000000      0.00000000
       0.00000000      0.00067163      0.00069958     -0.00000000     -0.00000000
       0.00052024      0.00054189      0.00021483      0.00022377      0.00005279
       0.00005499      0.00000000      0.00000000     -0.00006816     -0.00007099
      -0.00000000     -0.00000000     -0.00000000     -0.00000000      0.00000000
       0.00000000      0.00000000     -0.00000000     -0.00000000      0.00000000
       0.00000000     -0.00000000     -0.00000000     -0.00000000      0.00000000
       0.00000107      0.00369184      0.20733356     -0.68840006     -0.65787285
      -0.00000016     -0.00054044     -0.03035139      0.10077431      0.09630546
      -0.00000019     -0.00065567     -0.03682217      0.12225896      0.11683737
       0.00000000      0.00000000      0.00000000      0.00000000      0.00000000
       0.00000000     -0.00000000     -0.00000000     -0.00000000     -0.00000000
      -0.00000000     -0.00000000     -0.00000000     -0.00000000     -0.00000000
       0.00009931      0.00010344      0.00000000      0.00000000      0.00007692
       0.00008012     -0.00015240     -0.00015874     -0.00052547     -0.00054734
       0.00000000     -0.00000000      0.00067838      0.00070661     -0.00000000
      -0.00000000     -0.00000000     -0.00000000      0.00000000      0.00000000
      -0.00000000      0.00000000      0.00000000     -0.00000022     -0.00001049
      -0.00013952     -0.01812028     -0.15368880      0.98795313      0.00000000
       0.00000000     -0.00000000     -0.00000000      0.00000000      0.00000000
      -0.00000000      0.00000000      0.00000000     -0.00000000      0.00000000
       0.00000000      0.00000000     -0.00000000      0.00000000      0.00000000
      -0.00000000     -0.00000000     -0.00000000      0.00000000     -0.00000000
      -0.00000000     -0.00000000      0.00000000     -0.00000000     -0.00000000
      -0.00000000      0.00000000      0.00000000     -0.00000000     -0.00000000
      -0.00000000      0.00000000     -0.00000000      0.00000000     -0.00000000
       0.00000000      0.00000000      0.00000000      0.00000000      0.00000000
      -0.00000000     -0.00000000     -0.00000000     -0.00000000      0.00000000
       0.00000000      0.00000000      0.00000240      0.00000000      0.00000000
       0.00000000      0.00000203     -0.00000000      0.00000000      0.00000000
      -0.00000000      0.00000000      0.00000000      0.00000000     -0.00000000
      -0.00000000     -0.00000000      0.00000000     -0.00000000     -0.00000000
      -0.00000000     -0.00000000     -0.00000000      0.00000000     -0.00000000
      -0.00000000     -0.00000000     -0.00000000     -0.00000000      0.00000000
      -0.00000000     -0.00000000     -0.00000000     -0.00000000     -0.00000000
       0.00000000     -0.00000000     -0.00000000      0.00000000     -0.00000000
       0.00000000     -0.00000000     -0.00000000      0.00000000      0.00000000
       0.81089727      0.58518853     -0.00000000     -0.00000000     -0.00000000
      -0.00000000      0.00000000      0.00000000     -0.00000000     -0.00000000
      -0.00000000     -0.00000000     -0.00000000      0.00000000      0.00000000
       0.00000000      0.00000000      0.00000000      0.00000000      0.00000000
       0.00000000     -0.00000000      0.00000000     -0.00000000      0.00000000
      -0.00000000      0.00000000      0.00000000     -0.00000000     -0.00000000
      -0.00000000      0.00000000      0.00000000     -0.00000000     -0.00000000
      -0.00000000     -0.00000000     -0.00000000      0.00000000     -0.00000000
      -0.00000000      0.00000000     -0.00000000     -0.00000000     -0.00000000
       0.00000000      0.00000000     -0.00000000     -0.00000000     -0.00000000
       0.00000000      0.00000000      0.00000000      0.00000000     -0.00000000
      -0.00000000     -0.00000000      0.11098551      0.08007112     -0.00000000
      -0.00000000     -0.14328168     -0.10337137     -0.00000000     -0.00000000
       0.59714745      0.43081535      0.23301429      0.16810945      0.46254842
       0.33370814      0.00000000      0.00000000      0.00000000     -0.00000000
      -0.00000000     -0.00000000      0.00000000      0.00000000      0.00000000
      -0.00000000      0.00000000     -0.00000000      0.00000000     -0.00000000
       0.00000000     -0.00000000      0.00000000      0.00000000      0.00000000
       0.00000000      0.00000000     -0.00000000     -0.00000000     -0.00000000
      -0.00000000      0.00000000     -0.00000000     -0.00000000     -0.00000000
      -0.00000000     -0.00000000     -0.00000000      0.00000000     -0.00000000
       0.00000000     -0.00000000      0.00000000      0.00000000     -0.00000000
      -0.00000000      0.00000000      0.00000000     -0.00000000      0.00000000
      -0.00000000      0.32846694      0.23697430      0.00000000      0.00000000
      -0.42404899     -0.30593251     -0.00000000     -0.00000000     -0.23172921
      -0.16718233      0.53296683      0.38451189     -0.17949667     -0.12949887
       0.00000000      0.00000000     -0.00000000     -0.00000000     -0.00000000
      -0.00000000      0.00000000     -0.00000000     -0.00000000     -0.00000000
      -0.00000000     -0.00000000     -0.00000000     -0.00000000     -0.00000000
       0.00000000     -0.00000000      0.00000000     -0.00000000      0.00000000
      -0.00000000      0.00000000      0.00000000      0.00000000     -0.00000000
      -0.00000000     -0.00000000     -0.00000000     -0.00000000      0.00000000
       0.00000000      0.00000000      0.00000000     -0.00000000     -0.00000000
       0.00000000      0.00000000     -0.00000000      0.00000000      0.00000000
      -0.00000000      0.00000000      0.00000000      0.00000000      0.00000000
      -0.35555785     -0.25651919      0.00000000      0.00000000      0.45902321
       0.33116486     -0.00000000     -0.00000000     -0.02767670     -0.01996751
       0.56509282      0.40768937     -0.02143828     -0.01546677     -0.00000000
       0.00000000     -0.00000000     -0.00000000     -0.00000000     -0.00000000
      -0.00000000     -0.00000000      0.00000000      0.00000000      0.00000000
      -0.00000000      0.00000000     -0.00000000      0.00000000      0.00000005
       0.00004497      0.00167369      0.00129266      0.00093261      0.00000001
       0.00001062      0.00039512      0.00030516      0.00022017     -0.00000001
      -0.00001059     -0.00039405     -0.00030434     -0.00021957      0.00000000
      -0.00000000      0.00000000      0.00000000     -0.00000000     -0.00000000
       0.00000000     -0.00000000     -0.00000000     -0.00000000      0.00000000
       0.00000000      0.00000000      0.00000000     -0.00000000     -0.14359824
      -0.10356905      0.00000000      0.00000000     -0.11123072     -0.08022424
      -0.18114871     -0.13065203     -0.47116921     -0.33982694     -0.00000000
      -0.00000000      0.60827683      0.43871469      0.00000000      0.00000000
       0.00000000      0.00000000      0.00000000     -0.00000000     -0.00000000
      -0.00000000      0.00000000     -0.00000000     -0.00000000      0.00000000
       0.00000000     -0.00000000      0.00000000      0.00000001      0.00001307
       0.00048655      0.00037578      0.00027111     -0.00000005     -0.00004415
      -0.00164332     -0.00126920     -0.00091569      0.00000001      0.00001125
       0.00041881      0.00032346      0.00023337      0.00000000     -0.00000000
       0.00000000      0.00000000      0.00000000      0.00000000      0.00000000
       0.00000000      0.00000000      0.00000000     -0.00000000      0.00000000
       0.00000000     -0.00000000      0.00000000      0.59723920      0.43075389
       0.00000000      0.00000000      0.46261949      0.33366052      0.19253092
       0.13886135     -0.13697048     -0.09878884      0.00000000      0.00000000
       0.17682813      0.12753584     -0.00000000      0.00000000     -0.00000000
      -0.00000000     -0.00000000      0.00000000     -0.00000000     -0.00000000
       0.00000000      0.00000000     -0.00000000     -0.00000000     -0.00000000
       0.00000000     -0.00000000      0.00000001      0.00000734      0.00027324
       0.00021103      0.00015226      0.00000001      0.00001359      0.00050598
       0.00039079      0.00028194      0.00000005      0.00004481      0.00166792
       0.00128820      0.00092940      0.00000000     -0.00000000     -0.00000000
       0.00000000     -0.00000000      0.00000000     -0.00000000      0.00000000
       0.00000000      0.00000000      0.00000000      0.00000000      0.00000000
       0.00000000      0.00000000     -0.18388945     -0.13262876      0.00000000
       0.00000000     -0.14244016     -0.10273380      0.76676313      0.55302163
      -0.07692160     -0.05547907      0.00000000      0.00000000      0.09930535
       0.07162317     -0.00000000      0.00000000      0.00000000     -0.00000000
      -0.00000000      0.00000000      0.00000000      0.00000000     -0.00000000
      -0.00000000      0.00000000     -0.00000000     -0.00000000      0.00000000
      -0.00000000     -0.00000000     -0.00000000      0.00000000      0.00000000
       0.00000000      0.00000000     -0.00000000     -0.00000000      0.00000000
      -0.00000000     -0.00000000     -0.00000000      0.00000000     -0.00000000
       0.00000000     -0.00129203     -0.44946095      0.84740538      0.00037255
       0.12959825     -0.24434215     -0.00000000      0.00000000     -0.00000000
      -0.00007841     -0.02727514      0.05142405      0.00000000     -0.00000000
       0.00000000     -0.00000000     -0.00000000      0.00000000      0.00000000
      -0.00000000     -0.00000000      0.00000000      0.00000000      0.00000000
       0.00000000      0.00000000     -0.00000000      0.00000000      0.00000000
      -0.00000000      0.00000124     -0.00000460     -0.00000047      0.00000000
       0.00000010      0.00000000      0.00000026     -0.00000000     -0.00000000
      -0.00000000      0.00000000      0.00000000      0.00000000      0.00000000
      -0.00000000     -0.00000000     -0.00000000      0.00000000      0.00000000
      -0.00000000      0.00000000     -0.00000000     -0.00000000      0.00000000
      -0.00000000     -0.00000000      0.00000000     -0.00000000      0.00000000
      -0.00022175     -0.07714029      0.14543888     -0.00051095     -0.17774320
       0.33511374      0.00000000     -0.00000000      0.00000000      0.00122640
       0.42662808     -0.80435671     -0.00000000      0.00000000     -0.00000000
       0.00000000     -0.00000000     -0.00000000     -0.00000000      0.00000000
       0.00000000      0.00000000     -0.00000000      0.00000000      0.00000000
      -0.00000000      0.00000000     -0.00000000      0.00000000     -0.00000000
      -0.00000170     -0.00000079      0.00000064     -0.00000000     -0.00000154
       0.00000000     -0.00000408      0.00000000     -0.00000000     -0.00000000
       0.00000000      0.00000000     -0.00000000      0.00000000     -0.00000000
      -0.00000000     -0.00000000      0.00000000     -0.00000000      0.00000000
      -0.00000000      0.00000000     -0.00000000      0.00000000     -0.00000000
       0.00000000     -0.00000000      0.00000000     -0.00000000     -0.00030946
      -0.10765229      0.20296564     -0.00118930     -0.41372266      0.78002506
       0.00000000      0.00000000     -0.00000000     -0.00055144     -0.19183153
       0.36167562      0.00000000     -0.00000000      0.00000000      0.00000000
       0.00000000      0.00000000      0.00000000     -0.00000000      0.00000000
      -0.00000000     -0.00000000      0.00000000      0.00000000     -0.00000000
       0.00000000      0.00000000     -0.00000000     -0.00000000     -0.00000396
      -0.00000110      0.00000150      0.00000000      0.00000069      0.00000000
       0.00000184     -0.00000000      0.00000000     -0.00000000     -0.00000000
      -0.00000000     -0.00000000     -0.00000000     -0.00000000     -0.00000000
      -0.00000000      0.00000000     -0.00000000     -0.00000000     -0.00000000
      -0.00000000      0.00000000     -0.00000000     -0.00000000     -0.00000000
       0.00000000     -0.00000000      0.00000000      0.00000000     -0.00000000
       0.00000000      0.00000000      0.00000000     -0.00000000     -0.00078628
      -0.38158128      0.72716718      0.00000000     -0.00000000      0.00000000
       0.00054637      0.26515098     -0.50528969      0.00000000      0.00000000
       0.00000000     -0.00000000      0.00000000     -0.00000000     -0.00000000
       0.00000000     -0.00000000      0.00000000     -0.00000000      0.00000000
      -0.00000000     -0.00000000      0.00000000      0.00000000     -0.00000000
       0.00000000      0.00000328      0.00000000      0.00000353      0.00000000
      -0.00000388     -0.00000000     -0.00000000     -0.00000000     -0.00000000
      -0.00000000     -0.00000000      0.00000000     -0.00000000      0.00000000
       0.00000000     -0.00000000      0.00000000     -0.00000000     -0.00000000
       0.00000000     -0.00000000     -0.00000000      0.00000000      0.00000000
      -0.00000000      0.00000000     -0.00000000     -0.00000000      0.00000000
      -0.00000000     -0.00000000      0.00000000     -0.00054637     -0.26515098
       0.50528969      0.00000000      0.00000000     -0.00000000     -0.00078628
      -0.38158128      0.72716718      0.00000000     -0.00000000      0.00000000
       0.00000000     -0.00000000     -0.00000000     -0.00000000      0.00000000
      -0.00000000      0.00000000      0.00000000      0.00000000      0.00000000
      -0.00000000     -0.00000000     -0.00000000     -0.00000000      0.00000000
       0.00000228     -0.00000000     -0.00000508     -0.00000000     -0.00000269
      -0.00000000      0.00000000     -0.00000000     -0.00000000     -0.00000000
      -0.00000000     -0.00003889     -0.00003167      0.04107966     -0.39288017
       0.42405741     -0.00001425     -0.00001160      0.01504930     -0.14392943
       0.15535103     -0.00005280     -0.00004300      0.05577099     -0.53338607
       0.57571323     -0.00000000      0.00000000     -0.00000000     -0.00000000
      -0.00000000      0.00000000      0.00000000     -0.00000000      0.00000000
       0.00000000     -0.00000000      0.00000000     -0.00000000      0.00000000
       0.00000000     -0.00001664      0.00000030     -0.00000000     -0.00000000
      -0.00001289      0.00000024      0.00007800     -0.00000143     -0.00003518
       0.00000064     -0.00000000     -0.00000000      0.00004542     -0.00000083
       0.00000000      0.00000000      0.00000000     -0.00000000     -0.00000000
       0.00000000      0.00000000      0.00000000      0.00000000     -0.00000000
       0.00000000      0.00000000      0.00000000     -0.00000000     -0.00000000
      -0.00004097     -0.00003336      0.04327310     -0.41385793      0.44669987
      -0.00003533     -0.00002877      0.03731735     -0.35689802      0.38521987
       0.00003971      0.00003234     -0.04194374      0.40114415     -0.43297718
      -0.00000000     -0.00000000      0.00000000     -0.00000000      0.00000000
      -0.00000000      0.00000000     -0.00000000      0.00000000     -0.00000000
       0.00000000     -0.00000000     -0.00000000     -0.00000000      0.00000000
      -0.00004126      0.00000075     -0.00000000     -0.00000000     -0.00003196
       0.00000058     -0.00005866      0.00000107     -0.00003706      0.00000068
       0.00000000      0.00000000      0.00004785     -0.00000087     -0.00000000
       0.00000000     -0.00000000      0.00000000      0.00000000      0.00000000
       0.00000000      0.00000000      0.00000000     -0.00000000     -0.00000000
       0.00000000     -0.00000000      0.00000000      0.00000000      0.00003623
       0.00002950     -0.03826649      0.36597540     -0.39501759     -0.00005525
      -0.00004499      0.05835544     -0.55810333      0.60239195     -0.00001178
      -0.00000959      0.01243954     -0.11897008      0.12841102      0.00000000
      -0.00000000      0.00000000      0.00000000      0.00000000     -0.00000000
      -0.00000000      0.00000000     -0.00000000      0.00000000      0.00000000
       0.00000000     -0.00000000      0.00000000     -0.00000000     -0.00006452
       0.00000118      0.00000000      0.00000000     -0.00004998      0.00000091
       0.00001740     -0.00000032      0.00003277     -0.00000060      0.00000000
       0.00000000     -0.00004231      0.00000077     -0.00000000     -0.00000000
      -0.00000000     -0.00000000      0.00000000      0.00000000      0.00000000
       0.00000000     -0.00000000      0.00000000      0.00000000      0.00000000
      -0.00000000      0.00000000      0.00000000     -0.00000000      0.00000000
      -0.00000000     -0.00000000     -0.00000000     -0.00000000     -0.00000000
      -0.00000000      0.00000000     -0.00000000      0.00000000     -0.00000000
       0.00000000      0.00000000      0.00000000      0.00000000     -0.00000000
       0.00000000     -0.00000000     -0.00000000      0.00000000     -0.00000000
       0.00000000      0.00000000      0.00000000     -0.00000000     -0.00000000
      -0.00000000     -0.00000000     -0.00000000     -0.00000000      0.00000000
      -0.58518853      0.81089727      0.00000000     -0.00000000     -0.00000000
       0.00000000     -0.00000000      0.00000000      0.00000000     -0.00000000
       0.00000000     -0.00000000      0.00000000      0.00000000     -0.00000000
       0.00000000      0.00000000      0.00000000      0.00000000      0.00000000
      -0.00000000     -0.00000000      0.00000000     -0.00000000     -0.00000000
       0.00000000      0.00000000      0.00000000     -0.00000000     -0.00000000
      -0.00000000     -0.00000000      0.00000000      0.00000000      0.00000000
       0.00000000      0.00000000     -0.00000000      0.00000000     -0.00000000
      -0.00000000     -0.00000000      0.00000000     -0.00000000      0.00000000
      -0.00000000     -0.00000000     -0.00000000     -0.00000000      0.00000000
       0.00000000     -0.00000000      0.00000000      0.00000000      0.00000000
      -0.00000000      0.00000000     -0.27869369      0.38629363      0.00000000
      -0.00000000      0.35979201     -0.49870294      0.00000000     -0.00000000
       0.16928175     -0.23463919     -0.29891510      0.41432225      0.13112508
      -0.18175074      0.00000000     -0.00000000     -0.00000000      0.00000000
      -0.00000000     -0.00000000     -0.00000000     -0.00000000     -0.00000000
       0.00000000     -0.00000000     -0.00000000     -0.00000000     -0.00000000
      -0.00000000     -0.00000000      0.00000000     -0.00000000     -0.00000000
      -0.00000000      0.00000000      0.00000000     -0.00000000      0.00000000
      -0.00000000      0.00000000     -0.00000000      0.00000000      0.00000000
       0.00000000     -0.00000000      0.00000000     -0.00000000     -0.00000000
      -0.00000000      0.00000000      0.00000000     -0.00000000     -0.00000000
      -0.00000000     -0.00000000     -0.00000000     -0.00000000     -0.00000000
       0.00000000     -0.22410997      0.31063585      0.00000000     -0.00000000
       0.28932472     -0.40102916     -0.00000000      0.00000000     -0.17214945
       0.23861408      0.40121071     -0.55611285     -0.13334639      0.18482967
      -0.00000000      0.00000000     -0.00000000      0.00000000      0.00000000
      -0.00000000     -0.00000000      0.00000000      0.00000000     -0.00000000
      -0.00000000     -0.00000000      0.00000000     -0.00000000     -0.00000000
       0.00000000     -0.00000000     -0.00000000     -0.00000000     -0.00000000
      -0.00000000      0.00000000      0.00000000      0.00000000      0.00000000
      -0.00000000     -0.00000000     -0.00000000     -0.00000000     -0.00000000
       0.00000000     -0.00000000      0.00000000      0.00000000      0.00000000
      -0.00000000      0.00000000      0.00000000     -0.00000000      0.00000000
      -0.00000000      0.00000000     -0.00000000     -0.00000000     -0.00000000
      -0.02179103      0.03020426     -0.00000000      0.00000000      0.02813210
      -0.03899353      0.00000000     -0.00000000     -0.39453613      0.54686129
      -0.30331589      0.42042214     -0.30560637      0.42359693     -0.00000000
      -0.00000000     -0.00000000      0.00000000      0.00000000      0.00000000
       0.00000000     -0.00000000      0.00000000     -0.00000000     -0.00000000
       0.00000000      0.00000000      0.00000000      0.00000000      0.00000059
       0.00000862      0.00027288      0.00017751      0.00021300      0.00000003
       0.00000043      0.00001372      0.00000893      0.00001071      0.00000024
       0.00000358      0.00011326      0.00007367      0.00008840     -0.00000000
       0.00000000     -0.00000000      0.00000000      0.00000000      0.00000000
      -0.00000000     -0.00000000      0.00000000      0.00000000     -0.00000000
       0.00000000      0.00000000     -0.00000000      0.00000000      0.02145889
      -0.02975264     -0.00000000      0.00000000      0.01662199     -0.02304629
      -0.22400060      0.31057562      0.33049692     -0.45823219     -0.00000000
       0.00000000     -0.42666969      0.59157521      0.00000000     -0.00000000
      -0.00000000     -0.00000000     -0.00000000     -0.00000000      0.00000000
      -0.00000000     -0.00000000     -0.00000000      0.00000000     -0.00000000
      -0.00000000      0.00000000      0.00000000      0.00000002      0.00000022
       0.00000708      0.00000461      0.00000553     -0.00000063     -0.00000932
      -0.00029510     -0.00019196     -0.00023034      0.00000004      0.00000059
       0.00001869      0.00001216      0.00001459      0.00000000      0.00000000
      -0.00000000      0.00000000      0.00000000     -0.00000000     -0.00000000
      -0.00000000      0.00000000      0.00000000      0.00000000     -0.00000000
      -0.00000000      0.00000000      0.00000000     -0.46140094      0.63972989
       0.00000000     -0.00000000     -0.35739963      0.49553264     -0.03696905
       0.05125738      0.00857885     -0.01189453     -0.00000000      0.00000000
      -0.01107525      0.01535577     -0.00000000      0.00000000     -0.00000000
      -0.00000000     -0.00000000      0.00000000      0.00000000      0.00000000
       0.00000000     -0.00000000      0.00000000     -0.00000000     -0.00000000
      -0.00000000     -0.00000000     -0.00000024     -0.00000360     -0.00011387
      -0.00007407     -0.00008888      0.00000003      0.00000046      0.00001453
       0.00000945      0.00001134      0.00000059      0.00000861      0.00027259
       0.00017731      0.00021277     -0.00000000      0.00000000      0.00000000
      -0.00000000     -0.00000000      0.00000000      0.00000000      0.00000000
      -0.00000000     -0.00000000      0.00000000     -0.00000000     -0.00000000
       0.00000000     -0.00000000      0.02272380     -0.03150642      0.00000000
      -0.00000000      0.01760178     -0.02440477     -0.53911530      0.74748043
      -0.13790865      0.19120959     -0.00000000      0.00000000      0.17803930
      -0.24685052     -0.00000000      0.00000000     -0.00000000     -0.00000000
       0.00000000      0.00000000     -0.00000000     -0.00000000     -0.00000000
       0.00000000      0.00000000     -0.00000000     -0.00000000     -0.00000000
      -0.00000000      0.00000000     -0.00000000     -0.00000000      0.00000000
      -0.00000000     -0.00000000      0.00000000     -0.00000000     -0.00000000
       0.00000000      0.00000000      0.00000000     -0.00000000     -0.00000000
      -0.00000000     -0.00000076     -0.00000132     -0.00000042     -0.00001454
      -0.00002546     -0.00000813      0.00000000      0.00000000      0.00000000
      -0.00000119     -0.00000209     -0.00000067     -0.00000000     -0.00000000
      -0.00000000     -0.00000000      0.00000000      0.00000000     -0.00000000
       0.00000000     -0.00000000      0.00000000     -0.00000000     -0.00000000
       0.00000000     -0.00000000      0.00000000     -0.00000000      0.00000000
      -0.00000000      0.93103401      0.05173737     -0.35189778      0.00000000
      -0.02886796      0.00000000     -0.07637744     -0.00000000     -0.00000000
      -0.00000000     -0.00000000      0.00000000     -0.00000000     -0.00000000
       0.00000000     -0.00000000      0.00000000      0.00000000      0.00000000
       0.00000000      0.00000000     -0.00000000     -0.00000000     -0.00000000
       0.00000000      0.00000000      0.00000000     -0.00000000      0.00000000
       0.00001312      0.00002298      0.00000734     -0.00000120     -0.00000210
      -0.00000067     -0.00000000      0.00000000     -0.00000000      0.00000631
       0.00001104      0.00000352     -0.00000000     -0.00000000      0.00000000
       0.00000000     -0.00000000      0.00000000     -0.00000000     -0.00000000
       0.00000000      0.00000000     -0.00000000      0.00000000     -0.00000000
      -0.00000000      0.00000000      0.00000000     -0.00000000      0.00000000
       0.07680102     -0.89830418     -0.02902806      0.00000000      0.15260594
       0.00000000      0.40375736      0.00000000     -0.00000000      0.00000000
       0.00000000      0.00000000     -0.00000000     -0.00000000      0.00000000
      -0.00000000      0.00000000      0.00000000     -0.00000000      0.00000000
      -0.00000000     -0.00000000      0.00000000     -0.00000000     -0.00000000
      -0.00000000     -0.00000000      0.00000000     -0.00000000     -0.00000637
      -0.00001116     -0.00000356     -0.00000075     -0.00000131     -0.00000042
       0.00000000      0.00000000      0.00000000      0.00001312      0.00002298
       0.00000734     -0.00000000     -0.00000000      0.00000000     -0.00000000
       0.00000000      0.00000000     -0.00000000      0.00000000     -0.00000000
      -0.00000000      0.00000000     -0.00000000      0.00000000      0.00000000
       0.00000000     -0.00000000      0.00000000     -0.00000000      0.04772083
       0.43631737     -0.01803678      0.00000000      0.31761308      0.00000000
       0.84032522      0.00000000     -0.00000000      0.00000000      0.00000000
       0.00000000      0.00000000      0.00000000     -0.00000000     -0.00000000
      -0.00000000      0.00000000     -0.00000000      0.00000000     -0.00000000
       0.00000000     -0.00000000      0.00000000      0.00000000     -0.00000000
      -0.00000000     -0.00000000      0.00000000     -0.00000000     -0.00000000
       0.00000000     -0.00000000     -0.00000000     -0.00000000     -0.00003123
      -0.00005597     -0.00002255     -0.00000000     -0.00000000      0.00000000
      -0.00000608     -0.00001090     -0.00000439      0.00000000     -0.00000000
      -0.00000000      0.00000000      0.00000000     -0.00000000     -0.00000000
       0.00000000     -0.00000000      0.00000000      0.00000000     -0.00000000
       0.00000000     -0.00000000      0.00000000      0.00000000      0.00000000
      -0.00000000     -0.63359253     -0.00000000      0.19116800     -0.00000000
       0.74967679      0.00000000      0.00000000     -0.00000000     -0.00000000
       0.00000000     -0.00000000     -0.00000000     -0.00000000     -0.00000000
      -0.00000000     -0.00000000     -0.00000000      0.00000000      0.00000000
       0.00000000     -0.00000000     -0.00000000      0.00000000      0.00000000
       0.00000000     -0.00000000     -0.00000000      0.00000000     -0.00000000
       0.00000000      0.00000000      0.00000000      0.00000608      0.00001090
       0.00000439     -0.00000000     -0.00000000     -0.00000000     -0.00003123
      -0.00005597     -0.00002255      0.00000000     -0.00000000      0.00000000
      -0.00000000      0.00000000     -0.00000000     -0.00000000      0.00000000
      -0.00000000     -0.00000000      0.00000000     -0.00000000      0.00000000
      -0.00000000     -0.00000000     -0.00000000      0.00000000      0.00000000
       0.12339842      0.00000000      0.98155733     -0.00000000     -0.14600697
       0.00000000      0.00000000      0.00000000      0.00000000     -0.00000000
      -0.00000000     -0.00000000     -0.00000000     -0.00000000      0.00000000
      -0.00000000      0.00000000     -0.00000000      0.00000000      0.00000000
      -0.00000000      0.00000000      0.00000000     -0.00000000      0.00000000
      -0.00000000      0.00000000      0.00000000      0.00000000     -0.00000000
       0.00000000      0.00000000     -0.00000000     -0.00000000     -0.00000000
       0.00000000      0.00000000     -0.00000000      0.00000000      0.00000000
       0.00000000      0.00000000     -0.00000000      0.00000000     -0.00000000
       0.00000000     -0.00000000      0.00000000     -0.00000000      0.00000000
      -0.00000000      0.00000000     -0.00000000      0.00000000      0.00000000
      -0.12262366      0.00148724     -0.00000000      0.00393488     -0.00000000
       0.92834666     -0.00000000     -0.35088206      0.00000000      0.00000000
      -0.00000000     -0.00000000      0.00000000     -0.00000000     -0.00000000
       0.00000000     -0.00000000      0.00000000      0.00000000     -0.00000000
       0.00000000      0.00000000      0.00000000     -0.00000000      0.00000000
      -0.00000000      0.00000000      0.00000000     -0.00000000      0.00000000
      -0.00000000     -0.00000000     -0.00000000      0.00000000      0.00000000
       0.00000000     -0.00000000     -0.00000000     -0.00000000      0.00000000
       0.00000000     -0.00000000     -0.00000000     -0.00000000     -0.00000000
       0.00000000     -0.00000000      0.00000000     -0.00000000     -0.00000000
       0.00000000     -0.00000000      0.00000000      0.00000000     -0.00000000
       0.00000000     -0.00000000      0.00000000     -0.00000000     -0.14579454
       0.34968751      0.00000000      0.92518619     -0.00000000     -0.02077201
       0.00000000      0.00785108      0.00000000      0.00000000      0.00000000
       0.00000000      0.00000000     -0.00000000      0.00000000      0.00000000
       0.00000000      0.00000000     -0.00000000      0.00000000      0.00000000
      -0.00000000      0.00000000     -0.00000000      0.00000000      0.00000000
      -0.00000000      0.00000000      0.00000000     -0.00000000     -0.00000000
      -0.00000000      0.00000000      0.00000000     -0.00000000      0.00000000
       0.00000000      0.00000000      0.00000000      0.00000000      0.00000000
      -0.00000000     -0.00000000     -0.00000000      0.00000000      0.00000000
      -0.00000000      0.00000000     -0.00000000     -0.00000000      0.00000000
       0.00000000      0.00000000     -0.00000000      0.00000000      0.00000000
      -0.00000000      0.00000000     -0.00000000      0.98168599      0.05211942
       0.00000000      0.13789501      0.00000000      0.11287603      0.00000000
      -0.04266313     -0.00000000     -0.00000000     -0.00000011      0.00000981
       0.00008665     -0.00003040     -0.00000632      0.00000000     -0.00000000
      -0.00000000      0.00000000      0.00000000     -0.00000000     -0.00000000
       0.00000000     -0.00000000      0.00000000     -0.00000000     -0.00000000
       0.00000000     -0.00000000      0.00000000     -0.00000000     -0.00000000
       0.00000000     -0.00000000     -0.00000000     -0.00000000      0.00000000
       0.00000000      0.00000000      0.00000000     -0.00000000      0.00000000
      -0.00000000     -0.00000000      0.00000000      0.00000000     -0.00000000
       0.00000000     -0.00000000     -0.00000000      0.00000000     -0.00000000
       0.00000000      0.00000000     -0.00000000     -0.00000000      0.00000000
      -0.00000000      0.00000000     -0.00000000     -0.00000000      0.00000000
      -0.00000000      0.76376261     -0.00000000      0.00000000     -0.00000000
       0.64549722
  Gathered CMO from array.
  NCMO=                  826
       1.00000000     -0.00000041     -0.00000124      0.00000053     -0.00000009
       0.00000021     -0.00000000      0.00000000     -0.00000000      0.00000000
       0.00000000     -0.00000000     -0.00000000     -0.00000000      0.00000000
       0.00000000      0.00000000     -0.00000000      0.00000000      0.00000000
       0.00000000     -0.00000000     -0.00000000      0.00000000      0.00000000
      -0.00000000      0.00000000     -0.00000000      0.00000000     -0.00000000
      -0.00000000     -0.00000000     -0.00000000     -0.00000000     -0.00000000
      -0.00000000      0.00000000      0.00000000      0.00000000     -0.00000000
       0.00000000      0.00000000     -0.00000000      0.00000000      0.00000000
       0.00000000      0.00000000      0.00000000     -0.00000000      0.00000000
      -0.00000000     -0.00000000     -0.00000000     -0.00000000      0.00000000
      -0.00000000     -0.00000000      0.00000000      0.00000000      0.00000041
       1.00000000     -0.00001203     -0.00004729      0.00000484      0.00001051
      -0.00000000      0.00000000      0.00000000      0.00000000     -0.00000000
      -0.00000000     -0.00000000     -0.00000000      0.00000000     -0.00000000
      -0.00000000      0.00000000     -0.00000000     -0.00000000      0.00000000
      -0.00000000      0.00000000     -0.00000000      0.00000000     -0.00000000
       0.00000000      0.00000000     -0.00000000      0.00000000      0.00000000
       0.00000000     -0.00000000     -0.00000000      0.00000000     -0.00000000
       0.00000000     -0.00000000      0.00000000     -0.00000000      0.00000000
       0.00000000      0.00000000     -0.00000000     -0.00000000     -0.00000000
      -0.00000000     -0.00000000     -0.00000000      0.00000000     -0.00000000
      -0.00000000     -0.00000000      0.00000000      0.00000008     -0.00000000
      -0.00000000     -0.00000000      0.00000007     -0.00000000      0.00000000
       0.00000000      0.00000000     -0.00000000     -0.00000000      0.16779365
       0.00000733     -0.00000031     -0.00000771      0.00000828      0.14549369
       0.00000636     -0.00000027     -0.00000668      0.00000718      0.97502660
       0.00004261     -0.00000180     -0.00004478      0.00004811      0.00000000
       0.00000000      0.00000000      0.00000000     -0.00000000      0.00000000
       0.00000000     -0.00000000      0.00000000     -0.00000000     -0.00000000
      -0.00000000     -0.00000000     -0.00000000     -0.00000000     -0.00000004
       0.00000006      0.00000000     -0.00000000     -0.00000003      0.00000005
       0.00000033     -0.00000052     -0.00000004      0.00000006     -0.00000000
       0.00000000      0.00000005     -0.00000007      0.00000000     -0.00000000
       0.00000000      0.00000000      0.00000000     -0.00000000      0.00000000
       0.00000000     -0.00000000      0.00000000      0.00000000     -0.00000000
      -0.00000000     -0.00000000     -0.00000000      0.22270018      0.00000973
      -0.00000041     -0.00001023      0.00001099      0.95788781      0.00004186
      -0.00000177     -0.00004399      0.00004727     -0.18126101     -0.00000792
       0.00000034      0.00000832     -0.00000894      0.00000000      0.00000000
      -0.00000000      0.00000000     -0.00000000     -0.00000000     -0.00000000
       0.00000000     -0.00000000     -0.00000000      0.00000000     -0.00000000
      -0.00000000      0.00000000     -0.00000000     -0.00000026      0.00000041
       0.00000000      0.00000000     -0.00000020      0.00000032     -0.00000006
       0.00000010     -0.00000005      0.00000007     -0.00000000     -0.00000000
       0.00000006     -0.00000009     -0.00000000      0.00000000     -0.00000000
      -0.00000000      0.00000000     -0.00000000      0.00000000     -0.00000000
      -0.00000000     -0.00000000      0.00000000     -0.00000000     -0.00000000
      -0.00000000     -0.00000000      0.96033844      0.00004197     -0.00000178
      -0.00004410      0.00004739     -0.24755305     -0.00001082      0.00000046
       0.00001137     -0.00001222     -0.12832602     -0.00000561      0.00000024
       0.00000589     -0.00000633      0.00000000     -0.00000000      0.00000000
       0.00000000      0.00000000      0.00000000     -0.00000000      0.00000000
      -0.00000000     -0.00000000      0.00000000      0.00000000     -0.00000000
       0.00000000     -0.00000000      0.00000007     -0.00000011     -0.00000000
      -0.00000000      0.00000005     -0.00000008     -0.00000004      0.00000007
      -0.00000020      0.00000032      0.00000000     -0.00000000      0.00000026
      -0.00000041     -0.00000000     -0.00000000      0.00000000     -0.00000000
      -0.00000000      0.00000000      0.00000000     -0.00000000      0.00000000
       0.00000124      0.00001178      0.99998402     -0.00557811      0.00090420
       0.00017957      0.00000000      0.00000000     -0.00000000     -0.00000000
       0.00000000      0.00000000      0.00000000     -0.00000000      0.00000000
      -0.00000000     -0.00000000     -0.00000000      0.00000000     -0.00000000
       0.00000000      0.00000000     -0.00000000      0.00000000     -0.00000000
       0.00000000     -0.00000000      0.00000000     -0.00000000      0.00000000
      -0.00000000      0.00000000     -0.00000000     -0.00000000      0.00000000
      -0.00000000     -0.00000000      0.00000000      0.00000000     -0.00000000
      -0.00000000     -0.00000000     -0.00000000      0.00000000     -0.00000000
       0.00000000      0.00000000      0.00000000      0.00000000     -0.00000000
       0.00000000      0.00000000     -0.00000000      0.00000000     -0.00000710
      -0.00000000     -0.00000000      0.00000000     -0.00000600     -0.00000000
      -0.00000000      0.00000000     -0.00000000     -0.00000000     -0.00000000
      -0.00002314      0.52912908     -0.00289628      0.00088015      0.00113554
      -0.00001002      0.22912566     -0.00125416      0.00038113      0.00049172
      -0.00003573      0.81699848     -0.00447198      0.00135900      0.00175332
      -0.00000000     -0.00000000      0.00000000      0.00000000     -0.00000000
       0.00000000      0.00000000     -0.00000000      0.00000000     -0.00000000
       0.00000000     -0.00000000      0.00000000     -0.00000000      0.00000000
       0.00000528      0.00000572      0.00000000      0.00000000      0.00000409
       0.00000443     -0.00002383     -0.00002579      0.00000945      0.00001023
       0.00000000      0.00000000     -0.00001220     -0.00001320      0.00000000
      -0.00000000      0.00000000     -0.00000000      0.00000000      0.00000000
       0.00000000      0.00000000      0.00000000      0.00000000      0.00000000
       0.00000000     -0.00000000      0.00000000      0.00000000      0.00003180
      -0.72704052      0.00397958     -0.00120936     -0.00156027      0.00001636
      -0.37400418      0.00204717     -0.00062212     -0.00080263     -0.00002518
       0.57575656     -0.00315150      0.00095771      0.00123560     -0.00000000
       0.00000000     -0.00000000      0.00000000      0.00000000      0.00000000
      -0.00000000      0.00000000     -0.00000000     -0.00000000      0.00000000
      -0.00000000     -0.00000000      0.00000000     -0.00000000     -0.00000862
      -0.00000933      0.00000000      0.00000000     -0.00000668     -0.00000723
      -0.00001679     -0.00001817     -0.00001299     -0.00001405      0.00000000
      -0.00000000      0.00001677      0.00001814      0.00000000     -0.00000000
       0.00000000      0.00000000     -0.00000000     -0.00000000     -0.00000000
       0.00000000     -0.00000000      0.00000000      0.00000000     -0.00000000
       0.00000000      0.00000000      0.00000000      0.00001913     -0.43748961
       0.00239467     -0.00072772     -0.00093887     -0.00003930      0.89865732
      -0.00491895      0.00149483      0.00192856     -0.00000137      0.03131344
      -0.00017140      0.00005209      0.00006720      0.00000000     -0.00000000
      -0.00000000      0.00000000      0.00000000     -0.00000000     -0.00000000
       0.00000000     -0.00000000      0.00000000     -0.00000000      0.00000000
      -0.00000000     -0.00000000      0.00000000      0.00002072      0.00002243
       0.00000000      0.00000000      0.00001605      0.00001737     -0.00000091
      -0.00000099     -0.00000781     -0.00000846      0.00000000      0.00000000
       0.00001009      0.00001092      0.00000000     -0.00000000      0.00000000
      -0.00000000     -0.00000000      0.00000000      0.00000000     -0.00000000
       0.00000000      0.00000000      0.00000000     -0.00000000     -0.00000000
       0.00000000     -0.00000000     -0.00000000     -0.00000000      0.00000000
      -0.00000000     -0.00000000      0.00000000     -0.00000000     -0.00000000
      -0.00000000      0.00000000     -0.00000000      0.00000000      0.00000000
      -0.00000000     -0.00000000      0.99663459     -0.07303613     -0.03721855
       0.00000000     -0.00000000     -0.00000000     -0.00000000     -0.00000000
      -0.00000000     -0.00000000     -0.00000000     -0.00000000     -0.00000000
      -0.00000000      0.00000000      0.00000000     -0.00000000      0.00000000
      -0.00000000     -0.00000000     -0.00000000     -0.00000000      0.00000000
       0.00000000      0.00000000      0.00000000     -0.00000000     -0.00000000
      -0.00000000      0.00000000      0.00000000      0.00001239     -0.00000000
       0.00000000     -0.00000000      0.00000000     -0.00000000     -0.00000000
      -0.00000000     -0.00000000      0.00000000     -0.00000000     -0.00000000
       0.00000000     -0.00000000      0.00000000      0.00000000     -0.00000000
      -0.00000000     -0.00000000     -0.00000000     -0.00000000      0.00000000
       0.00000000     -0.00000000     -0.00000000      0.00000000     -0.00000000
      -0.00000000     -0.00000000      0.00000000      0.00000000      0.99663459
      -0.07303613     -0.03721855      0.00000000      0.00000000      0.00000000
      -0.00000000     -0.00000000     -0.00000000      0.00000000      0.00000000
       0.00000000      0.00000000     -0.00000000      0.00000000      0.00000000
       0.00000000     -0.00000000     -0.00000000     -0.00000000      0.00000000
      -0.00000000      0.00000000      0.00000000     -0.00000000     -0.00000000
       0.00000000      0.00001159      0.00000000     -0.00000438      0.00000000
       0.00000000     -0.00000000     -0.00000000      0.00000000      0.00000000
      -0.00000000      0.00000000     -0.00000000      0.00000000     -0.00000000
       0.00000000      0.00000000     -0.00000000      0.00000000      0.00000000
       0.00000000     -0.00000000     -0.00000000      0.00000000      0.00000000
       0.00000000      0.00000000     -0.00000000      0.00000000     -0.00000000
      -0.00000000     -0.00000000      0.00000000     -0.00000000     -0.00000000
      -0.00000000     -0.00000000      0.00000000     -0.00000000      0.99663459
      -0.07303613     -0.03721855     -0.00000000     -0.00000000     -0.00000000
      -0.00000000      0.00000000      0.00000000     -0.00000000     -0.00000000
      -0.00000000     -0.00000000     -0.00000000     -0.00000000     -0.00000000
      -0.00000000     -0.00000000      0.00000000     -0.00000000      0.00000000
      -0.00000000      0.00000000     -0.00000000     -0.00000000     -0.00000438
       0.00000000     -0.00001159     -0.00000000      0.00000000     -0.00000000
      -0.00000000      0.00000000      0.00000000      0.00000000      0.00000000
      -0.00000000      0.00000000     -0.00000000     -0.00000000      0.00000000
       0.00000000      0.00000000      0.00000000     -0.00000000     -0.00000000
       0.00000000      0.00000000      0.00000000     -0.00000000      0.00000000
       0.00000000     -0.00000000     -0.00000000      0.00000000     -0.00000000
       0.99649556     -0.07450588     -0.03801948      0.00000000     -0.00000000
      -0.00000000      0.00000000      0.00000000     -0.00000000     -0.00000000
      -0.00000000     -0.00000000      0.00000000     -0.00000000     -0.00000000
       0.00000000      0.00000000      0.00000000     -0.00000000     -0.00000000
       0.00000000      0.00000000      0.00000000     -0.00000000      0.00000000
      -0.00000000     -0.00000000     -0.00001716     -0.00000000      0.00000000
      -0.00000000      0.00002030      0.00000000      0.00000000      0.00000000
      -0.00000000      0.00000000     -0.00000000      0.00000000     -0.00000000
      -0.00000000      0.00000000      0.00000000      0.00000000     -0.00000000
      -0.00000000     -0.00000000      0.00000000      0.00000000      0.00000000
      -0.00000000     -0.00000000      0.00000000      0.00000000      0.00000000
      -0.00000000      0.00000000      0.00000000      0.00000000      0.00000000
       0.00000000     -0.00000000     -0.00000000      0.00000000      0.00000000
       0.99649556     -0.07450588     -0.03801948     -0.00000000     -0.00000000
      -0.00000000      0.00000000     -0.00000000     -0.00000000     -0.00000000
       0.00000000     -0.00000000      0.00000000      0.00000000     -0.00000000
      -0.00000000     -0.00000000     -0.00000000     -0.00000000     -0.00000000
      -0.00000000     -0.00000000     -0.00000000      0.00002658     -0.00000000
       0.00000000
  RDCMO_RASSI called for file JOBIPH
  Reading CMO
  NBUF=                 3481
  Array read in:
       1.00000000     -0.00000041     -0.00000124      0.00000053     -0.00000009
       0.00000021     -0.00000000      0.00000000     -0.00000000      0.00000000
       0.00000000     -0.00000000     -0.00000000     -0.00000000      0.00000000
       0.00000000      0.00000000     -0.00000000      0.00000000      0.00000000
       0.00000000     -0.00000000     -0.00000000      0.00000000      0.00000000
      -0.00000000      0.00000000     -0.00000000      0.00000000     -0.00000000
      -0.00000000     -0.00000000     -0.00000000     -0.00000000     -0.00000000
      -0.00000000      0.00000000      0.00000000      0.00000000     -0.00000000
       0.00000000      0.00000000     -0.00000000      0.00000000      0.00000000
       0.00000000      0.00000000      0.00000000     -0.00000000      0.00000000
      -0.00000000     -0.00000000     -0.00000000     -0.00000000      0.00000000
      -0.00000000     -0.00000000      0.00000000      0.00000000      0.00000041
       1.00000000     -0.00001203     -0.00004729      0.00000484      0.00001051
      -0.00000000      0.00000000      0.00000000      0.00000000     -0.00000000
      -0.00000000     -0.00000000     -0.00000000      0.00000000     -0.00000000
      -0.00000000      0.00000000     -0.00000000     -0.00000000      0.00000000
      -0.00000000      0.00000000     -0.00000000      0.00000000     -0.00000000
       0.00000000      0.00000000     -0.00000000      0.00000000      0.00000000
       0.00000000     -0.00000000     -0.00000000      0.00000000     -0.00000000
       0.00000000     -0.00000000      0.00000000     -0.00000000      0.00000000
       0.00000000      0.00000000     -0.00000000     -0.00000000     -0.00000000
      -0.00000000     -0.00000000     -0.00000000      0.00000000     -0.00000000
      -0.00000000     -0.00000000      0.00000000      0.00000008     -0.00000000
      -0.00000000     -0.00000000      0.00000007     -0.00000000      0.00000000
       0.00000000      0.00000000     -0.00000000     -0.00000000      0.16779365
       0.00000733     -0.00000031     -0.00000771      0.00000828      0.14549369
       0.00000636     -0.00000027     -0.00000668      0.00000718      0.97502660
       0.00004261     -0.00000180     -0.00004478      0.00004811      0.00000000
       0.00000000      0.00000000      0.00000000     -0.00000000      0.00000000
       0.00000000     -0.00000000      0.00000000     -0.00000000     -0.00000000
      -0.00000000     -0.00000000     -0.00000000     -0.00000000     -0.00000004
       0.00000006      0.00000000     -0.00000000     -0.00000003      0.00000005
       0.00000033     -0.00000052     -0.00000004      0.00000006     -0.00000000
       0.00000000      0.00000005     -0.00000007      0.00000000     -0.00000000
       0.00000000      0.00000000      0.00000000     -0.00000000      0.00000000
       0.00000000     -0.00000000      0.00000000      0.00000000     -0.00000000
      -0.00000000     -0.00000000     -0.00000000      0.22270018      0.00000973
      -0.00000041     -0.00001023      0.00001099      0.95788781      0.00004186
      -0.00000177     -0.00004399      0.00004727     -0.18126101     -0.00000792
       0.00000034      0.00000832     -0.00000894      0.00000000      0.00000000
      -0.00000000      0.00000000     -0.00000000     -0.00000000     -0.00000000
       0.00000000     -0.00000000     -0.00000000      0.00000000     -0.00000000
      -0.00000000      0.00000000     -0.00000000     -0.00000026      0.00000041
       0.00000000      0.00000000     -0.00000020      0.00000032     -0.00000006
       0.00000010     -0.00000005      0.00000007     -0.00000000     -0.00000000
       0.00000006     -0.00000009     -0.00000000      0.00000000     -0.00000000
      -0.00000000      0.00000000     -0.00000000      0.00000000     -0.00000000
      -0.00000000     -0.00000000      0.00000000     -0.00000000     -0.00000000
      -0.00000000     -0.00000000      0.96033844      0.00004197     -0.00000178
      -0.00004410      0.00004739     -0.24755305     -0.00001082      0.00000046
       0.00001137     -0.00001222     -0.12832602     -0.00000561      0.00000024
       0.00000589     -0.00000633      0.00000000     -0.00000000      0.00000000
       0.00000000      0.00000000      0.00000000     -0.00000000      0.00000000
      -0.00000000     -0.00000000      0.00000000      0.00000000     -0.00000000
       0.00000000     -0.00000000      0.00000007     -0.00000011     -0.00000000
      -0.00000000      0.00000005     -0.00000008     -0.00000004      0.00000007
      -0.00000020      0.00000032      0.00000000     -0.00000000      0.00000026
      -0.00000041     -0.00000000     -0.00000000      0.00000000     -0.00000000
      -0.00000000      0.00000000      0.00000000     -0.00000000      0.00000000
       0.00000124      0.00001178      0.99998402     -0.00557811      0.00090420
       0.00017957      0.00000000      0.00000000     -0.00000000     -0.00000000
       0.00000000      0.00000000      0.00000000     -0.00000000      0.00000000
      -0.00000000     -0.00000000     -0.00000000      0.00000000     -0.00000000
       0.00000000      0.00000000     -0.00000000      0.00000000     -0.00000000
       0.00000000     -0.00000000      0.00000000     -0.00000000      0.00000000
      -0.00000000      0.00000000     -0.00000000     -0.00000000      0.00000000
      -0.00000000     -0.00000000      0.00000000      0.00000000     -0.00000000
      -0.00000000     -0.00000000     -0.00000000      0.00000000     -0.00000000
       0.00000000      0.00000000      0.00000000      0.00000000     -0.00000000
       0.00000000      0.00000000     -0.00000000      0.00000000     -0.00000710
      -0.00000000     -0.00000000      0.00000000     -0.00000600     -0.00000000
      -0.00000000      0.00000000     -0.00000000     -0.00000000     -0.00000000
      -0.00002314      0.52912908     -0.00289628      0.00088015      0.00113554
      -0.00001002      0.22912566     -0.00125416      0.00038113      0.00049172
      -0.00003573      0.81699848     -0.00447198      0.00135900      0.00175332
      -0.00000000     -0.00000000      0.00000000      0.00000000     -0.00000000
       0.00000000      0.00000000     -0.00000000      0.00000000     -0.00000000
       0.00000000     -0.00000000      0.00000000     -0.00000000      0.00000000
       0.00000528      0.00000572      0.00000000      0.00000000      0.00000409
       0.00000443     -0.00002383     -0.00002579      0.00000945      0.00001023
       0.00000000      0.00000000     -0.00001220     -0.00001320      0.00000000
      -0.00000000      0.00000000     -0.00000000      0.00000000      0.00000000
       0.00000000      0.00000000      0.00000000      0.00000000      0.00000000
       0.00000000     -0.00000000      0.00000000      0.00000000      0.00003180
      -0.72704052      0.00397958     -0.00120936     -0.00156027      0.00001636
      -0.37400418      0.00204717     -0.00062212     -0.00080263     -0.00002518
       0.57575656     -0.00315150      0.00095771      0.00123560     -0.00000000
       0.00000000     -0.00000000      0.00000000      0.00000000      0.00000000
      -0.00000000      0.00000000     -0.00000000     -0.00000000      0.00000000
      -0.00000000     -0.00000000      0.00000000     -0.00000000     -0.00000862
      -0.00000933      0.00000000      0.00000000     -0.00000668     -0.00000723
      -0.00001679     -0.00001817     -0.00001299     -0.00001405      0.00000000
      -0.00000000      0.00001677      0.00001814      0.00000000     -0.00000000
       0.00000000      0.00000000     -0.00000000     -0.00000000     -0.00000000
       0.00000000     -0.00000000      0.00000000      0.00000000     -0.00000000
       0.00000000      0.00000000      0.00000000      0.00001913     -0.43748961
       0.00239467     -0.00072772     -0.00093887     -0.00003930      0.89865732
      -0.00491895      0.00149483      0.00192856     -0.00000137      0.03131344
      -0.00017140      0.00005209      0.00006720      0.00000000     -0.00000000
      -0.00000000      0.00000000      0.00000000     -0.00000000     -0.00000000
       0.00000000     -0.00000000      0.00000000     -0.00000000      0.00000000
      -0.00000000     -0.00000000      0.00000000      0.00002072      0.00002243
       0.00000000      0.00000000      0.00001605      0.00001737     -0.00000091
      -0.00000099     -0.00000781     -0.00000846      0.00000000      0.00000000
       0.00001009      0.00001092      0.00000000     -0.00000000      0.00000000
      -0.00000000     -0.00000000      0.00000000      0.00000000     -0.00000000
       0.00000000      0.00000000      0.00000000     -0.00000000     -0.00000000
       0.00000000     -0.00000000     -0.00000000     -0.00000000      0.00000000
      -0.00000000     -0.00000000      0.00000000     -0.00000000     -0.00000000
      -0.00000000      0.00000000     -0.00000000      0.00000000      0.00000000
      -0.00000000     -0.00000000      0.99663459     -0.07303613     -0.03721855
       0.00000000     -0.00000000     -0.00000000     -0.00000000     -0.00000000
      -0.00000000     -0.00000000     -0.00000000     -0.00000000     -0.00000000
      -0.00000000      0.00000000      0.00000000     -0.00000000      0.00000000
      -0.00000000     -0.00000000     -0.00000000     -0.00000000      0.00000000
       0.00000000      0.00000000      0.00000000     -0.00000000     -0.00000000
      -0.00000000      0.00000000      0.00000000      0.00001239     -0.00000000
       0.00000000     -0.00000000      0.00000000     -0.00000000     -0.00000000
      -0.00000000     -0.00000000      0.00000000     -0.00000000     -0.00000000
       0.00000000     -0.00000000      0.00000000      0.00000000     -0.00000000
      -0.00000000     -0.00000000     -0.00000000     -0.00000000      0.00000000
       0.00000000     -0.00000000     -0.00000000      0.00000000     -0.00000000
      -0.00000000     -0.00000000      0.00000000      0.00000000      0.99663459
      -0.07303613     -0.03721855      0.00000000      0.00000000      0.00000000
      -0.00000000     -0.00000000     -0.00000000      0.00000000      0.00000000
       0.00000000      0.00000000     -0.00000000      0.00000000      0.00000000
       0.00000000     -0.00000000     -0.00000000     -0.00000000      0.00000000
      -0.00000000      0.00000000      0.00000000     -0.00000000     -0.00000000
       0.00000000      0.00001159      0.00000000     -0.00000438      0.00000000
       0.00000000     -0.00000000     -0.00000000      0.00000000      0.00000000
      -0.00000000      0.00000000     -0.00000000      0.00000000     -0.00000000
       0.00000000      0.00000000     -0.00000000      0.00000000      0.00000000
       0.00000000     -0.00000000     -0.00000000      0.00000000      0.00000000
       0.00000000      0.00000000     -0.00000000      0.00000000     -0.00000000
      -0.00000000     -0.00000000      0.00000000     -0.00000000     -0.00000000
      -0.00000000     -0.00000000      0.00000000     -0.00000000      0.99663459
      -0.07303613     -0.03721855     -0.00000000     -0.00000000     -0.00000000
      -0.00000000      0.00000000      0.00000000     -0.00000000     -0.00000000
      -0.00000000     -0.00000000     -0.00000000     -0.00000000     -0.00000000
      -0.00000000     -0.00000000      0.00000000     -0.00000000      0.00000000
      -0.00000000      0.00000000     -0.00000000     -0.00000000     -0.00000438
       0.00000000     -0.00001159     -0.00000000      0.00000000     -0.00000000
      -0.00000000      0.00000000      0.00000000      0.00000000      0.00000000
      -0.00000000      0.00000000     -0.00000000     -0.00000000      0.00000000
       0.00000000      0.00000000      0.00000000     -0.00000000     -0.00000000
       0.00000000      0.00000000      0.00000000     -0.00000000      0.00000000
       0.00000000     -0.00000000     -0.00000000      0.00000000     -0.00000000
       0.99649556     -0.07450588     -0.03801948      0.00000000     -0.00000000
      -0.00000000      0.00000000      0.00000000     -0.00000000     -0.00000000
      -0.00000000     -0.00000000      0.00000000     -0.00000000     -0.00000000
       0.00000000      0.00000000      0.00000000     -0.00000000     -0.00000000
       0.00000000      0.00000000      0.00000000     -0.00000000      0.00000000
      -0.00000000     -0.00000000     -0.00001716     -0.00000000      0.00000000
      -0.00000000      0.00002030      0.00000000      0.00000000      0.00000000
      -0.00000000      0.00000000     -0.00000000      0.00000000     -0.00000000
      -0.00000000      0.00000000      0.00000000      0.00000000     -0.00000000
      -0.00000000     -0.00000000      0.00000000      0.00000000      0.00000000
      -0.00000000     -0.00000000      0.00000000      0.00000000      0.00000000
      -0.00000000      0.00000000      0.00000000      0.00000000      0.00000000
       0.00000000     -0.00000000     -0.00000000      0.00000000      0.00000000
       0.99649556     -0.07450588     -0.03801948     -0.00000000     -0.00000000
      -0.00000000      0.00000000     -0.00000000     -0.00000000     -0.00000000
       0.00000000     -0.00000000      0.00000000      0.00000000     -0.00000000
      -0.00000000     -0.00000000     -0.00000000     -0.00000000     -0.00000000
      -0.00000000     -0.00000000     -0.00000000      0.00002658     -0.00000000
       0.00000000     -0.00000054      0.00004740      0.00563994      0.97368007
      -0.22717771     -0.01748111      0.00000000     -0.00000000      0.00000000
       0.00000000     -0.00000000     -0.00000000     -0.00000000      0.00000000
       0.00000000      0.00000000     -0.00000000      0.00000000      0.00000000
      -0.00000000     -0.00000000      0.00000000      0.00000000     -0.00000000
       0.00000000      0.00000000      0.00000000     -0.00000000     -0.00000000
       0.00000000      0.00000000      0.00000000      0.00000000      0.00000000
       0.00000000     -0.00000000     -0.00000000     -0.00000000      0.00000000
       0.00000000     -0.00000000      0.00000000      0.00000000      0.00000000
       0.00000000      0.00000000     -0.00000000     -0.00000000     -0.00000000
      -0.00000000      0.00000000     -0.00000000     -0.00000000      0.00000000
      -0.00006984     -0.00000000      0.00000000     -0.00000000     -0.00005903
      -0.00000000      0.00000000     -0.00000000     -0.00000000      0.00000000
       0.00000000      0.00000080      0.00060867      0.12374451      0.02584510
       0.01195753     -0.00000008     -0.00006407     -0.01302550     -0.00272049
      -0.00125866      0.00000624      0.00475420      0.96653803      0.20186978
       0.09339730     -0.00000000     -0.00000000     -0.00000000     -0.00000000
      -0.00000000      0.00000000     -0.00000000     -0.00000000     -0.00000000
       0.00000000      0.00000000      0.00000000      0.00000000      0.00000000
       0.00000000     -0.00001575     -0.00001591     -0.00000000      0.00000000
      -0.00001220     -0.00001232     -0.00147821     -0.00149315      0.00011589
       0.00011706      0.00000000      0.00000000     -0.00014962     -0.00015113
      -0.00000000      0.00000000      0.00000000     -0.00000000     -0.00000000
       0.00000000     -0.00000000     -0.00000000      0.00000000      0.00000000
       0.00000000      0.00000000     -0.00000000     -0.00000000     -0.00000000
       0.00000113      0.00085726      0.17428333      0.03640057      0.01684113
       0.00000619      0.00471593      0.95875713      0.20024467      0.09264543
      -0.00000006     -0.00004620     -0.00939261     -0.00196173     -0.00090761
       0.00000000      0.00000000      0.00000000      0.00000000      0.00000000
       0.00000000     -0.00000000     -0.00000000      0.00000000      0.00000000
       0.00000000      0.00000000      0.00000000     -0.00000000     -0.00000000
       0.00115922      0.00117093      0.00000000      0.00000000      0.00089793
       0.00090700      0.00001436      0.00001451      0.00016323      0.00016488
      -0.00000000     -0.00000000     -0.00021072     -0.00021285     -0.00000000
       0.00000000     -0.00000000     -0.00000000      0.00000000      0.00000000
      -0.00000000      0.00000000     -0.00000000     -0.00000000      0.00000000
      -0.00000000     -0.00000000     -0.00000000     -0.00000000     -0.00000614
      -0.00467671     -0.95078428     -0.19857947     -0.09187501      0.00000112
       0.00085611      0.17404952      0.03635174      0.01681854      0.00000080
       0.00061029      0.12407315      0.02591374      0.01198928      0.00000000
      -0.00000000     -0.00000000      0.00000000      0.00000000     -0.00000000
       0.00000000     -0.00000000     -0.00000000      0.00000000      0.00000000
       0.00000000     -0.00000000     -0.00000000     -0.00000000      0.00021044
       0.00021257     -0.00000000     -0.00000000      0.00016301      0.00016465
      -0.00018976     -0.00019167     -0.00089046     -0.00089946     -0.00000000
      -0.00000000      0.00114958      0.00116120      0.00000000      0.00000000
      -0.00000000     -0.00000000     -0.00000000      0.00000000     -0.00000000
       0.00000000     -0.00000000     -0.00000009      0.00000447      0.00036982
       0.22712915      0.96164922      0.15376278      0.00000000      0.00000000
      -0.00000000     -0.00000000     -0.00000000      0.00000000     -0.00000000
       0.00000000      0.00000000      0.00000000      0.00000000      0.00000000
      -0.00000000     -0.00000000      0.00000000     -0.00000000     -0.00000000
       0.00000000     -0.00000000     -0.00000000     -0.00000000     -0.00000000
      -0.00000000      0.00000000     -0.00000000     -0.00000000      0.00000000
      -0.00000000     -0.00000000     -0.00000000     -0.00000000     -0.00000000
      -0.00000000     -0.00000000      0.00000000     -0.00000000     -0.00000000
       0.00000000     -0.00000000      0.00000000      0.00000000      0.00000000
       0.00000000     -0.00000000     -0.00000000      0.00000000      0.00000000
      -0.00000000      0.00000803     -0.00000000     -0.00000000     -0.00000000
       0.00000679      0.00000000      0.00000000     -0.00000000      0.00000000
      -0.00000000     -0.00000000      0.00000000     -0.00000000     -0.00000000
       0.00000000      0.00000000     -0.00000000      0.00000000     -0.00000000
       0.00000000      0.00000000     -0.00000000     -0.00000000      0.00000000
      -0.00000000     -0.00000000      0.08074723      0.86736097      0.46016844
      -0.01067232     -0.11463864     -0.06082022     -0.00000000     -0.00000000
      -0.00000000     -0.00914700     -0.09825412     -0.05212760     -0.00000000
      -0.00000000     -0.00000000      0.00000000      0.00000000     -0.00000000
      -0.00000000     -0.00000000     -0.00000000      0.00000000      0.00000000
       0.00000000      0.00000000      0.00000000      0.00000000      0.00000000
       0.00000000     -0.00000000     -0.00000335      0.00002713      0.00000127
      -0.00000000      0.00000109     -0.00000000      0.00000287      0.00000000
       0.00000000      0.00000000     -0.00000000     -0.00000000      0.00000000
       0.00000000      0.00000000      0.00000000     -0.00000000      0.00000000
       0.00000000      0.00000000     -0.00000000     -0.00000000     -0.00000000
      -0.00000000     -0.00000000      0.00000000      0.00000000     -0.00000000
      -0.00000000      0.00872915      0.09376574      0.04974634      0.07988054
       0.85805127      0.45522929     -0.00000000      0.00000000      0.00000000
      -0.01614256     -0.17339819     -0.09199443     -0.00000000     -0.00000000
      -0.00000000     -0.00000000      0.00000000      0.00000000      0.00000000
      -0.00000000     -0.00000000     -0.00000000     -0.00000000     -0.00000000
      -0.00000000     -0.00000000     -0.00000000     -0.00000000     -0.00000000
      -0.00000000      0.00002510      0.00000293     -0.00000949      0.00000000
       0.00000192      0.00000000      0.00000507      0.00000000      0.00000000
      -0.00000000     -0.00000000     -0.00000000      0.00000000      0.00000000
      -0.00000000      0.00000000      0.00000000     -0.00000000     -0.00000000
       0.00000000      0.00000000      0.00000000     -0.00000000     -0.00000000
       0.00000000     -0.00000000      0.00000000     -0.00000000     -0.00000000
       0.01101671      0.11833797      0.06278285      0.01492923      0.16036499
       0.08507981      0.00000000     -0.00000000     -0.00000000      0.07983377
       0.85754891      0.45496277     -0.00000000      0.00000000      0.00000000
      -0.00000000     -0.00000000      0.00000000      0.00000000      0.00000000
       0.00000000     -0.00000000     -0.00000000      0.00000000      0.00000000
      -0.00000000     -0.00000000     -0.00000000      0.00000000     -0.00000000
       0.00000469      0.00000370     -0.00000177     -0.00000000     -0.00000948
      -0.00000000     -0.00002509      0.00000000      0.00000000     -0.00000000
      -0.00000000     -0.00000000      0.00000000      0.00000000     -0.00000000
      -0.00000000     -0.00000000      0.00000000      0.00000000      0.00000000
       0.00000000      0.00000000     -0.00000000     -0.00000000      0.00000000
       0.00000000      0.00000000     -0.00000000     -0.00000000     -0.00000000
       0.00000000      0.00000000     -0.00000000      0.00000000      0.00000000
      -0.04512988     -0.47609023     -0.24987735      0.00000000     -0.00000000
      -0.00000000      0.07042005      0.74288468      0.38990520     -0.00000000
      -0.00000000     -0.00000000      0.00000000     -0.00000000     -0.00000000
       0.00000000      0.00000000      0.00000000      0.00000000     -0.00000000
      -0.00000000      0.00000000      0.00000000     -0.00000000      0.00000000
       0.00000000      0.00000000      0.00002216     -0.00000000      0.00005356
      -0.00000000     -0.00002621      0.00000000      0.00000000      0.00000000
       0.00000000     -0.00000000      0.00000000     -0.00000000      0.00000000
       0.00000000     -0.00000000     -0.00000000      0.00000000     -0.00000000
      -0.00000000      0.00000000      0.00000000      0.00000000     -0.00000000
      -0.00000000      0.00000000      0.00000000      0.00000000      0.00000000
       0.00000000     -0.00000000     -0.00000000     -0.00000000      0.07042005
       0.74288468      0.38990520     -0.00000000     -0.00000000     -0.00000000
       0.04512988      0.47609023      0.24987735      0.00000000      0.00000000
       0.00000000      0.00000000      0.00000000      0.00000000     -0.00000000
      -0.00000000     -0.00000000     -0.00000000     -0.00000000     -0.00000000
       0.00000000      0.00000000     -0.00000000     -0.00000000     -0.00000000
      -0.00000000     -0.00003457     -0.00000000      0.00003432     -0.00000000
       0.00004090     -0.00000000     -0.00000000      0.00000000      0.00000000
      -0.00000000      0.00000000     -0.00000022     -0.00076446     -0.04293203
       0.14254524      0.13622405     -0.00000024     -0.00083653     -0.04697944
       0.15598365      0.14906653     -0.00000105     -0.00361489     -0.20301245
       0.67405290      0.64416191      0.00000000     -0.00000000     -0.00000000
       0.00000000      0.00000000      0.00000000     -0.00000000     -0.00000000
      -0.00000000      0.00000000      0.00000000      0.00000000     -0.00000000
      -0.00000000     -0.00000000      0.00015371      0.00016011     -0.00000000
      -0.00000000      0.00011907      0.00012402     -0.00084020     -0.00087517
       0.00010881      0.00011334     -0.00000000     -0.00000000     -0.00014047
      -0.00014632     -0.00000000      0.00000000      0.00000000     -0.00000000
      -0.00000000      0.00000000     -0.00000000     -0.00000000     -0.00000000
      -0.00000000      0.00000000     -0.00000000     -0.00000000     -0.00000000
       0.00000000     -0.00000011     -0.00037092     -0.02083074      0.06916336
       0.06609630     -0.00000106     -0.00365510     -0.20527058      0.68155043
       0.65132697      0.00000027      0.00092427      0.05190717     -0.17234498
      -0.16470232     -0.00000000     -0.00000000     -0.00000000     -0.00000000
       0.00000000      0.00000000     -0.00000000     -0.00000000     -0.00000000
       0.00000000      0.00000000      0.00000000      0.00000000      0.00000000
       0.00000000      0.00067163      0.00069958     -0.00000000     -0.00000000
       0.00052024      0.00054189      0.00021483      0.00022377      0.00005279
       0.00005499      0.00000000      0.00000000     -0.00006816     -0.00007099
      -0.00000000     -0.00000000     -0.00000000     -0.00000000      0.00000000
       0.00000000      0.00000000     -0.00000000     -0.00000000      0.00000000
       0.00000000     -0.00000000     -0.00000000     -0.00000000      0.00000000
       0.00000107      0.00369184      0.20733356     -0.68840006     -0.65787285
      -0.00000016     -0.00054044     -0.03035139      0.10077431      0.09630546
      -0.00000019     -0.00065567     -0.03682217      0.12225896      0.11683737
       0.00000000      0.00000000      0.00000000      0.00000000      0.00000000
       0.00000000     -0.00000000     -0.00000000     -0.00000000     -0.00000000
      -0.00000000     -0.00000000     -0.00000000     -0.00000000     -0.00000000
       0.00009931      0.00010344      0.00000000      0.00000000      0.00007692
       0.00008012     -0.00015240     -0.00015874     -0.00052547     -0.00054734
       0.00000000     -0.00000000      0.00067838      0.00070661     -0.00000000
      -0.00000000     -0.00000000     -0.00000000      0.00000000      0.00000000
      -0.00000000      0.00000000      0.00000000     -0.00000022     -0.00001049
      -0.00013952     -0.01812028     -0.15368880      0.98795313      0.00000000
       0.00000000     -0.00000000     -0.00000000      0.00000000      0.00000000
      -0.00000000      0.00000000      0.00000000     -0.00000000      0.00000000
       0.00000000      0.00000000     -0.00000000      0.00000000      0.00000000
      -0.00000000     -0.00000000     -0.00000000      0.00000000     -0.00000000
      -0.00000000     -0.00000000      0.00000000     -0.00000000     -0.00000000
      -0.00000000      0.00000000      0.00000000     -0.00000000     -0.00000000
      -0.00000000      0.00000000     -0.00000000      0.00000000     -0.00000000
       0.00000000      0.00000000      0.00000000      0.00000000      0.00000000
      -0.00000000     -0.00000000     -0.00000000     -0.00000000      0.00000000
       0.00000000      0.00000000      0.00000240      0.00000000      0.00000000
       0.00000000      0.00000203     -0.00000000      0.00000000      0.00000000
      -0.00000000      0.00000000      0.00000000      0.00000000     -0.00000000
      -0.00000000     -0.00000000      0.00000000     -0.00000000     -0.00000000
      -0.00000000     -0.00000000     -0.00000000      0.00000000     -0.00000000
      -0.00000000     -0.00000000     -0.00000000     -0.00000000      0.00000000
      -0.00000000     -0.00000000     -0.00000000     -0.00000000     -0.00000000
       0.00000000     -0.00000000     -0.00000000      0.00000000     -0.00000000
       0.00000000     -0.00000000     -0.00000000      0.00000000      0.00000000
       0.81089727      0.58518853     -0.00000000     -0.00000000     -0.00000000
      -0.00000000      0.00000000      0.00000000     -0.00000000     -0.00000000
      -0.00000000     -0.00000000     -0.00000000      0.00000000      0.00000000
       0.00000000      0.00000000      0.00000000      0.00000000      0.00000000
       0.00000000     -0.00000000      0.00000000     -0.00000000      0.00000000
      -0.00000000      0.00000000      0.00000000     -0.00000000     -0.00000000
      -0.00000000      0.00000000      0.00000000     -0.00000000     -0.00000000
      -0.00000000     -0.00000000     -0.00000000      0.00000000     -0.00000000
      -0.00000000      0.00000000     -0.00000000     -0.00000000     -0.00000000
       0.00000000      0.00000000     -0.00000000     -0.00000000     -0.00000000
       0.00000000      0.00000000      0.00000000      0.00000000     -0.00000000
      -0.00000000     -0.00000000      0.11098551      0.08007112     -0.00000000
      -0.00000000     -0.14328168     -0.10337137     -0.00000000     -0.00000000
       0.59714745      0.43081535      0.23301429      0.16810945      0.46254842
       0.33370814      0.00000000      0.00000000      0.00000000     -0.00000000
      -0.00000000     -0.00000000      0.00000000      0.00000000      0.00000000
      -0.00000000      0.00000000     -0.00000000      0.00000000     -0.00000000
       0.00000000     -0.00000000      0.00000000      0.00000000      0.00000000
       0.00000000      0.00000000     -0.00000000     -0.00000000     -0.00000000
      -0.00000000      0.00000000     -0.00000000     -0.00000000     -0.00000000
      -0.00000000     -0.00000000     -0.00000000      0.00000000     -0.00000000
       0.00000000     -0.00000000      0.00000000      0.00000000     -0.00000000
      -0.00000000      0.00000000      0.00000000     -0.00000000      0.00000000
      -0.00000000      0.32846694      0.23697430      0.00000000      0.00000000
      -0.42404899     -0.30593251     -0.00000000     -0.00000000     -0.23172921
      -0.16718233      0.53296683      0.38451189     -0.17949667     -0.12949887
       0.00000000      0.00000000     -0.00000000     -0.00000000     -0.00000000
      -0.00000000      0.00000000     -0.00000000     -0.00000000     -0.00000000
      -0.00000000     -0.00000000     -0.00000000     -0.00000000     -0.00000000
       0.00000000     -0.00000000      0.00000000     -0.00000000      0.00000000
      -0.00000000      0.00000000      0.00000000      0.00000000     -0.00000000
      -0.00000000     -0.00000000     -0.00000000     -0.00000000      0.00000000
       0.00000000      0.00000000      0.00000000     -0.00000000     -0.00000000
       0.00000000      0.00000000     -0.00000000      0.00000000      0.00000000
      -0.00000000      0.00000000      0.00000000      0.00000000      0.00000000
      -0.35555785     -0.25651919      0.00000000      0.00000000      0.45902321
       0.33116486     -0.00000000     -0.00000000     -0.02767670     -0.01996751
       0.56509282      0.40768937     -0.02143828     -0.01546677     -0.00000000
       0.00000000     -0.00000000     -0.00000000     -0.00000000     -0.00000000
      -0.00000000     -0.00000000      0.00000000      0.00000000      0.00000000
      -0.00000000      0.00000000     -0.00000000      0.00000000      0.00000005
       0.00004497      0.00167369      0.00129266      0.00093261      0.00000001
       0.00001062      0.00039512      0.00030516      0.00022017     -0.00000001
      -0.00001059     -0.00039405     -0.00030434     -0.00021957      0.00000000
      -0.00000000      0.00000000      0.00000000     -0.00000000     -0.00000000
       0.00000000     -0.00000000     -0.00000000     -0.00000000      0.00000000
       0.00000000      0.00000000      0.00000000     -0.00000000     -0.14359824
      -0.10356905      0.00000000      0.00000000     -0.11123072     -0.08022424
      -0.18114871     -0.13065203     -0.47116921     -0.33982694     -0.00000000
      -0.00000000      0.60827683      0.43871469      0.00000000      0.00000000
       0.00000000      0.00000000      0.00000000     -0.00000000     -0.00000000
      -0.00000000      0.00000000     -0.00000000     -0.00000000      0.00000000
       0.00000000     -0.00000000      0.00000000      0.00000001      0.00001307
       0.00048655      0.00037578      0.00027111     -0.00000005     -0.00004415
      -0.00164332     -0.00126920     -0.00091569      0.00000001      0.00001125
       0.00041881      0.00032346      0.00023337      0.00000000     -0.00000000
       0.00000000      0.00000000      0.00000000      0.00000000      0.00000000
       0.00000000      0.00000000      0.00000000     -0.00000000      0.00000000
       0.00000000     -0.00000000      0.00000000      0.59723920      0.43075389
       0.00000000      0.00000000      0.46261949      0.33366052      0.19253092
       0.13886135     -0.13697048     -0.09878884      0.00000000      0.00000000
       0.17682813      0.12753584     -0.00000000      0.00000000     -0.00000000
      -0.00000000     -0.00000000      0.00000000     -0.00000000     -0.00000000
       0.00000000      0.00000000     -0.00000000     -0.00000000     -0.00000000
       0.00000000     -0.00000000      0.00000001      0.00000734      0.00027324
       0.00021103      0.00015226      0.00000001      0.00001359      0.00050598
       0.00039079      0.00028194      0.00000005      0.00004481      0.00166792
       0.00128820      0.00092940      0.00000000     -0.00000000     -0.00000000
       0.00000000     -0.00000000      0.00000000     -0.00000000      0.00000000
       0.00000000      0.00000000      0.00000000      0.00000000      0.00000000
       0.00000000      0.00000000     -0.18388945     -0.13262876      0.00000000
       0.00000000     -0.14244016     -0.10273380      0.76676313      0.55302163
      -0.07692160     -0.05547907      0.00000000      0.00000000      0.09930535
       0.07162317     -0.00000000      0.00000000      0.00000000     -0.00000000
      -0.00000000      0.00000000      0.00000000      0.00000000     -0.00000000
      -0.00000000      0.00000000     -0.00000000     -0.00000000      0.00000000
      -0.00000000     -0.00000000     -0.00000000      0.00000000      0.00000000
       0.00000000      0.00000000     -0.00000000     -0.00000000      0.00000000
      -0.00000000     -0.00000000     -0.00000000      0.00000000     -0.00000000
       0.00000000     -0.00129203     -0.44946095      0.84740538      0.00037255
       0.12959825     -0.24434215     -0.00000000      0.00000000     -0.00000000
      -0.00007841     -0.02727514      0.05142405      0.00000000     -0.00000000
       0.00000000     -0.00000000     -0.00000000      0.00000000      0.00000000
      -0.00000000     -0.00000000      0.00000000      0.00000000      0.00000000
       0.00000000      0.00000000     -0.00000000      0.00000000      0.00000000
      -0.00000000      0.00000124     -0.00000460     -0.00000047      0.00000000
       0.00000010      0.00000000      0.00000026     -0.00000000     -0.00000000
      -0.00000000      0.00000000      0.00000000      0.00000000      0.00000000
      -0.00000000     -0.00000000     -0.00000000      0.00000000      0.00000000
      -0.00000000      0.00000000     -0.00000000     -0.00000000      0.00000000
      -0.00000000     -0.00000000      0.00000000     -0.00000000      0.00000000
      -0.00022175     -0.07714029      0.14543888     -0.00051095     -0.17774320
       0.33511374      0.00000000     -0.00000000      0.00000000      0.00122640
       0.42662808     -0.80435671     -0.00000000      0.00000000     -0.00000000
       0.00000000     -0.00000000     -0.00000000     -0.00000000      0.00000000
       0.00000000      0.00000000     -0.00000000      0.00000000      0.00000000
      -0.00000000      0.00000000     -0.00000000      0.00000000     -0.00000000
      -0.00000170     -0.00000079      0.00000064     -0.00000000     -0.00000154
       0.00000000     -0.00000408      0.00000000     -0.00000000     -0.00000000
       0.00000000      0.00000000     -0.00000000      0.00000000     -0.00000000
      -0.00000000     -0.00000000      0.00000000     -0.00000000      0.00000000
      -0.00000000      0.00000000     -0.00000000      0.00000000     -0.00000000
       0.00000000     -0.00000000      0.00000000     -0.00000000     -0.00030946
      -0.10765229      0.20296564     -0.00118930     -0.41372266      0.78002506
       0.00000000      0.00000000     -0.00000000     -0.00055144     -0.19183153
       0.36167562      0.00000000     -0.00000000      0.00000000      0.00000000
       0.00000000      0.00000000      0.00000000     -0.00000000      0.00000000
      -0.00000000     -0.00000000      0.00000000      0.00000000     -0.00000000
       0.00000000      0.00000000     -0.00000000     -0.00000000     -0.00000396
      -0.00000110      0.00000150      0.00000000      0.00000069      0.00000000
       0.00000184     -0.00000000      0.00000000     -0.00000000     -0.00000000
      -0.00000000     -0.00000000     -0.00000000     -0.00000000     -0.00000000
      -0.00000000      0.00000000     -0.00000000     -0.00000000     -0.00000000
      -0.00000000      0.00000000     -0.00000000     -0.00000000     -0.00000000
       0.00000000     -0.00000000      0.00000000      0.00000000     -0.00000000
       0.00000000      0.00000000      0.00000000     -0.00000000     -0.00078628
      -0.38158128      0.72716718      0.00000000     -0.00000000      0.00000000
       0.00054637      0.26515098     -0.50528969      0.00000000      0.00000000
       0.00000000     -0.00000000      0.00000000     -0.00000000     -0.00000000
       0.00000000     -0.00000000      0.00000000     -0.00000000      0.00000000
      -0.00000000     -0.00000000      0.00000000      0.00000000     -0.00000000
       0.00000000      0.00000328      0.00000000      0.00000353      0.00000000
      -0.00000388     -0.00000000     -0.00000000     -0.00000000     -0.00000000
      -0.00000000     -0.00000000      0.00000000     -0.00000000      0.00000000
       0.00000000     -0.00000000      0.00000000     -0.00000000     -0.00000000
       0.00000000     -0.00000000     -0.00000000      0.00000000      0.00000000
      -0.00000000      0.00000000     -0.00000000     -0.00000000      0.00000000
      -0.00000000     -0.00000000      0.00000000     -0.00054637     -0.26515098
       0.50528969      0.00000000      0.00000000     -0.00000000     -0.00078628
      -0.38158128      0.72716718      0.00000000     -0.00000000      0.00000000
       0.00000000     -0.00000000     -0.00000000     -0.00000000      0.00000000
      -0.00000000      0.00000000      0.00000000      0.00000000      0.00000000
      -0.00000000     -0.00000000     -0.00000000     -0.00000000      0.00000000
       0.00000228     -0.00000000     -0.00000508     -0.00000000     -0.00000269
      -0.00000000      0.00000000     -0.00000000     -0.00000000     -0.00000000
      -0.00000000     -0.00003889     -0.00003167      0.04107966     -0.39288017
       0.42405741     -0.00001425     -0.00001160      0.01504930     -0.14392943
       0.15535103     -0.00005280     -0.00004300      0.05577099     -0.53338607
       0.57571323     -0.00000000      0.00000000     -0.00000000     -0.00000000
      -0.00000000      0.00000000      0.00000000     -0.00000000      0.00000000
       0.00000000     -0.00000000      0.00000000     -0.00000000      0.00000000
       0.00000000     -0.00001664      0.00000030     -0.00000000     -0.00000000
      -0.00001289      0.00000024      0.00007800     -0.00000143     -0.00003518
       0.00000064     -0.00000000     -0.00000000      0.00004542     -0.00000083
       0.00000000      0.00000000      0.00000000     -0.00000000     -0.00000000
       0.00000000      0.00000000      0.00000000      0.00000000     -0.00000000
       0.00000000      0.00000000      0.00000000     -0.00000000     -0.00000000
      -0.00004097     -0.00003336      0.04327310     -0.41385793      0.44669987
      -0.00003533     -0.00002877      0.03731735     -0.35689802      0.38521987
       0.00003971      0.00003234     -0.04194374      0.40114415     -0.43297718
      -0.00000000     -0.00000000      0.00000000     -0.00000000      0.00000000
      -0.00000000      0.00000000     -0.00000000      0.00000000     -0.00000000
       0.00000000     -0.00000000     -0.00000000     -0.00000000      0.00000000
      -0.00004126      0.00000075     -0.00000000     -0.00000000     -0.00003196
       0.00000058     -0.00005866      0.00000107     -0.00003706      0.00000068
       0.00000000      0.00000000      0.00004785     -0.00000087     -0.00000000
       0.00000000     -0.00000000      0.00000000      0.00000000      0.00000000
       0.00000000      0.00000000      0.00000000     -0.00000000     -0.00000000
       0.00000000     -0.00000000      0.00000000      0.00000000      0.00003623
       0.00002950     -0.03826649      0.36597540     -0.39501759     -0.00005525
      -0.00004499      0.05835544     -0.55810333      0.60239195     -0.00001178
      -0.00000959      0.01243954     -0.11897008      0.12841102      0.00000000
      -0.00000000      0.00000000      0.00000000      0.00000000     -0.00000000
      -0.00000000      0.00000000     -0.00000000      0.00000000      0.00000000
       0.00000000     -0.00000000      0.00000000     -0.00000000     -0.00006452
       0.00000118      0.00000000      0.00000000     -0.00004998      0.00000091
       0.00001740     -0.00000032      0.00003277     -0.00000060      0.00000000
       0.00000000     -0.00004231      0.00000077     -0.00000000     -0.00000000
      -0.00000000     -0.00000000      0.00000000      0.00000000      0.00000000
       0.00000000     -0.00000000      0.00000000      0.00000000      0.00000000
      -0.00000000      0.00000000      0.00000000     -0.00000000      0.00000000
      -0.00000000     -0.00000000     -0.00000000     -0.00000000     -0.00000000
      -0.00000000      0.00000000     -0.00000000      0.00000000     -0.00000000
       0.00000000      0.00000000      0.00000000      0.00000000     -0.00000000
       0.00000000     -0.00000000     -0.00000000      0.00000000     -0.00000000
       0.00000000      0.00000000      0.00000000     -0.00000000     -0.00000000
      -0.00000000     -0.00000000     -0.00000000     -0.00000000      0.00000000
      -0.58518853      0.81089727      0.00000000     -0.00000000     -0.00000000
       0.00000000     -0.00000000      0.00000000      0.00000000     -0.00000000
       0.00000000     -0.00000000      0.00000000      0.00000000     -0.00000000
       0.00000000      0.00000000      0.00000000      0.00000000      0.00000000
      -0.00000000     -0.00000000      0.00000000     -0.00000000     -0.00000000
       0.00000000      0.00000000      0.00000000     -0.00000000     -0.00000000
      -0.00000000     -0.00000000      0.00000000      0.00000000      0.00000000
       0.00000000      0.00000000     -0.00000000      0.00000000     -0.00000000
      -0.00000000     -0.00000000      0.00000000     -0.00000000      0.00000000
      -0.00000000     -0.00000000     -0.00000000     -0.00000000      0.00000000
       0.00000000     -0.00000000      0.00000000      0.00000000      0.00000000
      -0.00000000      0.00000000     -0.27869369      0.38629363      0.00000000
      -0.00000000      0.35979201     -0.49870294      0.00000000     -0.00000000
       0.16928175     -0.23463919     -0.29891510      0.41432225      0.13112508
      -0.18175074      0.00000000     -0.00000000     -0.00000000      0.00000000
      -0.00000000     -0.00000000     -0.00000000     -0.00000000     -0.00000000
       0.00000000     -0.00000000     -0.00000000     -0.00000000     -0.00000000
      -0.00000000     -0.00000000      0.00000000     -0.00000000     -0.00000000
      -0.00000000      0.00000000      0.00000000     -0.00000000      0.00000000
      -0.00000000      0.00000000     -0.00000000      0.00000000      0.00000000
       0.00000000     -0.00000000      0.00000000     -0.00000000     -0.00000000
      -0.00000000      0.00000000      0.00000000     -0.00000000     -0.00000000
      -0.00000000     -0.00000000     -0.00000000     -0.00000000     -0.00000000
       0.00000000     -0.22410997      0.31063585      0.00000000     -0.00000000
       0.28932472     -0.40102916     -0.00000000      0.00000000     -0.17214945
       0.23861408      0.40121071     -0.55611285     -0.13334639      0.18482967
      -0.00000000      0.00000000     -0.00000000      0.00000000      0.00000000
      -0.00000000     -0.00000000      0.00000000      0.00000000     -0.00000000
      -0.00000000     -0.00000000      0.00000000     -0.00000000     -0.00000000
       0.00000000     -0.00000000     -0.00000000     -0.00000000     -0.00000000
      -0.00000000      0.00000000      0.00000000      0.00000000      0.00000000
      -0.00000000     -0.00000000     -0.00000000     -0.00000000     -0.00000000
       0.00000000     -0.00000000      0.00000000      0.00000000      0.00000000
      -0.00000000      0.00000000      0.00000000     -0.00000000      0.00000000
      -0.00000000      0.00000000     -0.00000000     -0.00000000     -0.00000000
      -0.02179103      0.03020426     -0.00000000      0.00000000      0.02813210
      -0.03899353      0.00000000     -0.00000000     -0.39453613      0.54686129
      -0.30331589      0.42042214     -0.30560637      0.42359693     -0.00000000
      -0.00000000     -0.00000000      0.00000000      0.00000000      0.00000000
       0.00000000     -0.00000000      0.00000000     -0.00000000     -0.00000000
       0.00000000      0.00000000      0.00000000      0.00000000      0.00000059
       0.00000862      0.00027288      0.00017751      0.00021300      0.00000003
       0.00000043      0.00001372      0.00000893      0.00001071      0.00000024
       0.00000358      0.00011326      0.00007367      0.00008840     -0.00000000
       0.00000000     -0.00000000      0.00000000      0.00000000      0.00000000
      -0.00000000     -0.00000000      0.00000000      0.00000000     -0.00000000
       0.00000000      0.00000000     -0.00000000      0.00000000      0.02145889
      -0.02975264     -0.00000000      0.00000000      0.01662199     -0.02304629
      -0.22400060      0.31057562      0.33049692     -0.45823219     -0.00000000
       0.00000000     -0.42666969      0.59157521      0.00000000     -0.00000000
      -0.00000000     -0.00000000     -0.00000000     -0.00000000      0.00000000
      -0.00000000     -0.00000000     -0.00000000      0.00000000     -0.00000000
      -0.00000000      0.00000000      0.00000000      0.00000002      0.00000022
       0.00000708      0.00000461      0.00000553     -0.00000063     -0.00000932
      -0.00029510     -0.00019196     -0.00023034      0.00000004      0.00000059
       0.00001869      0.00001216      0.00001459      0.00000000      0.00000000
      -0.00000000      0.00000000      0.00000000     -0.00000000     -0.00000000
      -0.00000000      0.00000000      0.00000000      0.00000000     -0.00000000
      -0.00000000      0.00000000      0.00000000     -0.46140094      0.63972989
       0.00000000     -0.00000000     -0.35739963      0.49553264     -0.03696905
       0.05125738      0.00857885     -0.01189453     -0.00000000      0.00000000
      -0.01107525      0.01535577     -0.00000000      0.00000000     -0.00000000
      -0.00000000     -0.00000000      0.00000000      0.00000000      0.00000000
       0.00000000     -0.00000000      0.00000000     -0.00000000     -0.00000000
      -0.00000000     -0.00000000     -0.00000024     -0.00000360     -0.00011387
      -0.00007407     -0.00008888      0.00000003      0.00000046      0.00001453
       0.00000945      0.00001134      0.00000059      0.00000861      0.00027259
       0.00017731      0.00021277     -0.00000000      0.00000000      0.00000000
      -0.00000000     -0.00000000      0.00000000      0.00000000      0.00000000
      -0.00000000     -0.00000000      0.00000000     -0.00000000     -0.00000000
       0.00000000     -0.00000000      0.02272380     -0.03150642      0.00000000
      -0.00000000      0.01760178     -0.02440477     -0.53911530      0.74748043
      -0.13790865      0.19120959     -0.00000000      0.00000000      0.17803930
      -0.24685052     -0.00000000      0.00000000     -0.00000000     -0.00000000
       0.00000000      0.00000000     -0.00000000     -0.00000000     -0.00000000
       0.00000000      0.00000000     -0.00000000     -0.00000000     -0.00000000
      -0.00000000      0.00000000     -0.00000000     -0.00000000      0.00000000
      -0.00000000     -0.00000000      0.00000000     -0.00000000     -0.00000000
       0.00000000      0.00000000      0.00000000     -0.00000000     -0.00000000
      -0.00000000     -0.00000076     -0.00000132     -0.00000042     -0.00001454
      -0.00002546     -0.00000813      0.00000000      0.00000000      0.00000000
      -0.00000119     -0.00000209     -0.00000067     -0.00000000     -0.00000000
      -0.00000000     -0.00000000      0.00000000      0.00000000     -0.00000000
       0.00000000     -0.00000000      0.00000000     -0.00000000     -0.00000000
       0.00000000     -0.00000000      0.00000000     -0.00000000      0.00000000
      -0.00000000      0.93103401      0.05173737     -0.35189778      0.00000000
      -0.02886796      0.00000000     -0.07637744     -0.00000000     -0.00000000
      -0.00000000     -0.00000000      0.00000000     -0.00000000     -0.00000000
       0.00000000     -0.00000000      0.00000000      0.00000000      0.00000000
       0.00000000      0.00000000     -0.00000000     -0.00000000     -0.00000000
       0.00000000      0.00000000      0.00000000     -0.00000000      0.00000000
       0.00001312      0.00002298      0.00000734     -0.00000120     -0.00000210
      -0.00000067     -0.00000000      0.00000000     -0.00000000      0.00000631
       0.00001104      0.00000352     -0.00000000     -0.00000000      0.00000000
       0.00000000     -0.00000000      0.00000000     -0.00000000     -0.00000000
       0.00000000      0.00000000     -0.00000000      0.00000000     -0.00000000
      -0.00000000      0.00000000      0.00000000     -0.00000000      0.00000000
       0.07680102     -0.89830418     -0.02902806      0.00000000      0.15260594
       0.00000000      0.40375736      0.00000000     -0.00000000      0.00000000
       0.00000000      0.00000000     -0.00000000     -0.00000000      0.00000000
      -0.00000000      0.00000000      0.00000000     -0.00000000      0.00000000
      -0.00000000     -0.00000000      0.00000000     -0.00000000     -0.00000000
      -0.00000000     -0.00000000      0.00000000     -0.00000000     -0.00000637
      -0.00001116     -0.00000356     -0.00000075     -0.00000131     -0.00000042
       0.00000000      0.00000000      0.00000000      0.00001312      0.00002298
       0.00000734     -0.00000000     -0.00000000      0.00000000     -0.00000000
       0.00000000      0.00000000     -0.00000000      0.00000000     -0.00000000
      -0.00000000      0.00000000     -0.00000000      0.00000000      0.00000000
       0.00000000     -0.00000000      0.00000000     -0.00000000      0.04772083
       0.43631737     -0.01803678      0.00000000      0.31761308      0.00000000
       0.84032522      0.00000000     -0.00000000      0.00000000      0.00000000
       0.00000000      0.00000000      0.00000000     -0.00000000     -0.00000000
      -0.00000000      0.00000000     -0.00000000      0.00000000     -0.00000000
       0.00000000     -0.00000000      0.00000000      0.00000000     -0.00000000
      -0.00000000     -0.00000000      0.00000000     -0.00000000     -0.00000000
       0.00000000     -0.00000000     -0.00000000     -0.00000000     -0.00003123
      -0.00005597     -0.00002255     -0.00000000     -0.00000000      0.00000000
      -0.00000608     -0.00001090     -0.00000439      0.00000000     -0.00000000
      -0.00000000      0.00000000      0.00000000     -0.00000000     -0.00000000
       0.00000000     -0.00000000      0.00000000      0.00000000     -0.00000000
       0.00000000     -0.00000000      0.00000000      0.00000000      0.00000000
      -0.00000000     -0.63359253     -0.00000000      0.19116800     -0.00000000
       0.74967679      0.00000000      0.00000000     -0.00000000     -0.00000000
       0.00000000     -0.00000000     -0.00000000     -0.00000000     -0.00000000
      -0.00000000     -0.00000000     -0.00000000      0.00000000      0.00000000
       0.00000000     -0.00000000     -0.00000000      0.00000000      0.00000000
       0.00000000     -0.00000000     -0.00000000      0.00000000     -0.00000000
       0.00000000      0.00000000      0.00000000      0.00000608      0.00001090
       0.00000439     -0.00000000     -0.00000000     -0.00000000     -0.00003123
      -0.00005597     -0.00002255      0.00000000     -0.00000000      0.00000000
      -0.00000000      0.00000000     -0.00000000     -0.00000000      0.00000000
      -0.00000000     -0.00000000      0.00000000     -0.00000000      0.00000000
      -0.00000000     -0.00000000     -0.00000000      0.00000000      0.00000000
       0.12339842      0.00000000      0.98155733     -0.00000000     -0.14600697
       0.00000000      0.00000000      0.00000000      0.00000000     -0.00000000
      -0.00000000     -0.00000000     -0.00000000     -0.00000000      0.00000000
      -0.00000000      0.00000000     -0.00000000      0.00000000      0.00000000
      -0.00000000      0.00000000      0.00000000     -0.00000000      0.00000000
      -0.00000000      0.00000000      0.00000000      0.00000000     -0.00000000
       0.00000000      0.00000000     -0.00000000     -0.00000000     -0.00000000
       0.00000000      0.00000000     -0.00000000      0.00000000      0.00000000
       0.00000000      0.00000000     -0.00000000      0.00000000     -0.00000000
       0.00000000     -0.00000000      0.00000000     -0.00000000      0.00000000
      -0.00000000      0.00000000     -0.00000000      0.00000000      0.00000000
      -0.12262366      0.00148724     -0.00000000      0.00393488     -0.00000000
       0.92834666     -0.00000000     -0.35088206      0.00000000      0.00000000
      -0.00000000     -0.00000000      0.00000000     -0.00000000     -0.00000000
       0.00000000     -0.00000000      0.00000000      0.00000000     -0.00000000
       0.00000000      0.00000000      0.00000000     -0.00000000      0.00000000
      -0.00000000      0.00000000      0.00000000     -0.00000000      0.00000000
      -0.00000000     -0.00000000     -0.00000000      0.00000000      0.00000000
       0.00000000     -0.00000000     -0.00000000     -0.00000000      0.00000000
       0.00000000     -0.00000000     -0.00000000     -0.00000000     -0.00000000
       0.00000000     -0.00000000      0.00000000     -0.00000000     -0.00000000
       0.00000000     -0.00000000      0.00000000      0.00000000     -0.00000000
       0.00000000     -0.00000000      0.00000000     -0.00000000     -0.14579454
       0.34968751      0.00000000      0.92518619     -0.00000000     -0.02077201
       0.00000000      0.00785108      0.00000000      0.00000000      0.00000000
       0.00000000      0.00000000     -0.00000000      0.00000000      0.00000000
       0.00000000      0.00000000     -0.00000000      0.00000000      0.00000000
      -0.00000000      0.00000000     -0.00000000      0.00000000      0.00000000
      -0.00000000      0.00000000      0.00000000     -0.00000000     -0.00000000
      -0.00000000      0.00000000      0.00000000     -0.00000000      0.00000000
       0.00000000      0.00000000      0.00000000      0.00000000      0.00000000
      -0.00000000     -0.00000000     -0.00000000      0.00000000      0.00000000
      -0.00000000      0.00000000     -0.00000000     -0.00000000      0.00000000
       0.00000000      0.00000000     -0.00000000      0.00000000      0.00000000
      -0.00000000      0.00000000     -0.00000000      0.98168599      0.05211942
       0.00000000      0.13789501      0.00000000      0.11287603      0.00000000
      -0.04266313     -0.00000000     -0.00000000     -0.00000011      0.00000981
       0.00008665     -0.00003040     -0.00000632      0.00000000     -0.00000000
      -0.00000000      0.00000000      0.00000000     -0.00000000     -0.00000000
       0.00000000     -0.00000000      0.00000000     -0.00000000     -0.00000000
       0.00000000     -0.00000000      0.00000000     -0.00000000     -0.00000000
       0.00000000     -0.00000000     -0.00000000     -0.00000000      0.00000000
       0.00000000      0.00000000      0.00000000     -0.00000000      0.00000000
      -0.00000000     -0.00000000      0.00000000      0.00000000     -0.00000000
       0.00000000     -0.00000000     -0.00000000      0.00000000     -0.00000000
       0.00000000      0.00000000     -0.00000000     -0.00000000      0.00000000
      -0.00000000      0.00000000     -0.00000000     -0.00000000      0.00000000
      -0.00000000      0.76376261     -0.00000000      0.00000000     -0.00000000
       0.64549722
  Gathered CMO from array.
  NCMO=                  826
       1.00000000     -0.00000041     -0.00000124      0.00000053     -0.00000009
       0.00000021     -0.00000000      0.00000000     -0.00000000      0.00000000
       0.00000000     -0.00000000     -0.00000000     -0.00000000      0.00000000
       0.00000000      0.00000000     -0.00000000      0.00000000      0.00000000
       0.00000000     -0.00000000     -0.00000000      0.00000000      0.00000000
      -0.00000000      0.00000000     -0.00000000      0.00000000     -0.00000000
      -0.00000000     -0.00000000     -0.00000000     -0.00000000     -0.00000000
      -0.00000000      0.00000000      0.00000000      0.00000000     -0.00000000
       0.00000000      0.00000000     -0.00000000      0.00000000      0.00000000
       0.00000000      0.00000000      0.00000000     -0.00000000      0.00000000
      -0.00000000     -0.00000000     -0.00000000     -0.00000000      0.00000000
      -0.00000000     -0.00000000      0.00000000      0.00000000      0.00000041
       1.00000000     -0.00001203     -0.00004729      0.00000484      0.00001051
      -0.00000000      0.00000000      0.00000000      0.00000000     -0.00000000
      -0.00000000     -0.00000000     -0.00000000      0.00000000     -0.00000000
      -0.00000000      0.00000000     -0.00000000     -0.00000000      0.00000000
      -0.00000000      0.00000000     -0.00000000      0.00000000     -0.00000000
       0.00000000      0.00000000     -0.00000000      0.00000000      0.00000000
       0.00000000     -0.00000000     -0.00000000      0.00000000     -0.00000000
       0.00000000     -0.00000000      0.00000000     -0.00000000      0.00000000
       0.00000000      0.00000000     -0.00000000     -0.00000000     -0.00000000
      -0.00000000     -0.00000000     -0.00000000      0.00000000     -0.00000000
      -0.00000000     -0.00000000      0.00000000      0.00000008     -0.00000000
      -0.00000000     -0.00000000      0.00000007     -0.00000000      0.00000000
       0.00000000      0.00000000     -0.00000000     -0.00000000      0.16779365
       0.00000733     -0.00000031     -0.00000771      0.00000828      0.14549369
       0.00000636     -0.00000027     -0.00000668      0.00000718      0.97502660
       0.00004261     -0.00000180     -0.00004478      0.00004811      0.00000000
       0.00000000      0.00000000      0.00000000     -0.00000000      0.00000000
       0.00000000     -0.00000000      0.00000000     -0.00000000     -0.00000000
      -0.00000000     -0.00000000     -0.00000000     -0.00000000     -0.00000004
       0.00000006      0.00000000     -0.00000000     -0.00000003      0.00000005
       0.00000033     -0.00000052     -0.00000004      0.00000006     -0.00000000
       0.00000000      0.00000005     -0.00000007      0.00000000     -0.00000000
       0.00000000      0.00000000      0.00000000     -0.00000000      0.00000000
       0.00000000     -0.00000000      0.00000000      0.00000000     -0.00000000
      -0.00000000     -0.00000000     -0.00000000      0.22270018      0.00000973
      -0.00000041     -0.00001023      0.00001099      0.95788781      0.00004186
      -0.00000177     -0.00004399      0.00004727     -0.18126101     -0.00000792
       0.00000034      0.00000832     -0.00000894      0.00000000      0.00000000
      -0.00000000      0.00000000     -0.00000000     -0.00000000     -0.00000000
       0.00000000     -0.00000000     -0.00000000      0.00000000     -0.00000000
      -0.00000000      0.00000000     -0.00000000     -0.00000026      0.00000041
       0.00000000      0.00000000     -0.00000020      0.00000032     -0.00000006
       0.00000010     -0.00000005      0.00000007     -0.00000000     -0.00000000
       0.00000006     -0.00000009     -0.00000000      0.00000000     -0.00000000
      -0.00000000      0.00000000     -0.00000000      0.00000000     -0.00000000
      -0.00000000     -0.00000000      0.00000000     -0.00000000     -0.00000000
      -0.00000000     -0.00000000      0.96033844      0.00004197     -0.00000178
      -0.00004410      0.00004739     -0.24755305     -0.00001082      0.00000046
       0.00001137     -0.00001222     -0.12832602     -0.00000561      0.00000024
       0.00000589     -0.00000633      0.00000000     -0.00000000      0.00000000
       0.00000000      0.00000000      0.00000000     -0.00000000      0.00000000
      -0.00000000     -0.00000000      0.00000000      0.00000000     -0.00000000
       0.00000000     -0.00000000      0.00000007     -0.00000011     -0.00000000
      -0.00000000      0.00000005     -0.00000008     -0.00000004      0.00000007
      -0.00000020      0.00000032      0.00000000     -0.00000000      0.00000026
      -0.00000041     -0.00000000     -0.00000000      0.00000000     -0.00000000
      -0.00000000      0.00000000      0.00000000     -0.00000000      0.00000000
       0.00000124      0.00001178      0.99998402     -0.00557811      0.00090420
       0.00017957      0.00000000      0.00000000     -0.00000000     -0.00000000
       0.00000000      0.00000000      0.00000000     -0.00000000      0.00000000
      -0.00000000     -0.00000000     -0.00000000      0.00000000     -0.00000000
       0.00000000      0.00000000     -0.00000000      0.00000000     -0.00000000
       0.00000000     -0.00000000      0.00000000     -0.00000000      0.00000000
      -0.00000000      0.00000000     -0.00000000     -0.00000000      0.00000000
      -0.00000000     -0.00000000      0.00000000      0.00000000     -0.00000000
      -0.00000000     -0.00000000     -0.00000000      0.00000000     -0.00000000
       0.00000000      0.00000000      0.00000000      0.00000000     -0.00000000
       0.00000000      0.00000000     -0.00000000      0.00000000     -0.00000710
      -0.00000000     -0.00000000      0.00000000     -0.00000600     -0.00000000
      -0.00000000      0.00000000     -0.00000000     -0.00000000     -0.00000000
      -0.00002314      0.52912908     -0.00289628      0.00088015      0.00113554
      -0.00001002      0.22912566     -0.00125416      0.00038113      0.00049172
      -0.00003573      0.81699848     -0.00447198      0.00135900      0.00175332
      -0.00000000     -0.00000000      0.00000000      0.00000000     -0.00000000
       0.00000000      0.00000000     -0.00000000      0.00000000     -0.00000000
       0.00000000     -0.00000000      0.00000000     -0.00000000      0.00000000
       0.00000528      0.00000572      0.00000000      0.00000000      0.00000409
       0.00000443     -0.00002383     -0.00002579      0.00000945      0.00001023
       0.00000000      0.00000000     -0.00001220     -0.00001320      0.00000000
      -0.00000000      0.00000000     -0.00000000      0.00000000      0.00000000
       0.00000000      0.00000000      0.00000000      0.00000000      0.00000000
       0.00000000     -0.00000000      0.00000000      0.00000000      0.00003180
      -0.72704052      0.00397958     -0.00120936     -0.00156027      0.00001636
      -0.37400418      0.00204717     -0.00062212     -0.00080263     -0.00002518
       0.57575656     -0.00315150      0.00095771      0.00123560     -0.00000000
       0.00000000     -0.00000000      0.00000000      0.00000000      0.00000000
      -0.00000000      0.00000000     -0.00000000     -0.00000000      0.00000000
      -0.00000000     -0.00000000      0.00000000     -0.00000000     -0.00000862
      -0.00000933      0.00000000      0.00000000     -0.00000668     -0.00000723
      -0.00001679     -0.00001817     -0.00001299     -0.00001405      0.00000000
      -0.00000000      0.00001677      0.00001814      0.00000000     -0.00000000
       0.00000000      0.00000000     -0.00000000     -0.00000000     -0.00000000
       0.00000000     -0.00000000      0.00000000      0.00000000     -0.00000000
       0.00000000      0.00000000      0.00000000      0.00001913     -0.43748961
       0.00239467     -0.00072772     -0.00093887     -0.00003930      0.89865732
      -0.00491895      0.00149483      0.00192856     -0.00000137      0.03131344
      -0.00017140      0.00005209      0.00006720      0.00000000     -0.00000000
      -0.00000000      0.00000000      0.00000000     -0.00000000     -0.00000000
       0.00000000     -0.00000000      0.00000000     -0.00000000      0.00000000
      -0.00000000     -0.00000000      0.00000000      0.00002072      0.00002243
       0.00000000      0.00000000      0.00001605      0.00001737     -0.00000091
      -0.00000099     -0.00000781     -0.00000846      0.00000000      0.00000000
       0.00001009      0.00001092      0.00000000     -0.00000000      0.00000000
      -0.00000000     -0.00000000      0.00000000      0.00000000     -0.00000000
       0.00000000      0.00000000      0.00000000     -0.00000000     -0.00000000
       0.00000000     -0.00000000     -0.00000000     -0.00000000      0.00000000
      -0.00000000     -0.00000000      0.00000000     -0.00000000     -0.00000000
      -0.00000000      0.00000000     -0.00000000      0.00000000      0.00000000
      -0.00000000     -0.00000000      0.99663459     -0.07303613     -0.03721855
       0.00000000     -0.00000000     -0.00000000     -0.00000000     -0.00000000
      -0.00000000     -0.00000000     -0.00000000     -0.00000000     -0.00000000
      -0.00000000      0.00000000      0.00000000     -0.00000000      0.00000000
      -0.00000000     -0.00000000     -0.00000000     -0.00000000      0.00000000
       0.00000000      0.00000000      0.00000000     -0.00000000     -0.00000000
      -0.00000000      0.00000000      0.00000000      0.00001239     -0.00000000
       0.00000000     -0.00000000      0.00000000     -0.00000000     -0.00000000
      -0.00000000     -0.00000000      0.00000000     -0.00000000     -0.00000000
       0.00000000     -0.00000000      0.00000000      0.00000000     -0.00000000
      -0.00000000     -0.00000000     -0.00000000     -0.00000000      0.00000000
       0.00000000     -0.00000000     -0.00000000      0.00000000     -0.00000000
      -0.00000000     -0.00000000      0.00000000      0.00000000      0.99663459
      -0.07303613     -0.03721855      0.00000000      0.00000000      0.00000000
      -0.00000000     -0.00000000     -0.00000000      0.00000000      0.00000000
       0.00000000      0.00000000     -0.00000000      0.00000000      0.00000000
       0.00000000     -0.00000000     -0.00000000     -0.00000000      0.00000000
      -0.00000000      0.00000000      0.00000000     -0.00000000     -0.00000000
       0.00000000      0.00001159      0.00000000     -0.00000438      0.00000000
       0.00000000     -0.00000000     -0.00000000      0.00000000      0.00000000
      -0.00000000      0.00000000     -0.00000000      0.00000000     -0.00000000
       0.00000000      0.00000000     -0.00000000      0.00000000      0.00000000
       0.00000000     -0.00000000     -0.00000000      0.00000000      0.00000000
       0.00000000      0.00000000     -0.00000000      0.00000000     -0.00000000
      -0.00000000     -0.00000000      0.00000000     -0.00000000     -0.00000000
      -0.00000000     -0.00000000      0.00000000     -0.00000000      0.99663459
      -0.07303613     -0.03721855     -0.00000000     -0.00000000     -0.00000000
      -0.00000000      0.00000000      0.00000000     -0.00000000     -0.00000000
      -0.00000000     -0.00000000     -0.00000000     -0.00000000     -0.00000000
      -0.00000000     -0.00000000      0.00000000     -0.00000000      0.00000000
      -0.00000000      0.00000000     -0.00000000     -0.00000000     -0.00000438
       0.00000000     -0.00001159     -0.00000000      0.00000000     -0.00000000
      -0.00000000      0.00000000      0.00000000      0.00000000      0.00000000
      -0.00000000      0.00000000     -0.00000000     -0.00000000      0.00000000
       0.00000000      0.00000000      0.00000000     -0.00000000     -0.00000000
       0.00000000      0.00000000      0.00000000     -0.00000000      0.00000000
       0.00000000     -0.00000000     -0.00000000      0.00000000     -0.00000000
       0.99649556     -0.07450588     -0.03801948      0.00000000     -0.00000000
      -0.00000000      0.00000000      0.00000000     -0.00000000     -0.00000000
      -0.00000000     -0.00000000      0.00000000     -0.00000000     -0.00000000
       0.00000000      0.00000000      0.00000000     -0.00000000     -0.00000000
       0.00000000      0.00000000      0.00000000     -0.00000000      0.00000000
      -0.00000000     -0.00000000     -0.00001716     -0.00000000      0.00000000
      -0.00000000      0.00002030      0.00000000      0.00000000      0.00000000
      -0.00000000      0.00000000     -0.00000000      0.00000000     -0.00000000
      -0.00000000      0.00000000      0.00000000      0.00000000     -0.00000000
      -0.00000000     -0.00000000      0.00000000      0.00000000      0.00000000
      -0.00000000     -0.00000000      0.00000000      0.00000000      0.00000000
      -0.00000000      0.00000000      0.00000000      0.00000000      0.00000000
       0.00000000     -0.00000000     -0.00000000      0.00000000      0.00000000
       0.99649556     -0.07450588     -0.03801948     -0.00000000     -0.00000000
      -0.00000000      0.00000000     -0.00000000     -0.00000000     -0.00000000
       0.00000000     -0.00000000      0.00000000      0.00000000     -0.00000000
      -0.00000000     -0.00000000     -0.00000000     -0.00000000     -0.00000000
      -0.00000000     -0.00000000     -0.00000000      0.00002658     -0.00000000
       0.00000000

  Partition table printout
Table size        NSIZE=   20
Table type ID     ITYPE=   93
Nr of partitions  NPART=    7
Nr of symm labels NSYM =    1
           59        59
  1         0         0
  2         5         5
  3         0         0
  4         9         9
  5        45        45
  6         0         0
  7         0         0

 =============================================
  Orbital table printout.
            Table size:             979
       Table type code:               1
   Nr of spin-orbitals:             118
 Nr of active sp-orbs :              10
 Nr of symmetry labels:               1
 Nr of partitions     :               7
 Nr of sub-partitions :              17
 Nr of active part    :               3
 Nr of active subpart :               2
 ---------------------------------------------
  IEXTNUM  = Orbital index, in external order.
  ISMLAB= Symmetry label
  ISOIND= In-Symmetry orbital index, external order.
  ISPLAB= Spin component label
  IPART= Orbital partition label
  INPART= In-Partition orbital index
  ISPART= Orbital sub-partition label
  INSBP = In-Subpartition orbital index
  ORBNAM= Orbital name
 ---------------------------------------------
          IEXTNUM ISMLAB ISOIND ISPLAB  IPART INPART ISPART  INSBP ORBNAM
       1     10      1     10      1      2      1      1      1  Ac1:010 
       2     10      1     10     -1      2      2      1      2  Ac1:010 
       3     11      1     11      1      2      3      1      3  Ac1:011 
       4     11      1     11     -1      2      4      1      4  Ac1:011 
       5     12      1     12      1      2      5      1      5  Ac1:012 
       6     12      1     12     -1      2      6      1      6  Ac1:012 
       7     13      1     13      1      2      7      1      7  Ac1:013 
       8     13      1     13     -1      2      8      1      8  Ac1:013 
       9     14      1     14      1      2      9      2      1  Ac1:014 
      10     14      1     14     -1      2     10      2      2  Ac1:014 
      11     15      1     15      1      4      1      3      1  In1:015 
      12     15      1     15     -1      4      2      3      2  In1:015 
      13     16      1     16      1      4      3      3      3  In1:016 
      14     16      1     16     -1      4      4      3      4  In1:016 
      15     17      1     17      1      4      5      3      5  In1:017 
      16     17      1     17     -1      4      6      3      6  In1:017 
      17     18      1     18      1      4      7      3      7  In1:018 
      18     18      1     18     -1      4      8      3      8  In1:018 
      19     19      1     19      1      4      9      4      1  In1:019 
      20     19      1     19     -1      4     10      4      2  In1:019 
      21     20      1     20      1      4     11      4      3  In1:020 
      22     20      1     20     -1      4     12      4      4  In1:020 
      23     21      1     21      1      4     13      4      5  In1:021 
      24     21      1     21     -1      4     14      4      6  In1:021 
      25     22      1     22      1      4     15      4      7  In1:022 
      26     22      1     22     -1      4     16      4      8  In1:022 
      27     23      1     23      1      4     17      5      1  In1:023 
      28     23      1     23     -1      4     18      5      2  In1:023 
      29     15      1     15      1      5      1      6      1  Se1:015 
      30     15      1     15     -1      5      2      6      2  Se1:015 
      31     16      1     16      1      5      3      6      3  Se1:016 
      32     16      1     16     -1      5      4      6      4  Se1:016 
      33     17      1     17      1      5      5      6      5  Se1:017 
      34     17      1     17     -1      5      6      6      6  Se1:017 
      35     18      1     18      1      5      7      6      7  Se1:018 
      36     18      1     18     -1      5      8      6      8  Se1:018 
      37     19      1     19      1      5      9      7      1  Se1:019 
      38     19      1     19     -1      5     10      7      2  Se1:019 
      39     20      1     20      1      5     11      7      3  Se1:020 
      40     20      1     20     -1      5     12      7      4  Se1:020 
      41     21      1     21      1      5     13      7      5  Se1:021 
      42     21      1     21     -1      5     14      7      6  Se1:021 
      43     22      1     22      1      5     15      7      7  Se1:022 
      44     22      1     22     -1      5     16      7      8  Se1:022 
      45     23      1     23      1      5     17      8      1  Se1:023 
      46     23      1     23     -1      5     18      8      2  Se1:023 
      47     24      1     24      1      5     19      8      3  Se1:024 
      48     24      1     24     -1      5     20      8      4  Se1:024 
      49     25      1     25      1      5     21      8      5  Se1:025 
      50     25      1     25     -1      5     22      8      6  Se1:025 
      51     26      1     26      1      5     23      8      7  Se1:026 
      52     26      1     26     -1      5     24      8      8  Se1:026 
      53     27      1     27      1      5     25      9      1  Se1:027 
      54     27      1     27     -1      5     26      9      2  Se1:027 
      55     28      1     28      1      5     27      9      3  Se1:028 
      56     28      1     28     -1      5     28      9      4  Se1:028 
      57     29      1     29      1      5     29      9      5  Se1:029 
      58     29      1     29     -1      5     30      9      6  Se1:029 
      59     30      1     30      1      5     31      9      7  Se1:030 
      60     30      1     30     -1      5     32      9      8  Se1:030 
      61     31      1     31      1      5     33     10      1  Se1:031 
      62     31      1     31     -1      5     34     10      2  Se1:031 
      63     32      1     32      1      5     35     10      3  Se1:032 
      64     32      1     32     -1      5     36     10      4  Se1:032 
      65     33      1     33      1      5     37     10      5  Se1:033 
      66     33      1     33     -1      5     38     10      6  Se1:033 
      67     34      1     34      1      5     39     10      7  Se1:034 
      68     34      1     34     -1      5     40     10      8  Se1:034 
      69     35      1     35      1      5     41     11      1  Se1:035 
      70     35      1     35     -1      5     42     11      2  Se1:035 
      71     36      1     36      1      5     43     11      3  Se1:036 
      72     36      1     36     -1      5     44     11      4  Se1:036 
      73     37      1     37      1      5     45     11      5  Se1:037 
      74     37      1     37     -1      5     46     11      6  Se1:037 
      75     38      1     38      1      5     47     11      7  Se1:038 
      76     38      1     38     -1      5     48     11      8  Se1:038 
      77     39      1     39      1      5     49     12      1  Se1:039 
      78     39      1     39     -1      5     50     12      2  Se1:039 
      79     40      1     40      1      5     51     12      3  Se1:040 
      80     40      1     40     -1      5     52     12      4  Se1:040 
      81     41      1     41      1      5     53     12      5  Se1:041 
      82     41      1     41     -1      5     54     12      6  Se1:041 
      83     42      1     42      1      5     55     12      7  Se1:042 
      84     42      1     42     -1      5     56     12      8  Se1:042 
      85     43      1     43      1      5     57     13      1  Se1:043 
      86     43      1     43     -1      5     58     13      2  Se1:043 
      87     44      1     44      1      5     59     13      3  Se1:044 
      88     44      1     44     -1      5     60     13      4  Se1:044 
      89     45      1     45      1      5     61     13      5  Se1:045 
      90     45      1     45     -1      5     62     13      6  Se1:045 
      91     46      1     46      1      5     63     13      7  Se1:046 
      92     46      1     46     -1      5     64     13      8  Se1:046 
      93     47      1     47      1      5     65     14      1  Se1:047 
      94     47      1     47     -1      5     66     14      2  Se1:047 
      95     48      1     48      1      5     67     14      3  Se1:048 
      96     48      1     48     -1      5     68     14      4  Se1:048 
      97     49      1     49      1      5     69     14      5  Se1:049 
      98     49      1     49     -1      5     70     14      6  Se1:049 
      99     50      1     50      1      5     71     14      7  Se1:050 
     100     50      1     50     -1      5     72     14      8  Se1:050 
     101     51      1     51      1      5     73     15      1  Se1:051 
     102     51      1     51     -1      5     74     15      2  Se1:051 
     103     52      1     52      1      5     75     15      3  Se1:052 
     104     52      1     52     -1      5     76     15      4  Se1:052 
     105     53      1     53      1      5     77     15      5  Se1:053 
     106     53      1     53     -1      5     78     15      6  Se1:053 
     107     54      1     54      1      5     79     15      7  Se1:054 
     108     54      1     54     -1      5     80     15      8  Se1:054 
     109     55      1     55      1      5     81     16      1  Se1:055 
     110     55      1     55     -1      5     82     16      2  Se1:055 
     111     56      1     56      1      5     83     16      3  Se1:056 
     112     56      1     56     -1      5     84     16      4  Se1:056 
     113     57      1     57      1      5     85     16      5  Se1:057 
     114     57      1     57     -1      5     86     16      6  Se1:057 
     115     58      1     58      1      5     87     16      7  Se1:058 
     116     58      1     58     -1      5     88     16      8  Se1:058 
     117     59      1     59      1      5     89     17      1  Se1:059 
     118     59      1     59     -1      5     90     17      2  Se1:059 

  Nr of spin orbitals in each subpartition:
     8    2    8    8    2    8    8    8    8    8    8    8    8    8    8    8    2
 =============================================

 =============================================
  Substring table printout.
  (A) Header and TOC:
            Table size:            6327
       Table type code:              19
 Orbital Table        :              -1
 Nr of symmetry labels:               1
 Nr of active subpart :               2
 Nr of bits/morsel    :               8
 Nr of Substring Types:              29
 Nr of Substrings     :             260
 Substr Type Ann Table:             160
 Substr Type Cre Table:             392
 Substr/Morsel Table  :             624
 Morsel/Substr Table  :            1144
 Substring Annih Table:            2168
 Substring Creat Table:            4248
 ---------------------------------------------
  (B) Substring Types:
  NSBS  = Nr of substrings of each type.
  NPOP  = Electron population of each type.
  ISYM  = Combined symmetry of each type.
  MS2   = Twice spin proj of each type.
  ISPART= Subpartition of each type.
 ---------------------------------------------
            NSBS   NPOP   ISYM    MS2  ISBPRT
       1      1      0      1      0      1
       2      4      1      1     -1      1
       3      4      1      1      1      1
       4      6      2      1     -2      1
       5     16      2      1      0      1
       6      6      2      1      2      1
       7      4      3      1     -3      1
       8     24      3      1     -1      1
       9     24      3      1      1      1
      10      4      3      1      3      1
      11      1      4      1     -4      1
      12     16      4      1     -2      1
      13     36      4      1      0      1
      14     16      4      1      2      1
      15      1      4      1      4      1
      16      4      5      1     -3      1
      17     24      5      1     -1      1
      18     24      5      1      1      1
      19      4      5      1      3      1
      20      6      6      1     -2      1
      21     16      6      1      0      1
      22      6      6      1      2      1
      23      4      7      1     -1      1
      24      4      7      1      1      1
      25      1      8      1      0      1
      26      1      0      1      0      2
      27      1      1      1     -1      2
      28      1      1      1      1      2
      29      1      2      1      0      2
 ---------------------------------------------
  (C1) Morsels to Substrings:

 MRS:       0    1    2    3    4    5    6    7    8    9   10   11   12   13   14
 SBS:  1    1    6    2   16    7   32   17   66    3   18   10   42   19   67   43
 SBS:  2  257  259  258  260    0    0    0    0    0    0    0    0    0    0    0

 MRS:      15   16   17   18   19   20   21   22   23   24   25   26   27   28   29
 SBS:  1  111    8   33   20   68   34   90   69  147   21   70   44  112   71  148
 SBS:  2    0    0    0    0    0    0    0    0    0    0    0    0    0    0    0

 MRS:      30   31   32   33   34   35   36   37   38   39   40   41   42   43   44
 SBS:  1  113  192    4   22   11   45   23   72   46  114   12   47   38   95   48
 SBS:  2    0    0    0    0    0    0    0    0    0    0    0    0    0    0    0

 MRS:      45   46   47   48   49   50   51   52   53   54   55   56   57   58   59
 SBS:  1  115   96  168   24   73   49  116   74  149  117  193   50  118   97  169
 SBS:  2    0    0    0    0    0    0    0    0    0    0    0    0    0    0    0

 MRS:      60   61   62   63   64   65   66   67   68   69   70   71   72   73   74
 SBS:  1  119  194  170  226    9   35   25   75   36   91   76  150   26   77   51
 SBS:  2    0    0    0    0    0    0    0    0    0    0    0    0    0    0    0

 MRS:      75   76   77   78   79   80   81   82   83   84   85   86   87   88   89
 SBS:  1  120   78  151  121  195   37   92   79  152   93  163  153  216   80  154
 SBS:  2    0    0    0    0    0    0    0    0    0    0    0    0    0    0    0

 MRS:      90   91   92   93   94   95   96   97   98   99  100  101  102  103  104
 SBS:  1  122  196  155  217  197  242   27   81   52  123   82  156  124  198   53
 SBS:  2    0    0    0    0    0    0    0    0    0    0    0    0    0    0    0

 MRS:     105  106  107  108  109  110  111  112  113  114  115  116  117  118  119
 SBS:  1  125   98  171  126  199  172  227   83  157  127  200  158  218  201  243
 SBS:  2    0    0    0    0    0    0    0    0    0    0    0    0    0    0    0

 MRS:     120  121  122  123  124  125  126  127  128  129  130  131  132  133  134
 SBS:  1  128  202  173  228  203  244  229  252    5   28   13   54   29   84   55
 SBS:  2    0    0    0    0    0    0    0    0    0    0    0    0    0    0    0

 MRS:     135  136  137  138  139  140  141  142  143  144  145  146  147  148  149
 SBS:  1  129   14   56   39   99   57  130  100  174   30   85   58  131   86  159
 SBS:  2    0    0    0    0    0    0    0    0    0    0    0    0    0    0    0

 MRS:     150  151  152  153  154  155  156  157  158  159  160  161  162  163  164
 SBS:  1  132  204   59  133  101  175  134  205  176  230   15   60   40  102   61
 SBS:  2    0    0    0    0    0    0    0    0    0    0    0    0    0    0    0

 MRS:     165  166  167  168  169  170  171  172  173  174  175  176  177  178  179
 SBS:  1  135  103  177   41  104   94  164  105  178  165  220   62  136  106  179
 SBS:  2    0    0    0    0    0    0    0    0    0    0    0    0    0    0    0

 MRS:     180  181  182  183  184  185  186  187  188  189  190  191  192  193  194
 SBS:  1  137  206  180  231  107  181  166  221  182  232  222  248   31   87   63
 SBS:  2    0    0    0    0    0    0    0    0    0    0    0    0    0    0    0

 MRS:     195  196  197  198  199  200  201  202  203  204  205  206  207  208  209
 SBS:  1  138   88  160  139  207   64  140  108  183  141  208  184  233   89  161
 SBS:  2    0    0    0    0    0    0    0    0    0    0    0    0    0    0    0

 MRS:     210  211  212  213  214  215  216  217  218  219  220  221  222  223  224
 SBS:  1  142  209  162  219  210  245  143  211  185  234  212  246  235  253   65
 SBS:  2    0    0    0    0    0    0    0    0    0    0    0    0    0    0    0

 MRS:     225  226  227  228  229  230  231  232  233  234  235  236  237  238  239
 SBS:  1  144  109  186  145  213  187  236  110  188  167  223  189  237  224  249
 SBS:  2    0    0    0    0    0    0    0    0    0    0    0    0    0    0    0

 MRS:     240  241  242  243  244  245  246  247  248  249  250  251  252  253  254
 SBS:  1  146  214  190  238  215  247  239  254  191  240  225  250  241  255  251
 SBS:  2    0    0    0    0    0    0    0    0    0    0    0    0    0    0    0

 MRS:     255
 SBS:  1  256
 SBS:  2    0
  (C2) Substrings to Morsels:

 SBS:    1    2    3    4    5    6    7    8    9   10   11   12   13   14   15
 MRS:    0    2    8   32  128    1    4   16   64   10   34   40  130  136  160

 SBS:   16   17   18   19   20   21   22   23   24   25   26   27   28   29   30
 MRS:    3    6    9   12   18   24   33   36   48   66   72   96  129  132  144

 SBS:   31   32   33   34   35   36   37   38   39   40   41   42   43   44   45
 MRS:  192    5   17   20   65   68   80   42  138  162  168   11   14   26   35

 SBS:   46   47   48   49   50   51   52   53   54   55   56   57   58   59   60
 MRS:   38   41   44   50   56   74   98  104  131  134  137  140  146  152  161

 SBS:   61   62   63   64   65   66   67   68   69   70   71   72   73   74   75
 MRS:  164  176  194  200  224    7   13   19   22   25   28   37   49   52   67

 SBS:   76   77   78   79   80   81   82   83   84   85   86   87   88   89   90
 MRS:   70   73   76   82   88   97  100  112  133  145  148  193  196  208   21

 SBS:   91   92   93   94   95   96   97   98   99  100  101  102  103  104  105
 MRS:   69   81   84  170   43   46   58  106  139  142  154  163  166  169  172

 SBS:  106  107  108  109  110  111  112  113  114  115  116  117  118  119  120
 MRS:  178  184  202  226  232   15   27   30   39   45   51   54   57   60   75

 SBS:  121  122  123  124  125  126  127  128  129  130  131  132  133  134  135
 MRS:   78   90   99  102  105  108  114  120  135  141  147  150  153  156  165

 SBS:  136  137  138  139  140  141  142  143  144  145  146  147  148  149  150
 MRS:  177  180  195  198  201  204  210  216  225  228  240   23   29   53   71

 SBS:  151  152  153  154  155  156  157  158  159  160  161  162  163  164  165
 MRS:   77   83   86   89   92  101  113  116  149  197  209  212   85  171  174

 SBS:  166  167  168  169  170  171  172  173  174  175  176  177  178  179  180
 MRS:  186  234   47   59   62  107  110  122  143  155  158  167  173  179  182

 SBS:  181  182  183  184  185  186  187  188  189  190  191  192  193  194  195
 MRS:  185  188  203  206  218  227  230  233  236  242  248   31   55   61   79

 SBS:  196  197  198  199  200  201  202  203  204  205  206  207  208  209  210
 MRS:   91   94  103  109  115  118  121  124  151  157  181  199  205  211  214

 SBS:  211  212  213  214  215  216  217  218  219  220  221  222  223  224  225
 MRS:  217  220  229  241  244   87   93  117  213  175  187  190  235  238  250

 SBS:  226  227  228  229  230  231  232  233  234  235  236  237  238  239  240
 MRS:   63  111  123  126  159  183  189  207  219  222  231  237  243  246  249

 SBS:  241  242  243  244  245  246  247  248  249  250  251  252  253  254  255
 MRS:  252   95  119  125  215  221  245  191  239  251  254  127  223  247  253

 SBS:  256  257  258  259  260
 MRS:  255    0    2    1    3
 ---------------------------------------------
  (D1) Substring Type Annihilation Table:
        1            0       0       0       0       0       0       0       0
        2            0       1       0       1       0       1       0       1
        3            1       0       1       0       1       0       1       0
        4            0       2       0       2       0       2       0       2
        5            2       3       2       3       2       3       2       3
        6            3       0       3       0       3       0       3       0
        7            0       4       0       4       0       4       0       4
        8            4       5       4       5       4       5       4       5
        9            5       6       5       6       5       6       5       6
       10            6       0       6       0       6       0       6       0
       11            0       7       0       7       0       7       0       7
       12            7       8       7       8       7       8       7       8
       13            8       9       8       9       8       9       8       9
       14            9      10       9      10       9      10       9      10
       15           10       0      10       0      10       0      10       0
       16           11      12      11      12      11      12      11      12
       17           12      13      12      13      12      13      12      13
       18           13      14      13      14      13      14      13      14
       19           14      15      14      15      14      15      14      15
       20           16      17      16      17      16      17      16      17
       21           17      18      17      18      17      18      17      18
       22           18      19      18      19      18      19      18      19
       23           20      21      20      21      20      21      20      21
       24           21      22      21      22      21      22      21      22
       25           23      24      23      24      23      24      23      24
       26            0       0       0       0       0       0       0       0
       27            0      26       0       0       0       0       0       0
       28           26       0       0       0       0       0       0       0
       29           27      28       0       0       0       0       0       0
  (D2) Substring Type Creation Table:
        1            3       2       3       2       3       2       3       2
        2            5       4       5       4       5       4       5       4
        3            6       5       6       5       6       5       6       5
        4            8       7       8       7       8       7       8       7
        5            9       8       9       8       9       8       9       8
        6           10       9      10       9      10       9      10       9
        7           12      11      12      11      12      11      12      11
        8           13      12      13      12      13      12      13      12
        9           14      13      14      13      14      13      14      13
       10           15      14      15      14      15      14      15      14
       11           16       0      16       0      16       0      16       0
       12           17      16      17      16      17      16      17      16
       13           18      17      18      17      18      17      18      17
       14           19      18      19      18      19      18      19      18
       15            0      19       0      19       0      19       0      19
       16           20       0      20       0      20       0      20       0
       17           21      20      21      20      21      20      21      20
       18           22      21      22      21      22      21      22      21
       19            0      22       0      22       0      22       0      22
       20           23       0      23       0      23       0      23       0
       21           24      23      24      23      24      23      24      23
       22            0      24       0      24       0      24       0      24
       23           25       0      25       0      25       0      25       0
       24            0      25       0      25       0      25       0      25
       25            0       0       0       0       0       0       0       0
       26           28      27       0       0       0       0       0       0
       27           29       0       0       0       0       0       0       0
       28            0      29       0       0       0       0       0       0
       29            0       0       0       0       0       0       0       0
 ---------------------------------------------
  (E1) Substring Annihilation Table:
        1            0       0       0       0       0       0       0       0
        2            0       1       0       0       0       0       0       0
        3            0       0       0       1       0       0       0       0
        4            0       0       0       0       0       1       0       0
        5            0       0       0       0       0       0       0       1
        6            1       0       0       0       0       0       0       0
        7            0       0       1       0       0       0       0       0
        8            0       0       0       0       1       0       0       0
        9            0       0       0       0       0       0       1       0
       10            0      -3       0       2       0       0       0       0
       11            0      -4       0       0       0       2       0       0
       12            0       0       0      -4       0       3       0       0
       13            0      -5       0       0       0       0       0       2
       14            0       0       0      -5       0       0       0       3
       15            0       0       0       0       0      -5       0       4
       16           -2       6       0       0       0       0       0       0
       17            0      -7       2       0       0       0       0       0
       18           -3       0       0       6       0       0       0       0
       19            0       0      -3       7       0       0       0       0
       20            0      -8       0       0       2       0       0       0
       21            0       0       0      -8       3       0       0       0
       22           -4       0       0       0       0       6       0       0
       23            0       0      -4       0       0       7       0       0
       24            0       0       0       0      -4       8       0       0
       25            0      -9       0       0       0       0       2       0
       26            0       0       0      -9       0       0       3       0
       27            0       0       0       0       0      -9       4       0
       28           -5       0       0       0       0       0       0       6
       29            0       0      -5       0       0       0       0       7
       30            0       0       0       0      -5       0       0       8
       31            0       0       0       0       0       0      -5       9
       32           -7       0       6       0       0       0       0       0
       33           -8       0       0       0       6       0       0       0
       34            0       0      -8       0       7       0       0       0
       35           -9       0       0       0       0       0       6       0
       36            0       0      -9       0       0       0       7       0
       37            0       0       0       0      -9       0       8       0
       38            0      12       0     -11       0      10       0       0
       39            0      14       0     -13       0       0       0      10
       40            0      15       0       0       0     -13       0      11
       41            0       0       0      15       0     -14       0      12
       42           10     -18       0      16       0       0       0       0
       43            0      19     -10      17       0       0       0       0
       44            0      21       0     -20      10       0       0       0
       45           11     -22       0       0       0      16       0       0
       46            0      23     -11       0       0      17       0       0
       47           12       0       0     -22       0      18       0       0
       48            0       0      12     -23       0      19       0       0
       49            0      24       0       0     -11      20       0       0
       50            0       0       0      24     -12      21       0       0
       51            0      26       0     -25       0       0      10       0
       52            0      27       0       0       0     -25      11       0
       53            0       0       0      27       0     -26      12       0
       54           13     -28       0       0       0       0       0      16
       55            0      29     -13       0       0       0       0      17
       56           14       0       0     -28       0       0       0      18
       57            0       0      14     -29       0       0       0      19
       58            0      30       0       0     -13       0       0      20
       59            0       0       0      30     -14       0       0      21
       60           15       0       0       0       0     -28       0      22
       61            0       0      15       0       0     -29       0      23
       62            0       0       0       0      15     -30       0      24
       63            0      31       0       0       0       0     -13      25
       64            0       0       0      31       0       0     -14      26
       65            0       0       0       0       0      31     -15      27
       66           17     -32      16       0       0       0       0       0
       67           19       0     -18      32       0       0       0       0
       68           20     -33       0       0      16       0       0       0
       69            0      34     -20       0      17       0       0       0
       70           21       0       0     -33      18       0       0       0
       71            0       0      21     -34      19       0       0       0
       72           23       0     -22       0       0      32       0       0
       73           24       0       0       0     -22      33       0       0
       74            0       0      24       0     -23      34       0       0
       75           25     -35       0       0       0       0      16       0
       76            0      36     -25       0       0       0      17       0
       77           26       0       0     -35       0       0      18       0
       78            0       0      26     -36       0       0      19       0
       79            0      37       0       0     -25       0      20       0
       80            0       0       0      37     -26       0      21       0
       81           27       0       0       0       0     -35      22       0
       82            0       0      27       0       0     -36      23       0
       83            0       0       0       0      27     -37      24       0
       84           29       0     -28       0       0       0       0      32
       85           30       0       0       0     -28       0       0      33
       86            0       0      30       0     -29       0       0      34
       87           31       0       0       0       0       0     -28      35
       88            0       0      31       0       0       0     -29      36
       89            0       0       0       0      31       0     -30      37
       90           34       0     -33       0      32       0       0       0
       91           36       0     -35       0       0       0      32       0
       92           37       0       0       0     -35       0      33       0
       93            0       0      37       0     -36       0      34       0
       94            0     -41       0      40       0     -39       0      38
       95          -38      47       0     -45       0      42       0       0
       96            0     -48      38     -46       0      43       0       0
       97            0     -50       0      49     -38      44       0       0
       98            0     -53       0      52       0     -51      38       0
       99          -39      56       0     -54       0       0       0      42
      100            0     -57      39     -55       0       0       0      43
      101            0     -59       0      58     -39       0       0      44
      102          -40      60       0       0       0     -54       0      45
      103            0     -61      40       0       0     -55       0      46
      104          -41       0       0      60       0     -56       0      47
      105            0       0     -41      61       0     -57       0      48
      106            0     -62       0       0      40     -58       0      49
      107            0       0       0     -62      41     -59       0      50
      108            0     -64       0      63       0       0     -39      51
      109            0     -65       0       0       0      63     -40      52
      110            0       0       0     -65       0      64     -41      53
      111          -43      67     -42      66       0       0       0       0
      112          -44      70       0     -68      42       0       0       0
      113            0     -71      44     -69      43       0       0       0
      114          -46      72     -45       0       0      66       0       0
      115          -48       0      47     -72       0      67       0       0
      116          -49      73       0       0     -45      68       0       0
      117            0     -74      49       0     -46      69       0       0
      118          -50       0       0      73     -47      70       0       0
      119            0       0     -50      74     -48      71       0       0
      120          -51      77       0     -75       0       0      42       0
      121            0     -78      51     -76       0       0      43       0
      122            0     -80       0      79     -51       0      44       0
      123          -52      81       0       0       0     -75      45       0
      124            0     -82      52       0       0     -76      46       0
      125          -53       0       0      81       0     -77      47       0
      126            0       0     -53      82       0     -78      48       0
      127            0     -83       0       0      52     -79      49       0
      128            0       0       0     -83      53     -80      50       0
      129          -55      84     -54       0       0       0       0      66
      130          -57       0      56     -84       0       0       0      67
      131          -58      85       0       0     -54       0       0      68
      132            0     -86      58       0     -55       0       0      69
      133          -59       0       0      85     -56       0       0      70
      134            0       0     -59      86     -57       0       0      71
      135          -61       0      60       0       0     -84       0      72
      136          -62       0       0       0      60     -85       0      73
      137            0       0     -62       0      61     -86       0      74
      138          -63      87       0       0       0       0     -54      75
      139            0     -88      63       0       0       0     -55      76
      140          -64       0       0      87       0       0     -56      77
      141            0       0     -64      88       0       0     -57      78
      142            0     -89       0       0      63       0     -58      79
      143            0       0       0     -89      64       0     -59      80
      144          -65       0       0       0       0      87     -60      81
      145            0       0     -65       0       0      88     -61      82
      146            0       0       0       0     -65      89     -62      83
      147          -69      90     -68       0      66       0       0       0
      148          -71       0      70     -90      67       0       0       0
      149          -74       0      73       0     -72      90       0       0
      150          -76      91     -75       0       0       0      66       0
      151          -78       0      77     -91       0       0      67       0
      152          -79      92       0       0     -75       0      68       0
      153            0     -93      79       0     -76       0      69       0
      154          -80       0       0      92     -77       0      70       0
      155            0       0     -80      93     -78       0      71       0
      156          -82       0      81       0       0     -91      72       0
      157          -83       0       0       0      81     -92      73       0
      158            0       0     -83       0      82     -93      74       0
      159          -86       0      85       0     -84       0       0      90
      160          -88       0      87       0       0       0     -84      91
      161          -89       0       0       0      87       0     -85      92
      162            0       0     -89       0      88       0     -86      93
      163          -93       0      92       0     -91       0      90       0
      164           94    -104       0     102       0     -99       0      95
      165            0     105     -94     103       0    -100       0      96
      166            0     107       0    -106      94    -101       0      97
      167            0     110       0    -109       0     108     -94      98
      168           96    -115      95    -114       0     111       0       0
      169           97    -118       0     116     -95     112       0       0
      170            0     119     -97     117     -96     113       0       0
      171           98    -125       0     123       0    -120      95       0
      172            0     126     -98     124       0    -121      96       0
      173            0     128       0    -127      98    -122      97       0
      174          100    -130      99    -129       0       0       0     111
      175          101    -133       0     131     -99       0       0     112
      176            0     134    -101     132    -100       0       0     113
      177          103    -135     102       0       0    -129       0     114
      178          105       0    -104     135       0    -130       0     115
      179          106    -136       0       0     102    -131       0     116
      180            0     137    -106       0     103    -132       0     117
      181          107       0       0    -136     104    -133       0     118
      182            0       0     107    -137     105    -134       0     119
      183          108    -140       0     138       0       0     -99     120
      184            0     141    -108     139       0       0    -100     121
      185            0     143       0    -142     108       0    -101     122
      186          109    -144       0       0       0     138    -102     123
      187            0     145    -109       0       0     139    -103     124
      188          110       0       0    -144       0     140    -104     125
      189            0       0     110    -145       0     141    -105     126
      190            0     146       0       0    -109     142    -106     127
      191            0       0       0     146    -110     143    -107     128
      192          113    -148     112    -147     111       0       0       0
      193          117    -149     116       0    -114     147       0       0
      194          119       0    -118     149    -115     148       0       0
      195          121    -151     120    -150       0       0     111       0
      196          122    -154       0     152    -120       0     112       0
      197            0     155    -122     153    -121       0     113       0
      198          124    -156     123       0       0    -150     114       0
      199          126       0    -125     156       0    -151     115       0
      200          127    -157       0       0     123    -152     116       0
      201            0     158    -127       0     124    -153     117       0
      202          128       0       0    -157     125    -154     118       0
      203            0       0     128    -158     126    -155     119       0
      204          132    -159     131       0    -129       0       0     147
      205          134       0    -133     159    -130       0       0     148
      206          137       0    -136       0     135    -159       0     149
      207          139    -160     138       0       0       0    -129     150
      208          141       0    -140     160       0       0    -130     151
      209          142    -161       0       0     138       0    -131     152
      210            0     162    -142       0     139       0    -132     153
      211          143       0       0    -161     140       0    -133     154
      212            0       0     143    -162     141       0    -134     155
      213          145       0    -144       0       0     160    -135     156
      214          146       0       0       0    -144     161    -136     157
      215            0       0     146       0    -145     162    -137     158
      216          153    -163     152       0    -150       0     147       0
      217          155       0    -154     163    -151       0     148       0
      218          158       0    -157       0     156    -163     149       0
      219          162       0    -161       0     160       0    -159     163
      220         -165     178    -164     177       0    -174       0     168
      221         -166     181       0    -179     164    -175       0     169
      222            0    -182     166    -180     165    -176       0     170
      223         -167     188       0    -186       0     183    -164     171
      224            0    -189     167    -187       0     184    -165     172
      225            0    -191       0     190    -167     185    -166     173
      226         -170     194    -169     193    -168     192       0       0
      227         -172     199    -171     198       0    -195     168       0
      228         -173     202       0    -200     171    -196     169       0
      229            0    -203     173    -201     172    -197     170       0
      230         -176     205    -175     204    -174       0       0     192
      231         -180     206    -179       0     177    -204       0     193
      232         -182       0     181    -206     178    -205       0     194
      233         -184     208    -183     207       0       0    -174     195
      234         -185     211       0    -209     183       0    -175     196
      235            0    -212     185    -210     184       0    -176     197
      236         -187     213    -186       0       0     207    -177     198
      237         -189       0     188    -213       0     208    -178     199
      238         -190     214       0       0    -186     209    -179     200
      239            0    -215     190       0    -187     210    -180     201
      240         -191       0       0     214    -188     211    -181     202
      241            0       0    -191     215    -189     212    -182     203
      242         -197     217    -196     216    -195       0     192       0
      243         -201     218    -200       0     198    -216     193       0
      244         -203       0     202    -218     199    -217     194       0
      245         -210     219    -209       0     207       0    -204     216
      246         -212       0     211    -219     208       0    -205     217
      247         -215       0     214       0    -213     219    -206     218
      248          222    -232     221    -231     220    -230       0     226
      249          224    -237     223    -236       0     233    -220     227
      250          225    -240       0     238    -223     234    -221     228
      251            0     241    -225     239    -224     235    -222     229
      252          229    -244     228    -243     227    -242     226       0
      253          235    -246     234    -245     233       0    -230     242
      254          239    -247     238       0    -236     245    -231     243
      255          241       0    -240     247    -237     246    -232     244
      256         -251     255    -250     254    -249     253    -248     252
      257            0       0       0       0       0       0       0       0
      258            0     257       0       0       0       0       0       0
      259          257       0       0       0       0       0       0       0
      260         -258     259       0       0       0       0       0       0
 ---------------------------------------------
  (E2) Substring Creation Table:
        1            6       2       7       3       8       4       9       5
        2          -16       0      17      10      20      11      25      13
        3          -18     -10     -19       0      21      12      26      14
        4          -22     -11     -23     -12     -24       0      27      15
        5          -28     -13     -29     -14     -30     -15     -31       0
        6            0      16      32      18      33      22      35      28
        7          -32     -17       0      19      34      23      36      29
        8          -33     -20     -34     -21       0      24      37      30
        9          -35     -25     -36     -26     -37     -27       0      31
       10           42       0     -43       0      44      38      51      39
       11           45       0     -46     -38     -49       0      52      40
       12           47      38      48       0     -50       0      53      41
       13           54       0     -55     -39     -58     -40     -63       0
       14           56      39      57       0     -59     -41     -64       0
       15           60      40      61      41      62       0     -65       0
       16            0       0      66      42      68      45      75      54
       17           66       0       0      43      69      46      76      55
       18            0     -42     -67       0      70      47      77      56
       19           67      43       0       0      71      48      78      57
       20           68       0     -69     -44       0      49      79      58
       21           70      44      71       0       0      50      80      59
       22            0     -45     -72     -47     -73       0      81      60
       23           72      46       0     -48     -74       0      82      61
       24           73      49      74      50       0       0      83      62
       25           75       0     -76     -51     -79     -52       0      63
       26           77      51      78       0     -80     -53       0      64
       27           81      52      82      53      83       0       0      65
       28            0     -54     -84     -56     -85     -60     -87       0
       29           84      55       0     -57     -86     -61     -88       0
       30           85      58      86      59       0     -62     -89       0
       31           87      63      88      64      89      65       0       0
       32            0     -66       0      67      90      72      91      84
       33            0     -68     -90     -70       0      73      92      85
       34           90      69       0     -71       0      74      93      86
       35            0     -75     -91     -77     -92     -81       0      87
       36           91      76       0     -78     -93     -82       0      88
       37           92      79      93      80       0     -83       0      89
       38          -95       0      96       0     -97       0      98      94
       39          -99       0     100       0    -101     -94    -108       0
       40         -102       0     103      94     106       0    -109       0
       41         -104     -94    -105       0     107       0    -110       0
       42            0       0    -111       0     112      95     120      99
       43         -111       0       0       0     113      96     121     100
       44         -112       0     113       0       0      97     122     101
       45            0       0    -114     -95    -116       0     123     102
       46         -114       0       0     -96    -117       0     124     103
       47            0      95     115       0    -118       0     125     104
       48         -115     -96       0       0    -119       0     126     105
       49         -116       0     117      97       0       0     127     106
       50         -118     -97    -119       0       0       0     128     107
       51         -120       0     121       0    -122     -98       0     108
       52         -123       0     124      98     127       0       0     109
       53         -125     -98    -126       0     128       0       0     110
       54            0       0    -129     -99    -131    -102    -138       0
       55         -129       0       0    -100    -132    -103    -139       0
       56            0      99     130       0    -133    -104    -140       0
       57         -130    -100       0       0    -134    -105    -141       0
       58         -131       0     132     101       0    -106    -142       0
       59         -133    -101    -134       0       0    -107    -143       0
       60            0     102     135     104     136       0    -144       0
       61         -135    -103       0     105     137       0    -145       0
       62         -136    -106    -137    -107       0       0    -146       0
       63         -138       0     139     108     142     109       0       0
       64         -140    -108    -141       0     143     110       0       0
       65         -144    -109    -145    -110    -146       0       0       0
       66            0       0       0     111     147     114     150     129
       67            0     111       0       0     148     115     151     130
       68            0       0    -147    -112       0     116     152     131
       69         -147       0       0    -113       0     117     153     132
       70            0     112     148       0       0     118     154     133
       71         -148    -113       0       0       0     119     155     134
       72            0     114       0    -115    -149       0     156     135
       73            0     116     149     118       0       0     157     136
       74         -149    -117       0     119       0       0     158     137
       75            0       0    -150    -120    -152    -123       0     138
       76         -150       0       0    -121    -153    -124       0     139
       77            0     120     151       0    -154    -125       0     140
       78         -151    -121       0       0    -155    -126       0     141
       79         -152       0     153     122       0    -127       0     142
       80         -154    -122    -155       0       0    -128       0     143
       81            0     123     156     125     157       0       0     144
       82         -156    -124       0     126     158       0       0     145
       83         -157    -127    -158    -128       0       0       0     146
       84            0     129       0    -130    -159    -135    -160       0
       85            0     131     159     133       0    -136    -161       0
       86         -159    -132       0     134       0    -137    -162       0
       87            0     138     160     140     161     144       0       0
       88         -160    -139       0     141     162     145       0       0
       89         -161    -142    -162    -143       0     146       0       0
       90            0     147       0    -148       0     149     163     159
       91            0     150       0    -151    -163    -156       0     160
       92            0     152     163     154       0    -157       0     161
       93         -163    -153       0     155       0    -158       0     162
       94          164       0    -165       0     166       0    -167       0
       95            0       0     168       0    -169       0     171     164
       96          168       0       0       0    -170       0     172     165
       97          169       0    -170       0       0       0     173     166
       98          171       0    -172       0     173       0       0     167
       99            0       0     174       0    -175    -164    -183       0
      100          174       0       0       0    -176    -165    -184       0
      101          175       0    -176       0       0    -166    -185       0
      102            0       0     177     164     179       0    -186       0
      103          177       0       0     165     180       0    -187       0
      104            0    -164    -178       0     181       0    -188       0
      105          178     165       0       0     182       0    -189       0
      106          179       0    -180    -166       0       0    -190       0
      107          181     166     182       0       0       0    -191       0
      108          183       0    -184       0     185     167       0       0
      109          186       0    -187    -167    -190       0       0       0
      110          188     167     189       0    -191       0       0       0
      111            0       0       0       0     192     168     195     174
      112            0       0     192       0       0     169     196     175
      113          192       0       0       0       0     170     197     176
      114            0       0       0    -168    -193       0     198     177
      115            0    -168       0       0    -194       0     199     178
      116            0       0     193     169       0       0     200     179
      117          193       0       0     170       0       0     201     180
      118            0    -169    -194       0       0       0     202     181
      119          194     170       0       0       0       0     203     182
      120            0       0     195       0    -196    -171       0     183
      121          195       0       0       0    -197    -172       0     184
      122          196       0    -197       0       0    -173       0     185
      123            0       0     198     171     200       0       0     186
      124          198       0       0     172     201       0       0     187
      125            0    -171    -199       0     202       0       0     188
      126          199     172       0       0     203       0       0     189
      127          200       0    -201    -173       0       0       0     190
      128          202     173     203       0       0       0       0     191
      129            0       0       0    -174    -204    -177    -207       0
      130            0    -174       0       0    -205    -178    -208       0
      131            0       0     204     175       0    -179    -209       0
      132          204       0       0     176       0    -180    -210       0
      133            0    -175    -205       0       0    -181    -211       0
      134          205     176       0       0       0    -182    -212       0
      135            0    -177       0     178     206       0    -213       0
      136            0    -179    -206    -181       0       0    -214       0
      137          206     180       0    -182       0       0    -215       0
      138            0       0     207     183     209     186       0       0
      139          207       0       0     184     210     187       0       0
      140            0    -183    -208       0     211     188       0       0
      141          208     184       0       0     212     189       0       0
      142          209       0    -210    -185       0     190       0       0
      143          211     185     212       0       0     191       0       0
      144            0    -186    -213    -188    -214       0       0       0
      145          213     187       0    -189    -215       0       0       0
      146          214     190     215     191       0       0       0       0
      147            0       0       0    -192       0     193     216     204
      148            0    -192       0       0       0     194     217     205
      149            0    -193       0     194       0       0     218     206
      150            0       0       0    -195    -216    -198       0     207
      151            0    -195       0       0    -217    -199       0     208
      152            0       0     216     196       0    -200       0     209
      153          216       0       0     197       0    -201       0     210
      154            0    -196    -217       0       0    -202       0     211
      155          217     197       0       0       0    -203       0     212
      156            0    -198       0     199     218       0       0     213
      157            0    -200    -218    -202       0       0       0     214
      158          218     201       0    -203       0       0       0     215
      159            0    -204       0     205       0    -206    -219       0
      160            0    -207       0     208     219     213       0       0
      161            0    -209    -219    -211       0     214       0       0
      162          219     210       0    -212       0     215       0       0
      163            0    -216       0     217       0    -218       0     219
      164            0       0    -220       0     221       0    -223       0
      165         -220       0       0       0     222       0    -224       0
      166         -221       0     222       0       0       0    -225       0
      167         -223       0     224       0    -225       0       0       0
      168            0       0       0       0    -226       0     227     220
      169            0       0    -226       0       0       0     228     221
      170         -226       0       0       0       0       0     229     222
      171            0       0    -227       0     228       0       0     223
      172         -227       0       0       0     229       0       0     224
      173         -228       0     229       0       0       0       0     225
      174            0       0       0       0    -230    -220    -233       0
      175            0       0    -230       0       0    -221    -234       0
      176         -230       0       0       0       0    -222    -235       0
      177            0       0       0     220     231       0    -236       0
      178            0     220       0       0     232       0    -237       0
      179            0       0    -231    -221       0       0    -238       0
      180         -231       0       0    -222       0       0    -239       0
      181            0     221     232       0       0       0    -240       0
      182         -232    -222       0       0       0       0    -241       0
      183            0       0    -233       0     234     223       0       0
      184         -233       0       0       0     235     224       0       0
      185         -234       0     235       0       0     225       0       0
      186            0       0    -236    -223    -238       0       0       0
      187         -236       0       0    -224    -239       0       0       0
      188            0     223     237       0    -240       0       0       0
      189         -237    -224       0       0    -241       0       0       0
      190         -238       0     239     225       0       0       0       0
      191         -240    -225    -241       0       0       0       0       0
      192            0       0       0       0       0     226     242     230
      193            0       0       0     226       0       0     243     231
      194            0     226       0       0       0       0     244     232
      195            0       0       0       0    -242    -227       0     233
      196            0       0    -242       0       0    -228       0     234
      197         -242       0       0       0       0    -229       0     235
      198            0       0       0     227     243       0       0     236
      199            0     227       0       0     244       0       0     237
      200            0       0    -243    -228       0       0       0     238
      201         -243       0       0    -229       0       0       0     239
      202            0     228     244       0       0       0       0     240
      203         -244    -229       0       0       0       0       0     241
      204            0       0       0     230       0    -231    -245       0
      205            0     230       0       0       0    -232    -246       0
      206            0     231       0    -232       0       0    -247       0
      207            0       0       0     233     245     236       0       0
      208            0     233       0       0     246     237       0       0
      209            0       0    -245    -234       0     238       0       0
      210         -245       0       0    -235       0     239       0       0
      211            0     234     246       0       0     240       0       0
      212         -246    -235       0       0       0     241       0       0
      213            0     236       0    -237    -247       0       0       0
      214            0     238     247     240       0       0       0       0
      215         -247    -239       0     241       0       0       0       0
      216            0       0       0     242       0    -243       0     245
      217            0     242       0       0       0    -244       0     246
      218            0     243       0    -244       0       0       0     247
      219            0     245       0    -246       0     247       0       0
      220            0       0       0       0     248       0    -249       0
      221            0       0     248       0       0       0    -250       0
      222          248       0       0       0       0       0    -251       0
      223            0       0     249       0    -250       0       0       0
      224          249       0       0       0    -251       0       0       0
      225          250       0    -251       0       0       0       0       0
      226            0       0       0       0       0       0     252     248
      227            0       0       0       0     252       0       0     249
      228            0       0     252       0       0       0       0     250
      229          252       0       0       0       0       0       0     251
      230            0       0       0       0       0    -248    -253       0
      231            0       0       0    -248       0       0    -254       0
      232            0    -248       0       0       0       0    -255       0
      233            0       0       0       0     253     249       0       0
      234            0       0     253       0       0     250       0       0
      235          253       0       0       0       0     251       0       0
      236            0       0       0    -249    -254       0       0       0
      237            0    -249       0       0    -255       0       0       0
      238            0       0     254     250       0       0       0       0
      239          254       0       0     251       0       0       0       0
      240            0    -250    -255       0       0       0       0       0
      241          255     251       0       0       0       0       0       0
      242            0       0       0       0       0    -252       0     253
      243            0       0       0    -252       0       0       0     254
      244            0    -252       0       0       0       0       0     255
      245            0       0       0    -253       0     254       0       0
      246            0    -253       0       0       0     255       0       0
      247            0    -254       0     255       0       0       0       0
      248            0       0       0       0       0       0    -256       0
      249            0       0       0       0    -256       0       0       0
      250            0       0    -256       0       0       0       0       0
      251         -256       0       0       0       0       0       0       0
      252            0       0       0       0       0       0       0     256
      253            0       0       0       0       0     256       0       0
      254            0       0       0     256       0       0       0       0
      255            0     256       0       0       0       0       0       0
      256            0       0       0       0       0       0       0       0
      257          259     258       0       0       0       0       0       0
      258         -260       0       0       0       0       0       0       0
      259            0     260       0       0       0       0       0       0
      260            0       0       0       0       0       0       0       0
 =============================================
 Split-graph structure for JOB1=                    1
  Split-Graph UGA. Graph description:
  Nr of levels:                    5
  Orbital symmetry labels:
  1 1 1 1 1
  Nr of vertices:                   12

  Vertex    L  N    A  B  C      Downchain table        Upchain table

    1       1  5    8  3  2        0   2   0   3        0   0   0   0
    2       1  4    7  3  1        0   4   0   5        0   1   0   0
    3       1  4    6  2  2        0   5   0   6        0   0   0   1
    4       1  3    6  3  0        0   0   0   7        0   2   0   0
    5       1  3    5  2  1        0   7   0   8        0   3   0   2
    6       1  3    4  1  2        0   8   0   9        0   0   0   3
    7       1  2    4  2  0        0   0   0  10        0   5   0   4
    8       1  2    3  1  1        0  10   0  11        0   6   0   5
    9       1  2    2  0  2        0  11   0   0        0   0   0   6
   10       1  1    2  1  0        0   0   0  12        0   8   0   7
   11     176  1    1  0  1        0  12   0   0        0   9   0   8
   12     496  0    0  0  0        0   0   0   0        0  11   0  10

  Mid Level:                    2
  Mid Vertices:                    7 ...                    9

  Modified Arc Weight table:
            Coupling case number
  Vertex      0    1    2    3

    1         0    0    0    0
    2         0    0    0    1
    3         0    0    0    0
    4         0    0    0    3
    5         0    1    0    5
    6         0    4    0    7
    7         0    0    0    8
    8         0    9    0   10
    9         0   11    0    0
   10         0    0    0    0
   11         0    0    0    0
   12         0    0    0    0

  GAS restriction table printout
Table size        NSIZE=   18
Table type ID     ITYPE=   91
Nr of partitions  NGAS=    3
Nr of symm labels NSYM =    1
  Orbital partitions:
           10
  1         0
  2        10
  3         0
  Electron population restrictions:
     Minimum       0  8  0
     Maximum       0  8  0
 ---------------------------------------------------
        Configuration Table Printout
  Table header:
  Table size             NTAB=             106
  Nr of electrons         NEL=               8
  Nr of orbitals         NORB=               5
  Min nr of open shells MINOP=               0
  Max nr of open shells MAXOP=               3
  Point group order      NSYM=               1
  Selected symmetry      LSYM=               1
  Nr of GAS restrictions NGAS=               3
  Configuration format  IFORM=               1

  Orbitals by symmetry in GAS partitions:
 Space       Tot         1
 Active         5         5
 GAS 1         0         0
 GAS 2         5         5
 GAS 3         0         0
  GAS orbital partitions, min and max population:
 GAS 1         0    0    0
 GAS 2         5    8    8
 GAS 3         0    0    0

  INFO table starts at LINFO=                   25

   NOPN ISYM       Nr of conf Start point  Words/config
    0   1                5          37           4
  Configurations:
        (1,2,3,4)
        (1,2,3,5)
        (1,2,4,5)
        (1,3,4,5)
        (2,3,4,5)

   NOPN ISYM       Nr of conf Start point  Words/config
    2   1               10          57           5
  Configurations:
        (1,2,3;4,5)
        (1,2,4;3,5)
        (1,3,4;2,5)
        (2,3,4;1,5)
        (1,2,5;3,4)
        (1,3,5;2,4)
        (2,3,5;1,4)
        (1,4,5;2,3)
        (2,4,5;1,3)
        (3,4,5;1,2)

 =============================================
  Fock Sector Table printout
               Table size:     2017
          Table type code:       73
 Nr of Fock Sector Blocks:        2
      Nr of Subpartitions:        2
 Total nr of Determinants:       10
        Hash Map Capacity:     1001
        Hash Map 1st word:       16

 FS Block   BlkSiz    Start indx     Substring Types
      1         4            1       24  28
      2         6            5       22  29
 =============================================
  ....Output for P-CSF                     1

 ------------------------------------------
  Spin Coupling Table printout
 ------------------------------------------
  Table size       :              36
  Table type ID    :              47
  Spin multiplicity:               3
  Spin projection  :               2
  Open shells; min :               0
  Open shells; max :               3
  Transf data; addr:              -1
  Transf data; wrds:               1
    Nr of schemes  :        1
 ------------------------------------------
  Nr of open shells  :               2
  Nr of proto-CSF    :               1
  Nr of proto-SD     :               1
  Addr of proto-CSF  :              33
  Addr of proto-SD   :              35
  Addr of transf matr:               1
  proto-CSF's:
     1 uu
  proto-SD's:
     1 aa
  Transformation matrix:

               1
       1.00000000
 ------------------------------------------
 Split-graph structure for JOB2=                    1
  Split-Graph UGA. Graph description:
  Nr of levels:                    5
  Orbital symmetry labels:
  1 1 1 1 1
  Nr of vertices:                   12

  Vertex    L  N    A  B  C      Downchain table        Upchain table

    1       1  5    8  3  2        0   2   0   3        0   0   0   0
    2       1  4    7  3  1        0   4   0   5        0   1   0   0
    3       1  4    6  2  2        0   5   0   6        0   0   0   1
    4       1  3    6  3  0        0   0   0   7        0   2   0   0
    5       1  3    5  2  1        0   7   0   8        0   3   0   2
    6       1  3    4  1  2        0   8   0   9        0   0   0   3
    7       1  2    4  2  0        0   0   0  10        0   5   0   4
    8       1  2    3  1  1        0  10   0  11        0   6   0   5
    9       1  2    2  0  2        0  11   0   0        0   0   0   6
   10       1  1    2  1  0        0   0   0  12        0   8   0   7
   11     224  1    1  0  1        0  12   0   0        0   9   0   8
   12     496  0    0  0  0        0   0   0   0        0  11   0  10

  Mid Level:                    2
  Mid Vertices:                    7 ...                    9

  Modified Arc Weight table:
            Coupling case number
  Vertex      0    1    2    3

    1         0    0    0    0
    2         0    0    0    1
    3         0    0    0    0
    4         0    0    0    3
    5         0    1    0    5
    6         0    4    0    7
    7         0    0    0    8
    8         0    9    0   10
    9         0   11    0    0
   10         0    0    0    0
   11         0    0    0    0
   12         0    0    0    0

  GAS restriction table printout
Table size        NSIZE=   18
Table type ID     ITYPE=   91
Nr of partitions  NGAS=    3
Nr of symm labels NSYM =    1
  Orbital partitions:
           10
  1         0
  2        10
  3         0
  Electron population restrictions:
     Minimum       0  8  0
     Maximum       0  8  0
 ---------------------------------------------------
        Configuration Table Printout
  Table header:
  Table size             NTAB=             106
  Nr of electrons         NEL=               8
  Nr of orbitals         NORB=               5
  Min nr of open shells MINOP=               0
  Max nr of open shells MAXOP=               3
  Point group order      NSYM=               1
  Selected symmetry      LSYM=               1
  Nr of GAS restrictions NGAS=               3
  Configuration format  IFORM=               1

  Orbitals by symmetry in GAS partitions:
 Space       Tot         1
 Active         5         5
 GAS 1         0         0
 GAS 2         5         5
 GAS 3         0         0
  GAS orbital partitions, min and max population:
 GAS 1         0    0    0
 GAS 2         5    8    8
 GAS 3         0    0    0

  INFO table starts at LINFO=                   25

   NOPN ISYM       Nr of conf Start point  Words/config
    0   1                5          37           4
  Configurations:
        (1,2,3,4)
        (1,2,3,5)
        (1,2,4,5)
        (1,3,4,5)
        (2,3,4,5)

   NOPN ISYM       Nr of conf Start point  Words/config
    2   1               10          57           5
  Configurations:
        (1,2,3;4,5)
        (1,2,4;3,5)
        (1,3,4;2,5)
        (2,3,4;1,5)
        (1,2,5;3,4)
        (1,3,5;2,4)
        (2,3,5;1,4)
        (1,4,5;2,3)
        (2,4,5;1,3)
        (3,4,5;1,2)

 =============================================
  Fock Sector Table printout
               Table size:     2017
          Table type code:       73
 Nr of Fock Sector Blocks:        2
      Nr of Subpartitions:        2
 Total nr of Determinants:       10
        Hash Map Capacity:     1001
        Hash Map 1st word:       16

 FS Block   BlkSiz    Start indx     Substring Types
      1         4            1       24  28
      2         6            5       22  29
 =============================================
  ....Output for P-CSF                     1

 ------------------------------------------
  Spin Coupling Table printout
 ------------------------------------------
  Table size       :              36
  Table type ID    :              47
  Spin multiplicity:               3
  Spin projection  :               2
  Open shells; min :               0
  Open shells; max :               3
  Transf data; addr:              -1
  Transf data; wrds:               1
    Nr of schemes  :        1
 ------------------------------------------
  Nr of open shells  :               2
  Nr of proto-CSF    :               1
  Nr of proto-SD     :               1
  Addr of proto-CSF  :              33
  Addr of proto-SD   :              35
  Addr of transf matr:               1
  proto-CSF's:
     1 uu
  proto-SD's:
     1 aa
  Transformation matrix:

               1
       1.00000000
 ------------------------------------------

  CI vector reordered in SYG2SGU
  OLD CI vector in SPLIT GRAPH UGA order
  1.00000000  0.00000000 -0.00000000  0.00000000  0.00000000 -0.00000000 -0.00000000 -0.00000000  0.00000000  0.00000000
  NEW CI vector in SYMMETRIC GROUP order
  1.00000000 -0.00000000  0.00000000  0.00000000 -0.00000000 -0.00000000 -0.00000000 -0.00000000 -0.00000000  0.00000000

  CI vector reordered in SYG2SGU
  OLD CI vector in SPLIT GRAPH UGA order
  0.00000000 -0.76144606  0.43962109  0.40534518  0.23402615 -0.00000000 -0.00000000 -0.08865805 -0.00000000  0.00000000
  NEW CI vector in SYMMETRIC GROUP order
  0.00000000  0.76144606  0.40534518  0.00000000  0.43962109 -0.23402615 -0.08865805 -0.00000000  0.00000000  0.00000000

  CI vector reordered in SYG2SGU
  OLD CI vector in SPLIT GRAPH UGA order
  0.00000000 -0.39834729  0.22998591 -0.76431254 -0.44127605  0.00000000  0.00000000 -0.09760991  0.00000000  0.00000000
  NEW CI vector in SYMMETRIC GROUP order
  0.00000000  0.39834729 -0.76431254 -0.00000000  0.22998591  0.44127605 -0.09760991  0.00000000 -0.00000000  0.00000000

  CI vector reordered in SYG2SGU
  OLD CI vector in SPLIT GRAPH UGA order
  0.00000000 -0.10732817  0.06196595 -0.03900798 -0.02252127 -0.00000000 -0.00000000  0.99126790 -0.00000000 -0.00000000
  NEW CI vector in SYMMETRIC GROUP order
  0.00000000  0.10732817 -0.03900798  0.00000000  0.06196595  0.02252127  0.99126790 -0.00000000  0.00000000 -0.00000000

  CI vector reordered in SYG2SGU
  OLD CI vector in SPLIT GRAPH UGA order
  0.00000000  0.01243870  0.02154446 -0.05400215  0.09353447 -0.86575269 -0.43547408 -0.00000000 -0.21472005 -0.04945801
  NEW CI vector in SYMMETRIC GROUP order
  0.00000000 -0.01243870 -0.05400215  0.43547408  0.02154446 -0.09353447 -0.00000000 -0.86575269  0.21472005 -0.04945801

  CI vector reordered in SYG2SGU
  OLD CI vector in SPLIT GRAPH UGA order
 -0.00000000 -0.21155544 -0.36642477  0.06972500 -0.12076724 -0.11681276 -0.05875688  0.00000000  0.27723627  0.84117379
  NEW CI vector in SYMMETRIC GROUP order
 -0.00000000  0.21155544  0.06972500  0.05875688 -0.36642477  0.12076724  0.00000000 -0.11681276 -0.27723627  0.84117379

  CI vector reordered in SYG2SGU
  OLD CI vector in SPLIT GRAPH UGA order
 -0.00000000 -0.07463208 -0.12926655 -0.20664599  0.35792135  0.18683033  0.09397576  0.00000000 -0.82165313  0.29674750
  NEW CI vector in SYMMETRIC GROUP order
 -0.00000000  0.07463208 -0.20664599 -0.09397576 -0.12926655 -0.35792135  0.00000000  0.18683033  0.82165313  0.29674750

  CI vector reordered in SYG2SGU
  OLD CI vector in SPLIT GRAPH UGA order
  1.00000000  0.00000000 -0.00000000  0.00000000  0.00000000 -0.00000000 -0.00000000 -0.00000000  0.00000000  0.00000000
  NEW CI vector in SYMMETRIC GROUP order
  1.00000000 -0.00000000  0.00000000  0.00000000 -0.00000000 -0.00000000 -0.00000000 -0.00000000 -0.00000000  0.00000000

  CI vector reordered in SYG2SGU
  OLD CI vector in SPLIT GRAPH UGA order
  0.00000000 -0.76144606  0.43962109  0.40534518  0.23402615 -0.00000000 -0.00000000 -0.08865805 -0.00000000  0.00000000
  NEW CI vector in SYMMETRIC GROUP order
  0.00000000  0.76144606  0.40534518  0.00000000  0.43962109 -0.23402615 -0.08865805 -0.00000000  0.00000000  0.00000000

  CI vector reordered in SYG2SGU
  OLD CI vector in SPLIT GRAPH UGA order
  0.00000000 -0.39834729  0.22998591 -0.76431254 -0.44127605  0.00000000  0.00000000 -0.09760991  0.00000000  0.00000000
  NEW CI vector in SYMMETRIC GROUP order
  0.00000000  0.39834729 -0.76431254 -0.00000000  0.22998591  0.44127605 -0.09760991  0.00000000 -0.00000000  0.00000000

  CI vector reordered in SYG2SGU
  OLD CI vector in SPLIT GRAPH UGA order
  0.00000000 -0.10732817  0.06196595 -0.03900798 -0.02252127 -0.00000000 -0.00000000  0.99126790 -0.00000000 -0.00000000
  NEW CI vector in SYMMETRIC GROUP order
  0.00000000  0.10732817 -0.03900798  0.00000000  0.06196595  0.02252127  0.99126790 -0.00000000  0.00000000 -0.00000000

  CI vector reordered in SYG2SGU
  OLD CI vector in SPLIT GRAPH UGA order
  0.00000000  0.01243870  0.02154446 -0.05400215  0.09353447 -0.86575269 -0.43547408 -0.00000000 -0.21472005 -0.04945801
  NEW CI vector in SYMMETRIC GROUP order
  0.00000000 -0.01243870 -0.05400215  0.43547408  0.02154446 -0.09353447 -0.00000000 -0.86575269  0.21472005 -0.04945801

  CI vector reordered in SYG2SGU
  OLD CI vector in SPLIT GRAPH UGA order
 -0.00000000 -0.21155544 -0.36642477  0.06972500 -0.12076724 -0.11681276 -0.05875688  0.00000000  0.27723627  0.84117379
  NEW CI vector in SYMMETRIC GROUP order
 -0.00000000  0.21155544  0.06972500  0.05875688 -0.36642477  0.12076724  0.00000000 -0.11681276 -0.27723627  0.84117379

  CI vector reordered in SYG2SGU
  OLD CI vector in SPLIT GRAPH UGA order
 -0.00000000 -0.07463208 -0.12926655 -0.20664599  0.35792135  0.18683033  0.09397576  0.00000000 -0.82165313  0.29674750
  NEW CI vector in SYMMETRIC GROUP order
 -0.00000000  0.07463208 -0.20664599 -0.09397576 -0.12926655 -0.35792135  0.00000000  0.18683033  0.82165313  0.29674750
  ISTATE, JSTATE:    1    1
  HZERO=  -1496.14275906
  HONE =    -51.92384881
  HTWO =     26.67822463
  HIJ  =  -1521.38838323
  ISTATE, JSTATE:    2    1
  HZERO=      0.00000000
  HONE =      0.00000000
  HTWO =     -0.00000000
  HIJ  =      0.00000000
  ISTATE, JSTATE:    3    1
  HZERO=      0.00000000
  HONE =      0.00000000
  HTWO =     -0.00000000
  HIJ  =      0.00000000
  ISTATE, JSTATE:    4    1
  HZERO=     -0.00000000
  HONE =     -0.00000000
  HTWO =      0.00000000
  HIJ  =     -0.00000000
  ISTATE, JSTATE:    5    1
  HZERO=      0.00000000
  HONE =      0.00000000
  HTWO =     -0.00000000
  HIJ  =      0.00000000
  ISTATE, JSTATE:    6    1
  HZERO=     -0.00000000
  HONE =     -0.00000000
  HTWO =      0.00000000
  HIJ  =     -0.00000000
  ISTATE, JSTATE:    7    1
  HZERO=     -0.00000000
  HONE =     -0.00000000
  HTWO =      0.00000000
  HIJ  =     -0.00000000
  ISTATE, JSTATE:    2    2
  HZERO=  -1496.14275906
  HONE =    -51.92723241
  HTWO =     26.68217731
  HIJ  =  -1521.38781416
  ISTATE, JSTATE:    3    2
  HZERO=      0.00000000
  HONE =     -0.00000000
  HTWO =      0.00000000
  HIJ  =      0.00000000
  ISTATE, JSTATE:    4    2
  HZERO=      0.00000000
  HONE =     -0.00000000
  HTWO =      0.00000000
  HIJ  =      0.00000000
  ISTATE, JSTATE:    5    2
  HZERO=     -0.00000000
  HONE =     -0.00000000
  HTWO =      0.00000000
  HIJ  =      0.00000000
  ISTATE, JSTATE:    6    2
  HZERO=      0.00000000
  HONE =     -0.00000000
  HTWO =      0.00000000
  HIJ  =      0.00000000
  ISTATE, JSTATE:    7    2
  HZERO=     -0.00000000
  HONE =     -0.00000000
  HTWO =      0.00000000
  HIJ  =      0.00000000
  ISTATE, JSTATE:    3    3
  HZERO=  -1496.14275906
  HONE =    -51.92723241
  HTWO =     26.68217731
  HIJ  =  -1521.38781416
  ISTATE, JSTATE:    4    3
  HZERO=      0.00000000
  HONE =     -0.00000000
  HTWO =      0.00000000
  HIJ  =      0.00000000
  ISTATE, JSTATE:    5    3
  HZERO=      0.00000000
  HONE =      0.00000000
  HTWO =     -0.00000000
  HIJ  =     -0.00000000
  ISTATE, JSTATE:    6    3
  HZERO=     -0.00000000
  HONE =     -0.00000000
  HTWO =      0.00000000
  HIJ  =     -0.00000000
  ISTATE, JSTATE:    7    3
  HZERO=     -0.00000000
  HONE =     -0.00000000
  HTWO =      0.00000000
  HIJ  =     -0.00000000
  ISTATE, JSTATE:    4    4
  HZERO=  -1496.14275906
  HONE =    -51.92723241
  HTWO =     26.68217731
  HIJ  =  -1521.38781416
  ISTATE, JSTATE:    5    4
  HZERO=     -0.00000000
  HONE =     -0.00000000
  HTWO =      0.00000000
  HIJ  =      0.00000000
  ISTATE, JSTATE:    6    4
  HZERO=      0.00000000
  HONE =      0.00000000
  HTWO =     -0.00000000
  HIJ  =     -0.00000000
  ISTATE, JSTATE:    7    4
  HZERO=     -0.00000000
  HONE =      0.00000000
  HTWO =     -0.00000000
  HIJ  =     -0.00000000
  ISTATE, JSTATE:    5    5
  HZERO=  -1496.14275906
  HONE =    -51.92993279
  HTWO =     26.68533299
  HIJ  =  -1521.38735885
  ISTATE, JSTATE:    6    5
  HZERO=      0.00000000
  HONE =     -0.00000000
  HTWO =      0.00000000
  HIJ  =      0.00000000
  ISTATE, JSTATE:    7    5
  HZERO=      0.00000000
  HONE =      0.00000000
  HTWO =      0.00000000
  HIJ  =      0.00000000
  ISTATE, JSTATE:    6    6
  HZERO=  -1496.14275906
  HONE =    -51.92993279
  HTWO =     26.68533299
  HIJ  =  -1521.38735885
  ISTATE, JSTATE:    7    6
  HZERO=      0.00000000
  HONE =      0.00000000
  HTWO =     -0.00000000
  HIJ  =      0.00000000
  ISTATE, JSTATE:    7    7
  HZERO=  -1496.14275906
  HONE =    -51.92993279
  HTWO =     26.68533299
  HIJ  =  -1521.38735885

  HAMILTONIAN MATRIX FOR THE ORIGINAL STATES:

  Diagonal, with energies
  -1521.38838323  -1521.38781416  -1521.38781416  -1521.38781416  -1521.38735885
  -1521.38735885  -1521.38735885

      OVERLAP MATRIX FOR THE ORIGINAL STATES:

  Diagonal, with elements
      1.00000000      1.00000000      1.00000000      1.00000000      1.00000000
      1.00000000      1.00000000

::    RASSI State    1     Total energy:   -1521.38838323482014
::    RASSI State    2     Total energy:   -1521.38781415841868
::    RASSI State    3     Total energy:   -1521.38781415841868
::    RASSI State    4     Total energy:   -1521.38781415841868
::    RASSI State    5     Total energy:   -1521.38735885451570
::    RASSI State    6     Total energy:   -1521.38735885451570
::    RASSI State    7     Total energy:   -1521.38735885451570



      ****************************************************************************************************
      *                                                                                                  *
      *                                         Spin-free section                                        *
      *                                                                                                  *
      *                 Note: index according to input order, order according to energy.                 *
      *                                                                                                  *
      ****************************************************************************************************



  SPIN-FREE ENERGIES:
  (Shifted by EMIN (a.u.) =      -1521.3883832348)

 SF State       Relative EMIN(au)   Rel lowest level(eV)    D:o, cm**(-1)      L_eff

     1             0.0000000000        0.0000000000              0.0000         3.0
     2             0.0005690764        0.0154853578            124.8978         3.0
     3             0.0005690764        0.0154853578            124.8978         3.0
     4             0.0005690764        0.0154853578            124.8978         3.0
     5             0.0010243803        0.0278748081            224.8255         3.0
     6             0.0010243803        0.0278748081            224.8255         3.0
     7             0.0010243803        0.0278748081            224.8255         3.0

   Spin-free eigenstates in basis of input states:
   -----------------------------------------------

     Eigenstate No.    1 energy=  -1521.3883832348
           1.0000000      0.0000000      0.0000000      0.0000000      0.0000000
           0.0000000      0.0000000
     Eigenstate No.    2 energy=  -1521.3878141584
           0.0000000      1.0000000      0.0000000      0.0000000      0.0000000
           0.0000000      0.0000000
     Eigenstate No.    3 energy=  -1521.3878141584
           0.0000000      0.0000000      1.0000000      0.0000000      0.0000000
           0.0000000      0.0000000
     Eigenstate No.    4 energy=  -1521.3878141584
           0.0000000      0.0000000      0.0000000      1.0000000      0.0000000
           0.0000000      0.0000000
     Eigenstate No.    5 energy=  -1521.3873588545
           0.0000000      0.0000000      0.0000000      0.0000000      1.0000000
           0.0000000      0.0000000
     Eigenstate No.    6 energy=  -1521.3873588545
           0.0000000      0.0000000      0.0000000      0.0000000      0.0000000
           1.0000000      0.0000000
     Eigenstate No.    7 energy=  -1521.3873588545
           0.0000000      0.0000000      0.0000000      0.0000000      0.0000000
           0.0000000      1.0000000
     Eigenstate No.    1 energy=  -1521.3883832348
 1 1.000000                                                                                          

     Eigenstate No.    2 energy=  -1521.3878141584
 2 1.000000                                                                                          

     Eigenstate No.    3 energy=  -1521.3878141584
 3 1.000000                                                                                          

     Eigenstate No.    4 energy=  -1521.3878141584
 4 1.000000                                                                                          

     Eigenstate No.    5 energy=  -1521.3873588545
 5 1.000000                                                                                          

     Eigenstate No.    6 energy=  -1521.3873588545
 6 1.000000                                                                                          

     Eigenstate No.    7 energy=  -1521.3873588545
 7 1.000000                                                                                          


  THE INPUT RASSCF STATES REEXPRESSED IN EIGENSTATES:

 INPUT STATE NR.:    1
  OVERLAP WITH THE EIGENSTATES:
       1.0000000      -0.0000000      -0.0000000       0.0000000      -0.0000000
       0.0000000       0.0000000

 INPUT STATE NR.:    2
  OVERLAP WITH THE EIGENSTATES:
      -0.0000000       1.0000000      -0.0000000      -0.0000000       0.0000000
      -0.0000000       0.0000000

 INPUT STATE NR.:    3
  OVERLAP WITH THE EIGENSTATES:
      -0.0000000      -0.0000000       1.0000000      -0.0000000      -0.0000000
       0.0000000       0.0000000

 INPUT STATE NR.:    4
  OVERLAP WITH THE EIGENSTATES:
       0.0000000      -0.0000000      -0.0000000       1.0000000       0.0000000
      -0.0000000       0.0000000

 INPUT STATE NR.:    5
  OVERLAP WITH THE EIGENSTATES:
      -0.0000000       0.0000000      -0.0000000       0.0000000       1.0000000
      -0.0000000      -0.0000000

 INPUT STATE NR.:    6
  OVERLAP WITH THE EIGENSTATES:
       0.0000000      -0.0000000       0.0000000      -0.0000000      -0.0000000
       1.0000000      -0.0000000

 INPUT STATE NR.:    7
  OVERLAP WITH THE EIGENSTATES:
       0.0000000       0.0000000       0.0000000       0.0000000      -0.0000000
      -0.0000000       1.0000000


++ Dipole transition strengths (spin-free states):
   -----------------------------------------------
     for osc. strength at least  1.00000000E-05

  ( Max oscillator strength is only    3.8979609732213424E-031 )
--

++ Velocity transition strengths (spin-free states):
   -------------------------------------------------
     for osc. strength at least  1.00000000E-05

  ( Max oscillator strength is only    9.0949624537851563E-025 )
--

++ Length and velocity gauge comparison (spin-free states):
   --------------------------------------------------------

 --------------------------------------------------
 A comparison between the dipole oscillator strengths in 
 length and velocity gauge will be performed

     All dipole oscillator differences above the tolerance of   1.00000000E-01  will be printed 

 Due to basis set deficiency these oscillator may be problematic 

 The tolerance is defined as ABS(1-O_l/O_v) 
 O_l : dipole oscillator strength in length gauge
 O_p : dipole oscillator strength in velocity gauge
 --------------------------------------------------

 No problematic oscillator strengths above the tolerance   0.10000000000000001       have been found

--

 Electric-dipole - electric-octupole not included
 Electric-dipole - magnetic-quadrupole not included



      ****************************************************************************************************
      *                                                                                                  *
      *                                         Spin-orbit section                                       *
      *                                                                                                  *
      ****************************************************************************************************


 Complex SO-Hamiltonian matrix elements over
 spin components of spin-free eigenstates (SFS):
 (In cm-1. Print threshold:      0.000 cm-1)
 ----------------------------------------------------------------------

  I1  S1  MS1    I2  S2  MS2    Real part    Imag part      Absolute
     1  1.0 -1.0    1  1.0 -1.0         0.000         0.000         0.000
     2  1.0  0.0    1  1.0 -1.0        -0.000         0.000         0.000
     2  1.0  0.0    2  1.0  0.0         0.000         0.000         0.000
     3  1.0  1.0    1  1.0 -1.0         0.000         0.000         0.000
     3  1.0  1.0    2  1.0  0.0        -0.000         0.000         0.000
     3  1.0  1.0    3  1.0  1.0         0.000        -0.000         0.000
     4  1.0 -1.0    1  1.0 -1.0         0.000        58.919        58.919
     4  1.0 -1.0    2  1.0  0.0       413.172       219.947       468.068
     4  1.0 -1.0    3  1.0  1.0         0.000         0.000         0.000
     4  1.0 -1.0    4  1.0 -1.0        -0.000         0.000         0.000
     5  1.0  0.0    1  1.0 -1.0      -413.172       219.947       468.068
     5  1.0  0.0    2  1.0  0.0         0.000         0.000         0.000
     5  1.0  0.0    3  1.0  1.0       413.172       219.947       468.068
     5  1.0  0.0    4  1.0 -1.0         0.000        -0.000         0.000
     5  1.0  0.0    5  1.0  0.0        -0.000        -0.000         0.000
     6  1.0  1.0    1  1.0 -1.0         0.000         0.000         0.000
     6  1.0  1.0    2  1.0  0.0      -413.172       219.947       468.068
     6  1.0  1.0    3  1.0  1.0         0.000       -58.919        58.919
     6  1.0  1.0    4  1.0 -1.0        -0.000        -0.000         0.000
     6  1.0  1.0    5  1.0  0.0         0.000        -0.000         0.000
     6  1.0  1.0    6  1.0  1.0        -0.000        -0.000         0.000
     7  1.0 -1.0    1  1.0 -1.0         0.000        64.868        64.868
     7  1.0 -1.0    2  1.0  0.0       216.149      -414.728       467.675
     7  1.0 -1.0    3  1.0  1.0         0.000        -0.000         0.000
     7  1.0 -1.0    4  1.0 -1.0         0.000      -164.609       164.609
     7  1.0 -1.0    5  1.0  0.0        14.552        -5.289        15.484
     7  1.0 -1.0    6  1.0  1.0         0.000         0.000         0.000
     7  1.0 -1.0    7  1.0 -1.0         0.000         0.000         0.000
     8  1.0  0.0    1  1.0 -1.0      -216.149      -414.728       467.675
     8  1.0  0.0    2  1.0  0.0         0.000        -0.000         0.000
     8  1.0  0.0    3  1.0  1.0       216.149      -414.728       467.675
     8  1.0  0.0    4  1.0 -1.0       -14.552        -5.289        15.484
     8  1.0  0.0    5  1.0  0.0         0.000         0.000         0.000
     8  1.0  0.0    6  1.0  1.0        14.552        -5.289        15.484
     8  1.0  0.0    7  1.0 -1.0        -0.000         0.000         0.000
     8  1.0  0.0    8  1.0  0.0         0.000         0.000         0.000
     9  1.0  1.0    1  1.0 -1.0         0.000        -0.000         0.000
     9  1.0  1.0    2  1.0  0.0      -216.149      -414.728       467.675
     9  1.0  1.0    3  1.0  1.0         0.000       -64.868        64.868
     9  1.0  1.0    4  1.0 -1.0         0.000         0.000         0.000
     9  1.0  1.0    5  1.0  0.0       -14.552        -5.289        15.484
     9  1.0  1.0    6  1.0  1.0         0.000       164.609       164.609
     9  1.0  1.0    7  1.0 -1.0         0.000         0.000         0.000
     9  1.0  1.0    8  1.0  0.0        -0.000         0.000         0.000
     9  1.0  1.0    9  1.0  1.0         0.000        -0.000         0.000
    10  1.0 -1.0    1  1.0 -1.0         0.000      -658.762       658.762
    10  1.0 -1.0    2  1.0  0.0        58.238       -21.166        61.965
    10  1.0 -1.0    3  1.0  1.0         0.000         0.000         0.000
    10  1.0 -1.0    4  1.0 -1.0        -0.000       -16.209        16.209
    10  1.0 -1.0    5  1.0  0.0       -54.011       103.631       116.861
    10  1.0 -1.0    6  1.0  1.0        -0.000         0.000         0.000
    10  1.0 -1.0    7  1.0 -1.0         0.000        14.722        14.722
    10  1.0 -1.0    8  1.0  0.0       103.242        54.959       116.959
    10  1.0 -1.0    9  1.0  1.0         0.000         0.000         0.000
    10  1.0 -1.0   10  1.0 -1.0        -0.000         0.000         0.000
    11  1.0  0.0    1  1.0 -1.0       -58.238       -21.166        61.965
    11  1.0  0.0    2  1.0  0.0         0.000         0.000         0.000
    11  1.0  0.0    3  1.0  1.0        58.238       -21.166        61.965
    11  1.0  0.0    4  1.0 -1.0        54.011       103.631       116.861
    11  1.0  0.0    5  1.0  0.0        -0.000         0.000         0.000
    11  1.0  0.0    6  1.0  1.0       -54.011       103.631       116.861
    11  1.0  0.0    7  1.0 -1.0      -103.242        54.959       116.959
    11  1.0  0.0    8  1.0  0.0         0.000         0.000         0.000
    11  1.0  0.0    9  1.0  1.0       103.242        54.959       116.959
    11  1.0  0.0   10  1.0 -1.0         0.000         0.000         0.000
    11  1.0  0.0   11  1.0  0.0        -0.000         0.000         0.000
    12  1.0  1.0    1  1.0 -1.0         0.000         0.000         0.000
    12  1.0  1.0    2  1.0  0.0       -58.238       -21.166        61.965
    12  1.0  1.0    3  1.0  1.0         0.000       658.762       658.762
    12  1.0  1.0    4  1.0 -1.0        -0.000         0.000         0.000
    12  1.0  1.0    5  1.0  0.0        54.011       103.631       116.861
    12  1.0  1.0    6  1.0  1.0        -0.000        16.209        16.209
    12  1.0  1.0    7  1.0 -1.0         0.000         0.000         0.000
    12  1.0  1.0    8  1.0  0.0      -103.242        54.959       116.959
    12  1.0  1.0    9  1.0  1.0         0.000       -14.722        14.722
    12  1.0  1.0   10  1.0 -1.0        -0.000         0.000         0.000
    12  1.0  1.0   11  1.0  0.0         0.000         0.000         0.000
    12  1.0  1.0   12  1.0  1.0        -0.000        -0.000         0.000
    13  1.0 -1.0    1  1.0 -1.0        -0.000         0.000         0.000
    13  1.0 -1.0    2  1.0  0.0        -0.000        -0.000         0.000
    13  1.0 -1.0    3  1.0  1.0        -0.000        -0.000         0.000
    13  1.0 -1.0    4  1.0 -1.0         0.000      -119.296       119.296
    13  1.0 -1.0    5  1.0  0.0       196.667       389.886       436.680
    13  1.0 -1.0    6  1.0  1.0         0.000         0.000         0.000
    13  1.0 -1.0    7  1.0 -1.0        -0.000      -102.568       102.568
    13  1.0 -1.0    8  1.0  0.0      -399.786       205.258       449.399
    13  1.0 -1.0    9  1.0  1.0        -0.000         0.000         0.000
    13  1.0 -1.0   10  1.0 -1.0         0.000       -20.770        20.770
    13  1.0 -1.0   11  1.0  0.0        88.535        29.674        93.375
    13  1.0 -1.0   12  1.0  1.0         0.000         0.000         0.000
    13  1.0 -1.0   13  1.0 -1.0        -0.000        -0.000         0.000
    14  1.0  0.0    1  1.0 -1.0         0.000        -0.000         0.000
    14  1.0  0.0    2  1.0  0.0        -0.000        -0.000         0.000
    14  1.0  0.0    3  1.0  1.0        -0.000        -0.000         0.000
    14  1.0  0.0    4  1.0 -1.0      -196.667       389.886       436.680
    14  1.0  0.0    5  1.0  0.0         0.000         0.000         0.000
    14  1.0  0.0    6  1.0  1.0       196.667       389.886       436.680
    14  1.0  0.0    7  1.0 -1.0       399.786       205.258       449.399
    14  1.0  0.0    8  1.0  0.0        -0.000         0.000         0.000
    14  1.0  0.0    9  1.0  1.0      -399.786       205.258       449.399
    14  1.0  0.0   10  1.0 -1.0       -88.535        29.674        93.375
    14  1.0  0.0   11  1.0  0.0         0.000         0.000         0.000
    14  1.0  0.0   12  1.0  1.0        88.535        29.674        93.375
    14  1.0  0.0   13  1.0 -1.0         0.000        -0.000         0.000
    14  1.0  0.0   14  1.0  0.0        -0.000         0.000         0.000
    15  1.0  1.0    1  1.0 -1.0        -0.000        -0.000         0.000
    15  1.0  1.0    2  1.0  0.0         0.000        -0.000         0.000
    15  1.0  1.0    3  1.0  1.0        -0.000        -0.000         0.000
    15  1.0  1.0    4  1.0 -1.0         0.000         0.000         0.000
    15  1.0  1.0    5  1.0  0.0      -196.667       389.886       436.680
    15  1.0  1.0    6  1.0  1.0         0.000       119.296       119.296
    15  1.0  1.0    7  1.0 -1.0        -0.000         0.000         0.000
    15  1.0  1.0    8  1.0  0.0       399.786       205.258       449.399
    15  1.0  1.0    9  1.0  1.0        -0.000       102.568       102.568
    15  1.0  1.0   10  1.0 -1.0         0.000         0.000         0.000
    15  1.0  1.0   11  1.0  0.0       -88.535        29.674        93.375
    15  1.0  1.0   12  1.0  1.0         0.000        20.770        20.770
    15  1.0  1.0   13  1.0 -1.0        -0.000         0.000         0.000
    15  1.0  1.0   14  1.0  0.0         0.000        -0.000         0.000
    15  1.0  1.0   15  1.0  1.0        -0.000         0.000         0.000
    16  1.0 -1.0    1  1.0 -1.0        -0.000        -0.000         0.000
    16  1.0 -1.0    2  1.0  0.0        -0.000        -0.000         0.000
    16  1.0 -1.0    3  1.0  1.0        -0.000         0.000         0.000
    16  1.0 -1.0    4  1.0 -1.0         0.000      -107.999       107.999
    16  1.0 -1.0    5  1.0  0.0        40.361        14.325        42.828
    16  1.0 -1.0    6  1.0  1.0         0.000         0.000         0.000
    16  1.0 -1.0    7  1.0 -1.0        -0.000       626.507       626.507
    16  1.0 -1.0    8  1.0  0.0       -38.720       -14.451        41.329
    16  1.0 -1.0    9  1.0  1.0        -0.000        -0.000         0.000
    16  1.0 -1.0   10  1.0 -1.0        -0.000        52.033        52.033
    16  1.0 -1.0   11  1.0  0.0      -142.633       432.010       454.946
    16  1.0 -1.0   12  1.0  1.0        -0.000         0.000         0.000
    16  1.0 -1.0   13  1.0 -1.0         0.000       104.212       104.212
    16  1.0 -1.0   14  1.0  0.0       117.043       324.075       344.563
    16  1.0 -1.0   15  1.0  1.0         0.000         0.000         0.000
    16  1.0 -1.0   16  1.0 -1.0         0.000        -0.000         0.000
    17  1.0  0.0    1  1.0 -1.0         0.000        -0.000         0.000
    17  1.0  0.0    2  1.0  0.0        -0.000         0.000         0.000
    17  1.0  0.0    3  1.0  1.0        -0.000        -0.000         0.000
    17  1.0  0.0    4  1.0 -1.0       -40.361        14.325        42.828
    17  1.0  0.0    5  1.0  0.0         0.000         0.000         0.000
    17  1.0  0.0    6  1.0  1.0        40.361        14.325        42.828
    17  1.0  0.0    7  1.0 -1.0        38.720       -14.451        41.329
    17  1.0  0.0    8  1.0  0.0        -0.000        -0.000         0.000
    17  1.0  0.0    9  1.0  1.0       -38.720       -14.451        41.329
    17  1.0  0.0   10  1.0 -1.0       142.633       432.010       454.946
    17  1.0  0.0   11  1.0  0.0        -0.000         0.000         0.000
    17  1.0  0.0   12  1.0  1.0      -142.633       432.010       454.946
    17  1.0  0.0   13  1.0 -1.0      -117.043       324.075       344.563
    17  1.0  0.0   14  1.0  0.0         0.000         0.000         0.000
    17  1.0  0.0   15  1.0  1.0       117.043       324.075       344.563
    17  1.0  0.0   16  1.0 -1.0        -0.000        -0.000         0.000
    17  1.0  0.0   17  1.0  0.0         0.000         0.000         0.000
    18  1.0  1.0    1  1.0 -1.0        -0.000         0.000         0.000
    18  1.0  1.0    2  1.0  0.0         0.000        -0.000         0.000
    18  1.0  1.0    3  1.0  1.0        -0.000         0.000         0.000
    18  1.0  1.0    4  1.0 -1.0         0.000         0.000         0.000
    18  1.0  1.0    5  1.0  0.0       -40.361        14.325        42.828
    18  1.0  1.0    6  1.0  1.0         0.000       107.999       107.999
    18  1.0  1.0    7  1.0 -1.0        -0.000        -0.000         0.000
    18  1.0  1.0    8  1.0  0.0        38.720       -14.451        41.329
    18  1.0  1.0    9  1.0  1.0        -0.000      -626.507       626.507
    18  1.0  1.0   10  1.0 -1.0        -0.000         0.000         0.000
    18  1.0  1.0   11  1.0  0.0       142.633       432.010       454.946
    18  1.0  1.0   12  1.0  1.0        -0.000       -52.033        52.033
    18  1.0  1.0   13  1.0 -1.0         0.000         0.000         0.000
    18  1.0  1.0   14  1.0  0.0      -117.043       324.075       344.563
    18  1.0  1.0   15  1.0  1.0         0.000      -104.212       104.212
    18  1.0  1.0   16  1.0 -1.0         0.000         0.000         0.000
    18  1.0  1.0   17  1.0  0.0        -0.000        -0.000         0.000
    18  1.0  1.0   18  1.0  1.0         0.000         0.000         0.000
    19  1.0 -1.0    1  1.0 -1.0        -0.000        -0.000         0.000
    19  1.0 -1.0    2  1.0  0.0        -0.000        -0.000         0.000
    19  1.0 -1.0    3  1.0  1.0        -0.000         0.000         0.000
    19  1.0 -1.0    4  1.0 -1.0        -0.000      -620.331       620.331
    19  1.0 -1.0    5  1.0  0.0       -81.631       -97.054       126.819
    19  1.0 -1.0    6  1.0  1.0        -0.000         0.000         0.000
    19  1.0 -1.0    7  1.0 -1.0         0.000       -83.574        83.574
    19  1.0 -1.0    8  1.0  0.0        43.127       -58.515        72.691
    19  1.0 -1.0    9  1.0  1.0         0.000         0.000         0.000
    19  1.0 -1.0   10  1.0 -1.0         0.000       -63.711        63.711
    19  1.0 -1.0   11  1.0  0.0       419.068       138.011       441.209
    19  1.0 -1.0   12  1.0  1.0         0.000         0.000         0.000
    19  1.0 -1.0   13  1.0 -1.0        -0.000        65.157        65.157
    19  1.0 -1.0   14  1.0  0.0      -331.774       109.347       349.329
    19  1.0 -1.0   15  1.0  1.0        -0.000         0.000         0.000
    19  1.0 -1.0   16  1.0 -1.0        -0.000      -482.910       482.910
    19  1.0 -1.0   17  1.0  0.0       -19.507        84.690        86.907
    19  1.0 -1.0   18  1.0  1.0        -0.000         0.000         0.000
    19  1.0 -1.0   19  1.0 -1.0         0.000         0.000         0.000
    20  1.0  0.0    1  1.0 -1.0         0.000        -0.000         0.000
    20  1.0  0.0    2  1.0  0.0        -0.000         0.000         0.000
    20  1.0  0.0    3  1.0  1.0        -0.000        -0.000         0.000
    20  1.0  0.0    4  1.0 -1.0        81.631       -97.054       126.819
    20  1.0  0.0    5  1.0  0.0        -0.000         0.000         0.000
    20  1.0  0.0    6  1.0  1.0       -81.631       -97.054       126.819
    20  1.0  0.0    7  1.0 -1.0       -43.127       -58.515        72.691
    20  1.0  0.0    8  1.0  0.0         0.000         0.000         0.000
    20  1.0  0.0    9  1.0  1.0        43.127       -58.515        72.691
    20  1.0  0.0   10  1.0 -1.0      -419.068       138.011       441.209
    20  1.0  0.0   11  1.0  0.0         0.000         0.000         0.000
    20  1.0  0.0   12  1.0  1.0       419.068       138.011       441.209
    20  1.0  0.0   13  1.0 -1.0       331.774       109.347       349.329
    20  1.0  0.0   14  1.0  0.0        -0.000         0.000         0.000
    20  1.0  0.0   15  1.0  1.0      -331.774       109.347       349.329
    20  1.0  0.0   16  1.0 -1.0        19.507        84.690        86.907
    20  1.0  0.0   17  1.0  0.0        -0.000         0.000         0.000
    20  1.0  0.0   18  1.0  1.0       -19.507        84.690        86.907
    20  1.0  0.0   19  1.0 -1.0        -0.000        -0.000         0.000
    20  1.0  0.0   20  1.0  0.0         0.000        -0.000         0.000
    21  1.0  1.0    1  1.0 -1.0        -0.000         0.000         0.000
    21  1.0  1.0    2  1.0  0.0         0.000        -0.000         0.000
    21  1.0  1.0    3  1.0  1.0        -0.000         0.000         0.000
    21  1.0  1.0    4  1.0 -1.0        -0.000         0.000         0.000
    21  1.0  1.0    5  1.0  0.0        81.631       -97.054       126.819
    21  1.0  1.0    6  1.0  1.0        -0.000       620.331       620.331
    21  1.0  1.0    7  1.0 -1.0         0.000         0.000         0.000
    21  1.0  1.0    8  1.0  0.0       -43.127       -58.515        72.691
    21  1.0  1.0    9  1.0  1.0         0.000        83.574        83.574
    21  1.0  1.0   10  1.0 -1.0         0.000         0.000         0.000
    21  1.0  1.0   11  1.0  0.0      -419.068       138.011       441.209
    21  1.0  1.0   12  1.0  1.0         0.000        63.711        63.711
    21  1.0  1.0   13  1.0 -1.0        -0.000         0.000         0.000
    21  1.0  1.0   14  1.0  0.0       331.774       109.347       349.329
    21  1.0  1.0   15  1.0  1.0        -0.000       -65.157        65.157
    21  1.0  1.0   16  1.0 -1.0        -0.000         0.000         0.000
    21  1.0  1.0   17  1.0  0.0        19.507        84.690        86.907
    21  1.0  1.0   18  1.0  1.0        -0.000       482.910       482.910
    21  1.0  1.0   19  1.0 -1.0         0.000        -0.000         0.000
    21  1.0  1.0   20  1.0  0.0        -0.000        -0.000         0.000
    21  1.0  1.0   21  1.0  1.0         0.000        -0.000         0.000
 ----------------------------------------------------------------------


 Complex Hamiltonian matrix including SO-coupling
 over spin components of spin-free eigenstates (SFS):
 -----------------------------------------------------------------------------

 SO-STATE              1                                    2
    1  (  0.00000000000,  0.00000000000)
    2  ( -0.00000000000,  0.00000000000)   (  0.00000000000,  0.00000000000)
    3  (  0.00000000000,  0.00000000000)   ( -0.00000000000,  0.00000000000)
    4  (  0.00000000000,  0.00026845511)   (  0.00188255206,  0.00100215030)
    5  ( -0.00188255206,  0.00100215030)   (  0.00000000000,  0.00000000000)
    6  (  0.00000000000,  0.00000000000)   ( -0.00188255206,  0.00100215030)
    7  (  0.00000000000,  0.00029556117)   (  0.00098484916, -0.00188963899)
    8  ( -0.00098484916, -0.00188963899)   (  0.00000000000, -0.00000000000)
    9  (  0.00000000000, -0.00000000000)   ( -0.00098484916, -0.00188963899)
   10  (  0.00000000000, -0.00300154270)   (  0.00026535151, -0.00009644092)
   11  ( -0.00026535151, -0.00009644092)   (  0.00000000000,  0.00000000000)
   12  (  0.00000000000,  0.00000000000)   ( -0.00026535151, -0.00009644092)
   13  ( -0.00000000000,  0.00000000000)   ( -0.00000000000, -0.00000000000)
   14  (  0.00000000000, -0.00000000000)   ( -0.00000000000, -0.00000000000)
   15  ( -0.00000000000, -0.00000000000)   (  0.00000000000, -0.00000000000)
   16  ( -0.00000000000, -0.00000000000)   ( -0.00000000000, -0.00000000000)
   17  (  0.00000000000, -0.00000000000)   ( -0.00000000000,  0.00000000000)
   18  ( -0.00000000000,  0.00000000000)   (  0.00000000000, -0.00000000000)
   19  ( -0.00000000000, -0.00000000000)   ( -0.00000000000, -0.00000000000)
   20  (  0.00000000000, -0.00000000000)   ( -0.00000000000,  0.00000000000)
   21  ( -0.00000000000,  0.00000000000)   (  0.00000000000, -0.00000000000)

 SO-STATE              3                                    4
    3  (  0.00000000000, -0.00000000000)
    4  (  0.00000000000,  0.00000000000)   (  0.00056907640,  0.00000000000)
    5  (  0.00188255206,  0.00100215030)   (  0.00000000000, -0.00000000000)
    6  (  0.00000000000, -0.00026845511)   ( -0.00000000000, -0.00000000000)
    7  (  0.00000000000, -0.00000000000)   (  0.00000000000, -0.00075001359)
    8  (  0.00098484916, -0.00188963899)   ( -0.00006630498, -0.00002409828)
    9  (  0.00000000000, -0.00029556117)   (  0.00000000000,  0.00000000000)
   10  (  0.00000000000,  0.00000000000)   ( -0.00000000000, -0.00007385365)
   11  (  0.00026535151, -0.00009644092)   (  0.00024609020,  0.00047217549)
   12  (  0.00000000000,  0.00300154270)   ( -0.00000000000,  0.00000000000)
   13  ( -0.00000000000, -0.00000000000)   (  0.00000000000, -0.00054355340)
   14  ( -0.00000000000, -0.00000000000)   ( -0.00089608156,  0.00177645282)
   15  ( -0.00000000000, -0.00000000000)   (  0.00000000000,  0.00000000000)
   16  ( -0.00000000000,  0.00000000000)   (  0.00000000000, -0.00049207825)
   17  ( -0.00000000000, -0.00000000000)   ( -0.00018389774,  0.00006527166)
   18  ( -0.00000000000,  0.00000000000)   (  0.00000000000,  0.00000000000)
   19  ( -0.00000000000,  0.00000000000)   ( -0.00000000000, -0.00282643534)
   20  ( -0.00000000000, -0.00000000000)   (  0.00037193759, -0.00044221138)
   21  ( -0.00000000000,  0.00000000000)   ( -0.00000000000,  0.00000000000)

 SO-STATE              5                                    6
    5  (  0.00056907640, -0.00000000000)
    6  (  0.00000000000, -0.00000000000)   (  0.00056907640, -0.00000000000)
    7  (  0.00006630498, -0.00002409828)   (  0.00000000000,  0.00000000000)
    8  (  0.00000000000,  0.00000000000)   (  0.00006630498, -0.00002409828)
    9  ( -0.00006630498, -0.00002409828)   (  0.00000000000,  0.00075001359)
   10  ( -0.00024609020,  0.00047217549)   ( -0.00000000000,  0.00000000000)
   11  ( -0.00000000000,  0.00000000000)   ( -0.00024609020,  0.00047217549)
   12  (  0.00024609020,  0.00047217549)   ( -0.00000000000,  0.00007385365)
   13  (  0.00089608156,  0.00177645282)   (  0.00000000000,  0.00000000000)
   14  (  0.00000000000,  0.00000000000)   (  0.00089608156,  0.00177645282)
   15  ( -0.00089608156,  0.00177645282)   (  0.00000000000,  0.00054355340)
   16  (  0.00018389774,  0.00006527166)   (  0.00000000000,  0.00000000000)
   17  (  0.00000000000,  0.00000000000)   (  0.00018389774,  0.00006527166)
   18  ( -0.00018389774,  0.00006527166)   (  0.00000000000,  0.00049207825)
   19  ( -0.00037193759, -0.00044221138)   ( -0.00000000000,  0.00000000000)
   20  ( -0.00000000000,  0.00000000000)   ( -0.00037193759, -0.00044221138)
   21  (  0.00037193759, -0.00044221138)   ( -0.00000000000,  0.00282643534)

 SO-STATE              7                                    8
    7  (  0.00056907640,  0.00000000000)
    8  ( -0.00000000000,  0.00000000000)   (  0.00056907640,  0.00000000000)
    9  (  0.00000000000,  0.00000000000)   ( -0.00000000000,  0.00000000000)
   10  (  0.00000000000,  0.00006708050)   (  0.00047040464,  0.00025041334)
   11  ( -0.00047040464,  0.00025041334)   (  0.00000000000,  0.00000000000)
   12  (  0.00000000000,  0.00000000000)   ( -0.00047040464,  0.00025041334)
   13  ( -0.00000000000, -0.00046733232)   ( -0.00182155969,  0.00093522285)
   14  (  0.00182155969,  0.00093522285)   ( -0.00000000000,  0.00000000000)
   15  ( -0.00000000000,  0.00000000000)   (  0.00182155969,  0.00093522285)
   16  ( -0.00000000000,  0.00285457463)   ( -0.00017642298, -0.00006584348)
   17  (  0.00017642298, -0.00006584348)   ( -0.00000000000, -0.00000000000)
   18  ( -0.00000000000, -0.00000000000)   (  0.00017642298, -0.00006584348)
   19  (  0.00000000000, -0.00038079181)   (  0.00019650268, -0.00026661530)
   20  ( -0.00019650268, -0.00026661530)   (  0.00000000000,  0.00000000000)
   21  (  0.00000000000,  0.00000000000)   ( -0.00019650268, -0.00026661530)

 SO-STATE              9                                   10
    9  (  0.00056907640, -0.00000000000)
   10  (  0.00000000000,  0.00000000000)   (  0.00056907640,  0.00000000000)
   11  (  0.00047040464,  0.00025041334)   (  0.00000000000,  0.00000000000)
   12  (  0.00000000000, -0.00006708050)   ( -0.00000000000,  0.00000000000)
   13  ( -0.00000000000,  0.00000000000)   (  0.00000000000, -0.00009463299)
   14  ( -0.00182155969,  0.00093522285)   ( -0.00040339449,  0.00013520373)
   15  ( -0.00000000000,  0.00046733232)   (  0.00000000000,  0.00000000000)
   16  ( -0.00000000000, -0.00000000000)   ( -0.00000000000,  0.00023707826)
   17  ( -0.00017642298, -0.00006584348)   (  0.00064988150,  0.00196838034)
   18  ( -0.00000000000, -0.00285457463)   ( -0.00000000000,  0.00000000000)
   19  (  0.00000000000,  0.00000000000)   (  0.00000000000, -0.00029029015)
   20  (  0.00019650268, -0.00026661530)   ( -0.00190941582,  0.00062882433)
   21  (  0.00000000000,  0.00038079181)   (  0.00000000000,  0.00000000000)

 SO-STATE             11                                   12
   11  (  0.00056907640,  0.00000000000)
   12  (  0.00000000000,  0.00000000000)   (  0.00056907640, -0.00000000000)
   13  (  0.00040339449,  0.00013520373)   (  0.00000000000,  0.00000000000)
   14  (  0.00000000000,  0.00000000000)   (  0.00040339449,  0.00013520373)
   15  ( -0.00040339449,  0.00013520373)   (  0.00000000000,  0.00009463299)
   16  ( -0.00064988150,  0.00196838034)   ( -0.00000000000,  0.00000000000)
   17  ( -0.00000000000,  0.00000000000)   ( -0.00064988150,  0.00196838034)
   18  (  0.00064988150,  0.00196838034)   ( -0.00000000000, -0.00023707826)
   19  (  0.00190941582,  0.00062882433)   (  0.00000000000,  0.00000000000)
   20  (  0.00000000000,  0.00000000000)   (  0.00190941582,  0.00062882433)
   21  ( -0.00190941582,  0.00062882433)   (  0.00000000000,  0.00029029015)

 SO-STATE             13                                   14
   13  (  0.00102438030, -0.00000000000)
   14  (  0.00000000000, -0.00000000000)   (  0.00102438030,  0.00000000000)
   15  ( -0.00000000000,  0.00000000000)   (  0.00000000000, -0.00000000000)
   16  (  0.00000000000,  0.00047482662)   (  0.00053328547,  0.00147659432)
   17  ( -0.00053328547,  0.00147659432)   (  0.00000000000,  0.00000000000)
   18  (  0.00000000000,  0.00000000000)   ( -0.00053328547,  0.00147659432)
   19  ( -0.00000000000,  0.00029687797)   ( -0.00151167494,  0.00049822181)
   20  (  0.00151167494,  0.00049822181)   ( -0.00000000000,  0.00000000000)
   21  ( -0.00000000000,  0.00000000000)   (  0.00151167494,  0.00049822181)

 SO-STATE             15                                   16
   15  (  0.00102438030,  0.00000000000)
   16  (  0.00000000000,  0.00000000000)   (  0.00102438030, -0.00000000000)
   17  (  0.00053328547,  0.00147659432)   ( -0.00000000000, -0.00000000000)
   18  (  0.00000000000, -0.00047482662)   (  0.00000000000,  0.00000000000)
   19  ( -0.00000000000,  0.00000000000)   ( -0.00000000000, -0.00220029813)
   20  ( -0.00151167494,  0.00049822181)   (  0.00008888107,  0.00038587379)
   21  ( -0.00000000000, -0.00029687797)   ( -0.00000000000,  0.00000000000)

 SO-STATE             17                                   18
   17  (  0.00102438030,  0.00000000000)
   18  ( -0.00000000000, -0.00000000000)   (  0.00102438030,  0.00000000000)
   19  ( -0.00008888107,  0.00038587379)   ( -0.00000000000,  0.00000000000)
   20  ( -0.00000000000,  0.00000000000)   ( -0.00008888107,  0.00038587379)
   21  (  0.00008888107,  0.00038587379)   ( -0.00000000000,  0.00220029813)

 SO-STATE             19                                   20
   19  (  0.00102438030,  0.00000000000)
   20  ( -0.00000000000, -0.00000000000)   (  0.00102438030, -0.00000000000)
   21  (  0.00000000000, -0.00000000000)   ( -0.00000000000, -0.00000000000)

 SO-STATE             21
   21  (  0.00102438030, -0.00000000000)
 -----------------------------------------------------------------------------

       Total energies including SO-coupling:
::    SO-RASSI State    1     Total energy:   -1521.39257730289160
::    SO-RASSI State    2     Total energy:   -1521.39257730289160
::    SO-RASSI State    3     Total energy:   -1521.39257730289160
::    SO-RASSI State    4     Total energy:   -1521.39219740266185
::    SO-RASSI State    5     Total energy:   -1521.39219740266162
::    SO-RASSI State    6     Total energy:   -1521.39207896273274
::    SO-RASSI State    7     Total energy:   -1521.39207896273274
::    SO-RASSI State    8     Total energy:   -1521.39207896273274
::    SO-RASSI State    9     Total energy:   -1521.39189973931730
::    SO-RASSI State   10     Total energy:   -1521.38630091748178
::    SO-RASSI State   11     Total energy:   -1521.38621615670377
::    SO-RASSI State   12     Total energy:   -1521.38621615670399
::    SO-RASSI State   13     Total energy:   -1521.38621615670399
::    SO-RASSI State   14     Total energy:   -1521.38612111307089
::    SO-RASSI State   15     Total energy:   -1521.38612111307089
::    SO-RASSI State   16     Total energy:   -1521.38612111307089
::    SO-RASSI State   17     Total energy:   -1521.38173572528990
::    SO-RASSI State   18     Total energy:   -1521.38173572528967
::    SO-RASSI State   19     Total energy:   -1521.38173572528967
::    SO-RASSI State   20     Total energy:   -1521.38146178834018
::    SO-RASSI State   21     Total energy:   -1521.38146178834018


   Eigenvalues of complex Hamiltonian:
   -----------------------------------
  (Shifted by EMIN (a.u.) =      -1521.3883832348)

 SO State       Relative EMIN(au)   Rel lowest level(eV)    D:o, cm**(-1)     J-value

     1            -0.0041940681        0.0000000000              0.0000         3.0
     2            -0.0041940681        0.0000000000              0.0000         3.0
     3            -0.0041940681        0.0000000000              0.0000         3.5
     4            -0.0038141678        0.0103376119             83.3785         2.8
     5            -0.0038141678        0.0103376119             83.3785         3.5
     6            -0.0036957279        0.0135605265            109.3730         3.8
     7            -0.0036957279        0.0135605265            109.3730         1.6
     8            -0.0036957279        0.0135605265            109.3730         3.8
     9            -0.0035165045        0.0184374441            148.7080         3.2
    10             0.0020823173        0.1707891476           1377.5074         2.4
    11             0.0021670781        0.1730956059           1396.1102         2.4
    12             0.0021670781        0.1730956059           1396.1102         2.4
    13             0.0021670781        0.1730956059           1396.1102         2.4
    14             0.0022621217        0.1756818749           1416.9699         2.0
    15             0.0022621217        0.1756818749           1416.9699         2.0
    16             0.0022621217        0.1756818749           1416.9699         3.0
    17             0.0066475095        0.2950143556           2379.4512         1.0
    18             0.0066475095        0.2950143556           2379.4512         1.8
    19             0.0066475095        0.2950143556           2379.4512         1.8
    20             0.0069214465        0.3024685598           2439.5735         1.3
    21             0.0069214465        0.3024685598           2439.5735         1.8

  Complex eigenvectors in basis of non-so eigenstates:
 -----------------------------------------------------


     Energy (au)      -0.00419407       -0.00419407       -0.00419407       -0.00381417
  SFS  S     Ms           1                 2                 3                 4
   1  1.0  -1.0   ( 0.3952,-0.0783) ( 0.4238,-0.2721) ( 0.1255,-0.2075) ( 0.0000, 0.0000)
   1  1.0   0.0   ( 0.0696,-0.1612) ( 0.0199,-0.1689) ( 0.2372, 0.5990) ( 0.0000, 0.0000)
   1  1.0   1.0   ( 0.3462,-0.4022) (-0.1489, 0.4124) ( 0.0064,-0.0298) ( 0.0000,-0.0000)
   2  1.0  -1.0   (-0.0717, 0.0292) (-0.0640, 0.0421) ( 0.0224,-0.3200) (-0.2990, 0.2477)
   2  1.0   0.0   (-0.0890,-0.0305) ( 0.2787,-0.3577) (-0.0031,-0.1068) (-0.0011, 0.0094)
   2  1.0   1.0   ( 0.0177,-0.0641) (-0.0554,-0.0864) ( 0.2413, 0.2039) (-0.3370,-0.1609)
   3  1.0  -1.0   ( 0.0487, 0.0397) ( 0.0501, 0.0180) (-0.3263,-0.0409) (-0.2022,-0.3625)
   3  1.0   0.0   ( 0.2187, 0.3934) ( 0.0684,-0.0354) ( 0.1294, 0.0170) (-0.0012, 0.0103)
   3  1.0   1.0   ( 0.1125, 0.0172) ( 0.0496,-0.0395) (-0.2034, 0.2379) (-0.1306, 0.4079)
   4  1.0  -1.0   ( 0.0531, 0.2826) ( 0.1893, 0.3016) ( 0.1148, 0.0550) (-0.0467,-0.0135)
   4  1.0   0.0   ( 0.0136, 0.0360) ( 0.0317,-0.0355) ( 0.0125,-0.0079) ( 0.0123,-0.1048)
   4  1.0   1.0   (-0.2683,-0.2459) ( 0.2880, 0.0924) (-0.0193, 0.0372) (-0.0430, 0.0258)
   5  1.0  -1.0   ( 0.0975, 0.0895) (-0.1163,-0.0382) ( 0.0329,-0.0156) ( 0.0059,-0.0292)
   5  1.0   0.0   ( 0.0216, 0.0307) (-0.0125, 0.0199) ( 0.0097, 0.0080) ( 0.0508, 0.4511)
   5  1.0   1.0   (-0.0273,-0.1087) (-0.0791,-0.1140) (-0.0244,-0.0375) ( 0.0174, 0.0277)
   6  1.0  -1.0   ( 0.0364,-0.0127) (-0.0010,-0.0346) ( 0.0082, 0.1225) (-0.1911, 0.0491)
   6  1.0   0.0   (-0.0197, 0.0144) ( 0.1117,-0.1399) ( 0.0074,-0.0399) ( 0.0069, 0.0609)
   6  1.0   1.0   (-0.0058, 0.0192) (-0.0032, 0.0166) (-0.0858,-0.0985) (-0.2059,-0.0244)
   7  1.0  -1.0   (-0.0468,-0.0422) (-0.0051,-0.0058) ( 0.1190,-0.0040) (-0.0921,-0.1045)
   7  1.0   0.0   ( 0.0878, 0.1513) ( 0.0117, 0.0049) ( 0.0494, 0.0119) (-0.0110,-0.0973)
   7  1.0   1.0   (-0.0284, 0.0204) (-0.0156, 0.0313) ( 0.1023,-0.0729) (-0.0480, 0.1132)

     Energy (au)      -0.00381417       -0.00369573       -0.00369573       -0.00369573
  SFS  S     Ms           5                 6                 7                 8
   1  1.0  -1.0   (-0.0000,-0.0000) ( 0.0000, 0.0000) (-0.0000,-0.0000) (-0.0000,-0.0000)
   1  1.0   0.0   (-0.0000,-0.0000) (-0.0000, 0.0000) ( 0.0000,-0.0000) ( 0.0000, 0.0000)
   1  1.0   1.0   ( 0.0000,-0.0000) ( 0.0000, 0.0000) (-0.0000,-0.0000) ( 0.0000,-0.0000)
   2  1.0  -1.0   (-0.1225, 0.2307) (-0.0146, 0.0119) ( 0.1683,-0.2691) ( 0.0272,-0.0421)
   2  1.0   0.0   (-0.0566,-0.0134) ( 0.2286, 0.1924) ( 0.0264,-0.0140) (-0.3198, 0.1072)
   2  1.0   1.0   ( 0.0277, 0.2806) ( 0.0125, 0.0457) (-0.3171, 0.0158) (-0.0153,-0.0177)
   3  1.0  -1.0   ( 0.1168, 0.1808) (-0.0109,-0.0183) ( 0.2713, 0.1707) ( 0.0093,-0.0227)
   3  1.0   0.0   (-0.0623,-0.0148) ( 0.2089,-0.2645) ( 0.0257,-0.0148) (-0.0962,-0.2826)
   3  1.0   1.0   (-0.1663, 0.0867) (-0.0025, 0.0228) ( 0.0165, 0.3202) (-0.0175, 0.0118)
   4  1.0  -1.0   ( 0.0005, 0.0384) (-0.0258, 0.0147) ( 0.0204,-0.0280) (-0.0687, 0.4438)
   4  1.0   0.0   ( 0.6325, 0.1503) ( 0.0410,-0.0088) ( 0.0049,-0.0027) (-0.0381,-0.0182)
   4  1.0   1.0   (-0.0139, 0.0336) ( 0.0905,-0.4403) (-0.0331, 0.0028) ( 0.0148, 0.0208)
   5  1.0  -1.0   (-0.0772,-0.0020) ( 0.1033,-0.5197) ( 0.0209, 0.0552) ( 0.0171, 0.0295)
   5  1.0   0.0   ( 0.0737, 0.0003) (-0.0028, 0.0962) (-0.0007, 0.0006) (-0.0400, 0.0839)
   5  1.0   1.0   ( 0.0699, 0.0299) (-0.0294, 0.0120) ( 0.0401, 0.0446) (-0.0838, 0.5233)
   6  1.0  -1.0   ( 0.1573,-0.2168) (-0.0084,-0.0570) ( 0.2492,-0.2889) ( 0.0278, 0.0045)
   6  1.0   0.0   ( 0.0099, 0.0000) (-0.3111,-0.1726) (-0.0363, 0.0195) ( 0.3955,-0.0688)
   6  1.0   1.0   (-0.0326,-0.2581) ( 0.0215, 0.0058) (-0.3735, 0.0766) (-0.0305, 0.0539)
   7  1.0  -1.0   (-0.2594,-0.1449) (-0.0349, 0.0892) ( 0.2888, 0.2463) (-0.0050, 0.0194)
   7  1.0   0.0   (-0.0159,-0.0001) (-0.2073, 0.3380) (-0.0258, 0.0150) ( 0.0618, 0.3458)
   7  1.0   1.0   ( 0.3034,-0.0226) ( 0.0099,-0.0286) ( 0.0737, 0.3724) ( 0.0017,-0.0929)

     Energy (au)      -0.00351650        0.00208232        0.00216708        0.00216708
  SFS  S     Ms           9                10                11                12
   1  1.0  -1.0   ( 0.0000, 0.0000) ( 0.0000,-0.0000) (-0.0216, 0.0340) ( 0.4235,-0.0616)
   1  1.0   0.0   ( 0.0000,-0.0000) (-0.0000, 0.0000) (-0.0201,-0.5760) ( 0.0042,-0.0078)
   1  1.0   1.0   (-0.0000,-0.0000) ( 0.0000, 0.0000) (-0.0103,-0.0304) ( 0.2415,-0.3054)
   2  1.0  -1.0   (-0.0000, 0.0000) (-0.1878,-0.3607) ( 0.0627,-0.1312) ( 0.0038, 0.0122)
   2  1.0   0.0   (-0.0000,-0.0000) (-0.0290, 0.0422) ( 0.0021,-0.0181) ( 0.0030, 0.0245)
   2  1.0   1.0   (-0.0000, 0.0000) (-0.4041,-0.0456) ( 0.0717, 0.1261) (-0.0097,-0.0054)
   3  1.0  -1.0   (-0.0000, 0.0000) (-0.3587, 0.1908) (-0.1321,-0.0633) ( 0.0009, 0.0129)
   3  1.0   0.0   ( 0.0000, 0.0000) (-0.0319, 0.0465) ( 0.0021,-0.0004) (-0.1032,-0.1769)
   3  1.0   1.0   (-0.0000,-0.0000) ( 0.0490,-0.4033) (-0.1274, 0.0719) (-0.0129,-0.0085)
   4  1.0  -1.0   ( 0.0000, 0.0000) (-0.0521,-0.0135) ( 0.0049,-0.0102) (-0.0218,-0.1505)
   4  1.0   0.0   (-0.0000,-0.0000) ( 0.3238,-0.4719) ( 0.0004,-0.0017) (-0.0099,-0.0152)
   4  1.0   1.0   ( 0.0000,-0.0000) (-0.0313,-0.0438) ( 0.0049, 0.0146) ( 0.1081, 0.0859)
   5  1.0  -1.0   (-0.0322,-0.0954) ( 0.0000,-0.0000) ( 0.0629,-0.0149) (-0.2739,-0.2173)
   5  1.0   0.0   (-0.2932,-0.4765) ( 0.0000,-0.0000) ( 0.0001, 0.0074) (-0.0514,-0.0962)
   5  1.0   1.0   ( 0.0707, 0.0717) ( 0.0000, 0.0000) ( 0.0612,-0.0016) ( 0.0567, 0.3827)
   6  1.0  -1.0   (-0.2610, 0.3094) ( 0.0000, 0.0000) (-0.1088, 0.3621) (-0.0413,-0.0254)
   6  1.0   0.0   (-0.0396,-0.0643) (-0.0000, 0.0000) ( 0.0063,-0.0464) (-0.0378,-0.0153)
   6  1.0   1.0   (-0.3938, 0.0936) ( 0.0000, 0.0000) (-0.1341,-0.3553) ( 0.0085, 0.0458)
   7  1.0  -1.0   (-0.3123,-0.2487) (-0.0000, 0.0000) ( 0.3588, 0.1117) ( 0.0632, 0.0512)
   7  1.0   0.0   ( 0.0633, 0.1028) ( 0.0000,-0.0000) ( 0.0046, 0.0052) (-0.2618,-0.4555)
   7  1.0   1.0   ( 0.0813, 0.3909) (-0.0000,-0.0000) ( 0.3507,-0.1338) (-0.0063,-0.0816)

     Energy (au)       0.00216708        0.00226212        0.00226212        0.00226212
  SFS  S     Ms          13                14                15                16
   1  1.0  -1.0   (-0.3356,-0.1935) (-0.0000,-0.0000) (-0.0000, 0.0000) ( 0.0000, 0.0000)
   1  1.0   0.0   (-0.0507, 0.0007) ( 0.0000,-0.0000) ( 0.0000, 0.0000) ( 0.0000, 0.0000)
   1  1.0   1.0   ( 0.4153,-0.0986) ( 0.0000, 0.0000) ( 0.0000,-0.0000) (-0.0000,-0.0000)
   2  1.0  -1.0   (-0.0052,-0.0165) ( 0.0561, 0.0094) (-0.0112,-0.0278) ( 0.3100, 0.2194)
   2  1.0   0.0   ( 0.2016, 0.0306) (-0.2442,-0.2357) (-0.3511, 0.2296) ( 0.0102, 0.0299)
   2  1.0   1.0   ( 0.0081,-0.0193) ( 0.0119,-0.0173) (-0.0547,-0.0017) ( 0.0026,-0.3807)
   3  1.0  -1.0   ( 0.0010,-0.0003) ( 0.0264,-0.0053) ( 0.0221,-0.0158) (-0.2224, 0.3126)
   3  1.0   0.0   ( 0.0222,-0.0068) ( 0.2984,-0.2938) ( 0.1857, 0.2832) ( 0.0129, 0.0375)
   3  1.0   1.0   ( 0.0026,-0.0033) (-0.0241,-0.0084) (-0.0244,-0.0127) (-0.3837,-0.0028)
   4  1.0  -1.0   (-0.0702, 0.1196) (-0.5106, 0.1627) ( 0.0087, 0.0532) ( 0.0327, 0.0257)
   4  1.0   0.0   ( 0.0202, 0.0021) ( 0.0075,-0.0500) (-0.0131, 0.0484) ( 0.0022, 0.0064)
   4  1.0   1.0   ( 0.0366, 0.1479) ( 0.0197,-0.0557) ( 0.4676, 0.2622) (-0.0011,-0.0313)
   5  1.0  -1.0   (-0.0908,-0.3824) (-0.0117, 0.0443) (-0.3862,-0.2131) ( 0.0471,-0.0217)
   5  1.0   0.0   (-0.0735,-0.0161) ( 0.0795,-0.0142) ( 0.0762, 0.0134) ( 0.0006, 0.0019)
   5  1.0   1.0   ( 0.1762,-0.3105) ( 0.4213,-0.1312) (-0.0111,-0.0450) ( 0.0386,-0.0309)
   6  1.0  -1.0   ( 0.0196,-0.0406) (-0.0076,-0.0151) (-0.0460,-0.0084) (-0.2292,-0.2226)
   6  1.0   0.0   ( 0.5247, 0.0751) (-0.1582,-0.2350) (-0.2619, 0.2285) ( 0.0102, 0.0299)
   6  1.0   1.0   (-0.0077,-0.0300) ( 0.0480, 0.0024) ( 0.0068,-0.0256) ( 0.0461, 0.3153)
   7  1.0  -1.0   ( 0.0298, 0.0500) ( 0.0241,-0.0151) ( 0.0626, 0.0516) ( 0.2191,-0.2278)
   7  1.0   0.0   (-0.0127,-0.0275) ( 0.2693,-0.2129) ( 0.1894, 0.2051) ( 0.0094, 0.0272)
   7  1.0   1.0   (-0.0492, 0.0348) (-0.0703, 0.0367) (-0.0176, 0.0019) ( 0.3143,-0.0439)

     Energy (au)       0.00664751        0.00664751        0.00664751        0.00692145
  SFS  S     Ms          17                18                19                20
   1  1.0  -1.0   ( 0.0238, 0.0152) (-0.1382,-0.2293) ( 0.2366, 0.2489) (-0.0000, 0.0000)
   1  1.0   0.0   (-0.2382, 0.3640) (-0.0042, 0.0193) ( 0.0263,-0.0089) ( 0.0000,-0.0000)
   1  1.0   1.0   ( 0.0014, 0.0190) (-0.3416,-0.0407) (-0.2666, 0.0250) (-0.0000, 0.0000)
   2  1.0  -1.0   (-0.2963, 0.1642) ( 0.0124,-0.0018) (-0.0031, 0.0265) ( 0.2694,-0.0511)
   2  1.0   0.0   (-0.0277, 0.0118) (-0.0407,-0.0456) (-0.4429,-0.1637) ( 0.0130, 0.0342)
   2  1.0   1.0   ( 0.0322,-0.3351) (-0.0081, 0.0185) (-0.0122, 0.0416) ( 0.2230,-0.0442)
   3  1.0  -1.0   ( 0.1627, 0.2957) ( 0.0363,-0.0050) (-0.0234, 0.0042) ( 0.0851,-0.0184)
   3  1.0   0.0   ( 0.0154,-0.0159) (-0.2576, 0.3960) ( 0.0079,-0.0593) ( 0.0143, 0.0376)
   3  1.0   1.0   ( 0.3364, 0.0330) ( 0.0104, 0.0326) (-0.0128, 0.0138) ( 0.1725,-0.0315)
   4  1.0  -1.0   ( 0.0063, 0.0174) (-0.2492, 0.1524) ( 0.2730,-0.2592) ( 0.0325,-0.0064)
   4  1.0   0.0   (-0.0010,-0.0005) (-0.0290, 0.0349) (-0.0388,-0.0205) (-0.1454,-0.3821)
   4  1.0   1.0   ( 0.0150,-0.0251) ( 0.0454,-0.3734) (-0.0300,-0.2902) ( 0.0369,-0.0071)
   5  1.0  -1.0   ( 0.0507, 0.0265) ( 0.0412,-0.3177) (-0.0257,-0.2520) (-0.0425,-0.1005)
   5  1.0   0.0   (-0.0064, 0.0043) ( 0.0364,-0.0712) (-0.0636,-0.0133) ( 0.0052, 0.3184)
   5  1.0   1.0   ( 0.0645, 0.0304) (-0.2103, 0.1300) ( 0.2310,-0.2247) ( 0.0188, 0.1142)
   6  1.0  -1.0   (-0.2313, 0.1826) (-0.0017,-0.0314) ( 0.0155,-0.0336) ( 0.2414, 0.0220)
   6  1.0   0.0   ( 0.0215,-0.0077) ( 0.0731,-0.0195) ( 0.3792, 0.1494) ( 0.0007, 0.0430)
   6  1.0   1.0   ( 0.0774,-0.2858) (-0.0301, 0.0041) ( 0.0163,-0.0185) ( 0.1622,-0.2552)
   7  1.0  -1.0   ( 0.1773, 0.2305) ( 0.0029, 0.0755) ( 0.0054, 0.0351) (-0.0462,-0.4520)
   7  1.0   0.0   (-0.0163, 0.0149) ( 0.2144,-0.3420) (-0.0575, 0.0317) (-0.0011,-0.0687)
   7  1.0   1.0   ( 0.2779, 0.0714) ( 0.0590,-0.0295) (-0.0614, 0.0331) ( 0.1886, 0.3697)

     Energy (au)       0.00692145
  SFS  S     Ms          21
   1  1.0  -1.0   (-0.0000,-0.0000)
   1  1.0   0.0   (-0.0000,-0.0000)
   1  1.0   1.0   (-0.0000, 0.0000)
   2  1.0  -1.0   ( 0.1727,-0.0820)
   2  1.0   0.0   (-0.0009,-0.0208)
   2  1.0   1.0   ( 0.1053, 0.2212)
   3  1.0  -1.0   ( 0.0092, 0.3223)
   3  1.0   0.0   (-0.0010,-0.0229)
   3  1.0   1.0   ( 0.1362,-0.2495)
   4  1.0  -1.0   ( 0.0164, 0.0244)
   4  1.0   0.0   ( 0.0101, 0.2325)
   4  1.0   1.0   ( 0.0228,-0.0048)
   5  1.0  -1.0   ( 0.0387, 0.0044)
   5  1.0   0.0   (-0.1673, 0.5340)
   5  1.0   1.0   ( 0.0051, 0.0014)
   6  1.0  -1.0   (-0.3944,-0.0512)
   6  1.0   0.0   (-0.0226, 0.0721)
   6  1.0   1.0   (-0.3511,-0.0473)
   7  1.0  -1.0   (-0.0673,-0.0116)
   7  1.0   0.0   ( 0.0361,-0.1152)
   7  1.0   1.0   (-0.1957,-0.0231)


      ****************************************************************************************************
      *                                                                                                  *
      *                                    Special properties section                                    *
      *                                                                                                  *
      ****************************************************************************************************


++ Length and velocity gauge comparison (SO states):

 --------------------------------------------------
 A comparison between the dipole oscillator strengths in 
 length and velocity gauge will be performed

     All dipole oscillator differences above the tolerance of   1.00000000E-01  will be printed 

 Due to basis set deficiency these oscillator may be problematic 

 The tolerance is defined as ABS(1-O_l/O_v) 
 O_l : dipole oscillator strength in length gauge
 O_p : dipole oscillator strength in velocity gauge
 --------------------------------------------------

 No problematic oscillator strengths above the tolerance   0.10000000000000001       have been found

--

 Electric-dipole - electric-octupole not included
++ I/O STATISTICS
 
  I. General I/O information
  - - - - - - - - - - - - - - - - - - - - - - - - - - - - - - - - - - - - - - - - - - -
  Unit  Name          Flsize      Write/Read            MBytes           Write/Read
                      (MBytes)       Calls              In/Out           Time, sec.
  - - - - - - - - - - - - - - - - - - - - - - - - - - - - - - - - - - - - - - - - - - -
   1  RUNFILE           0.38 .     427/   12896 .      3.0/     93.5 .       0/       0
   2  ANNI              0.00 .       0/       0 .      0.0/      0.0 .       0/       0
   3  ONEINT            1.82 .       0/    3317 .      0.0/   2269.6 .       0/       0
   4  JOBIPH            1.57 .       0/      84 .      0.0/      1.3 .       0/       0
   5  ORDINT            6.03 .       1/      49 .      0.0/     12.0 .       0/       0
  - - - - - - - - - - - - - - - - - - - - - - - - - - - - - - - - - - - - - - - - - - -
   *  TOTAL             9.80 .     428/   16346 .      3.0/   2376.4 .       0/       0
  - - - - - - - - - - - - - - - - - - - - - - - - - - - - - - - - - - - - - - - - - - -
 
  II. I/O Access Patterns
  - - - - - - - - - - - - - - - - - - - -
  Unit  Name               % of random
                         Write/Read calls
  - - - - - - - - - - - - - - - - - - - -
   1  RUNFILE             28.6/  10.9
   2  ANNI                 0.0/   0.0
   3  ONEINT               0.0/  73.4
   4  JOBIPH               0.0/  78.6
   5  ORDINT             100.0/   4.1
  - - - - - - - - - - - - - - - - - - - -
--
--- Stop Module: rassi at Wed Sep  2 15:03:07 2026 /rc=_RC_ALL_IS_WELL_ ---
--- Module rassi spent 1 second ---

.##################.
.# Happy landing! #.
.##################.

    Timing: Wall=23.78 User=10.83 System=11.34
